car_model,dongle_id,route_id,clip_id,n_files
ACURA_ADX,driver_363,route_009,0,15
ACURA_ADX,driver_363,route_009,1,15
ACURA_ADX,driver_363,route_009,2,15
ACURA_ADX,driver_363,route_009,3,15
ACURA_ADX,driver_363,route_009,4,15
ACURA_ADX,driver_363,route_009,5,15
ACURA_ADX,driver_363,route_009,6,15
ACURA_ADX,driver_363,route_009,7,15
ACURA_ADX,driver_363,route_009,8,15
ACURA_ADX,driver_363,route_009,9,15
ACURA_ADX,driver_363,route_009,10,15
ACURA_ADX,driver_363,route_009,11,15
ACURA_ADX,driver_363,route_009,12,15
ACURA_ADX,driver_363,route_009,13,15
ACURA_ADX,driver_363,route_009,14,15
ACURA_ADX,driver_363,route_009,15,15
ACURA_ADX,driver_363,route_009,16,15
ACURA_INTEGRA,driver_085,route_001,0,15
ACURA_INTEGRA,driver_085,route_001,1,15
ACURA_INTEGRA,driver_085,route_001,2,15
ACURA_INTEGRA,driver_085,route_002,0,15
ACURA_INTEGRA,driver_085,route_002,1,15
ACURA_INTEGRA,driver_085,route_002,2,15
ACURA_INTEGRA,driver_085,route_002,3,15
ACURA_INTEGRA,driver_085,route_002,4,15
ACURA_INTEGRA,driver_085,route_003,0,15
ACURA_INTEGRA,driver_085,route_003,1,15
ACURA_INTEGRA,driver_085,route_004,0,15
ACURA_INTEGRA,driver_085,route_004,1,15
ACURA_INTEGRA,driver_085,route_004,2,15
ACURA_INTEGRA,driver_085,route_004,3,15
ACURA_INTEGRA,driver_085,route_004,4,15
ACURA_INTEGRA,driver_085,route_005,0,15
ACURA_INTEGRA,driver_085,route_005,1,15
ACURA_INTEGRA,driver_085,route_005,2,15
ACURA_INTEGRA,driver_085,route_006,0,15
ACURA_INTEGRA,driver_085,route_006,1,15
ACURA_INTEGRA,driver_085,route_006,2,15
ACURA_INTEGRA,driver_085,route_006,3,15
ACURA_INTEGRA,driver_085,route_007,0,15
ACURA_INTEGRA,driver_085,route_007,1,15
ACURA_INTEGRA,driver_085,route_007,2,15
ACURA_INTEGRA,driver_085,route_007,3,15
ACURA_INTEGRA,driver_085,route_007,4,15
ACURA_INTEGRA,driver_085,route_008,0,15
ACURA_INTEGRA,driver_085,route_008,1,15
ACURA_MDX_3G_MMR,driver_233,route_001,0,10
ACURA_MDX_3G_MMR,driver_233,route_001,1,10
ACURA_MDX_3G_MMR,driver_233,route_002,0,10
ACURA_MDX_3G_MMR,driver_233,route_002,1,10
ACURA_MDX_3G_MMR,driver_233,route_002,2,10
ACURA_MDX_3G_MMR,driver_233,route_002,3,10
ACURA_MDX_3G_MMR,driver_233,route_002,4,10
ACURA_MDX_3G_MMR,driver_233,route_002,5,10
ACURA_MDX_3G_MMR,driver_233,route_003,0,10
ACURA_MDX_3G_MMR,driver_233,route_003,1,10
ACURA_MDX_3G_MMR,driver_233,route_003,2,10
ACURA_MDX_3G_MMR,driver_233,route_003,3,10
ACURA_MDX_3G_MMR,driver_233,route_003,4,10
ACURA_MDX_3G_MMR,driver_233,route_004,0,10
ACURA_MDX_3G_MMR,driver_233,route_004,1,10
ACURA_MDX_3G_MMR,driver_233,route_004,2,10
ACURA_MDX_3G_MMR,driver_233,route_004,3,10
ACURA_MDX_3G_MMR,driver_233,route_004,4,10
ACURA_MDX_3G_MMR,driver_233,route_004,5,10
ACURA_MDX_3G_MMR,driver_233,route_004,6,10
ACURA_MDX_3G_MMR,driver_233,route_004,7,10
ACURA_MDX_3G_MMR,driver_233,route_004,8,10
ACURA_MDX_3G_MMR,driver_233,route_004,9,10
ACURA_MDX_3G_MMR,driver_233,route_004,10,10
ACURA_MDX_3G_MMR,driver_233,route_004,11,10
ACURA_MDX_3G_MMR,driver_233,route_004,12,10
ACURA_MDX_3G_MMR,driver_233,route_004,13,10
ACURA_MDX_3G_MMR,driver_233,route_005,0,10
ACURA_MDX_3G_MMR,driver_233,route_005,1,10
ACURA_MDX_3G_MMR,driver_233,route_005,2,10
ACURA_MDX_3G_MMR,driver_233,route_005,3,10
ACURA_MDX_3G_MMR,driver_233,route_005,4,10
ACURA_MDX_3G_MMR,driver_233,route_005,5,10
ACURA_MDX_3G_MMR,driver_233,route_005,6,10
ACURA_MDX_3G_MMR,driver_233,route_005,7,10
ACURA_MDX_3G_MMR,driver_233,route_005,8,10
ACURA_MDX_3G_MMR,driver_233,route_005,9,10
ACURA_MDX_3G_MMR,driver_233,route_005,10,10
ACURA_MDX_3G_MMR,driver_233,route_005,11,10
ACURA_MDX_3G_MMR,driver_233,route_005,12,10
ACURA_MDX_3G_MMR,driver_233,route_006,0,10
ACURA_MDX_3G_MMR,driver_233,route_007,0,10
ACURA_MDX_3G_MMR,driver_233,route_007,1,10
ACURA_MDX_3G_MMR,driver_233,route_007,2,10
ACURA_MDX_3G_MMR,driver_233,route_007,3,10
ACURA_MDX_3G_MMR,driver_233,route_008,0,10
ACURA_MDX_3G_MMR,driver_233,route_008,1,10
ACURA_MDX_3G_MMR,driver_233,route_008,2,10
ACURA_MDX_3G_MMR,driver_233,route_008,3,10
ACURA_MDX_3G_MMR,driver_233,route_008,4,10
ACURA_MDX_3G_MMR,driver_233,route_008,5,10
ACURA_MDX_3G_MMR,driver_233,route_008,6,10
ACURA_MDX_3G_MMR,driver_233,route_008,7,10
ACURA_MDX_3G_MMR,driver_233,route_009,0,10
ACURA_MDX_3G_MMR,driver_233,route_009,1,10
ACURA_MDX_3G_MMR,driver_233,route_009,2,10
ACURA_MDX_3G_MMR,driver_233,route_009,3,10
ACURA_MDX_3G_MMR,driver_233,route_010,0,10
ACURA_MDX_3G_MMR,driver_233,route_010,1,10
ACURA_MDX_3G_MMR,driver_233,route_011,0,10
ACURA_MDX_3G_MMR,driver_233,route_011,1,10
ACURA_MDX_3G_MMR,driver_233,route_011,2,10
ACURA_MDX_3G_MMR,driver_233,route_011,3,10
ACURA_MDX_3G_MMR,driver_233,route_011,4,10
ACURA_MDX_3G_MMR,driver_233,route_012,0,10
ACURA_MDX_3G_MMR,driver_233,route_012,1,10
ACURA_MDX_3G_MMR,driver_233,route_012,2,10
ACURA_MDX_3G_MMR,driver_233,route_012,3,10
ACURA_MDX_3G_MMR,driver_233,route_012,4,10
ACURA_MDX_3G_MMR,driver_233,route_012,5,10
ACURA_MDX_3G_MMR,driver_233,route_012,6,10
ACURA_MDX_3G_MMR,driver_233,route_012,7,10
ACURA_MDX_3G_MMR,driver_233,route_012,8,10
ACURA_MDX_3G_MMR,driver_233,route_012,9,10
ACURA_MDX_3G_MMR,driver_233,route_012,10,10
ACURA_MDX_3G_MMR,driver_233,route_013,0,10
ACURA_MDX_3G_MMR,driver_233,route_013,1,10
ACURA_MDX_3G_MMR,driver_233,route_013,2,10
ACURA_MDX_3G_MMR,driver_233,route_013,3,10
ACURA_MDX_3G_MMR,driver_233,route_013,4,10
ACURA_MDX_3G_MMR,driver_233,route_014,0,10
ACURA_MDX_3G_MMR,driver_233,route_014,1,10
ACURA_MDX_3G_MMR,driver_233,route_014,2,10
ACURA_MDX_3G_MMR,driver_233,route_014,3,10
ACURA_MDX_3G_MMR,driver_233,route_014,4,10
ACURA_MDX_3G_MMR,driver_233,route_014,5,10
ACURA_MDX_3G_MMR,driver_233,route_014,6,10
ACURA_MDX_3G_MMR,driver_233,route_014,7,10
ACURA_MDX_3G_MMR,driver_233,route_014,8,10
ACURA_MDX_3G_MMR,driver_233,route_014,9,10
ACURA_MDX_3G_MMR,driver_233,route_014,10,10
ACURA_MDX_3G_MMR,driver_233,route_014,11,10
ACURA_MDX_3G_MMR,driver_233,route_014,12,10
ACURA_MDX_3G_MMR,driver_233,route_014,13,10
ACURA_MDX_3G_MMR,driver_233,route_014,14,10
ACURA_MDX_3G_MMR,driver_233,route_014,15,10
ACURA_MDX_3G_MMR,driver_233,route_014,16,10
ACURA_MDX_3G_MMR,driver_233,route_014,17,10
ACURA_MDX_3G_MMR,driver_233,route_014,18,10
ACURA_MDX_3G_MMR,driver_233,route_015,0,10
ACURA_MDX_3G_MMR,driver_233,route_015,1,10
ACURA_MDX_3G_MMR,driver_233,route_015,2,10
ACURA_MDX_3G_MMR,driver_233,route_015,3,10
ACURA_MDX_3G_MMR,driver_233,route_015,4,10
ACURA_MDX_3G_MMR,driver_233,route_015,5,10
ACURA_MDX_3G_MMR,driver_233,route_015,6,10
ACURA_MDX_3G_MMR,driver_233,route_015,7,10
ACURA_MDX_3G_MMR,driver_233,route_015,8,10
ACURA_MDX_3G_MMR,driver_233,route_015,9,10
ACURA_MDX_3G_MMR,driver_233,route_015,10,10
ACURA_MDX_3G_MMR,driver_233,route_015,11,10
ACURA_MDX_3G_MMR,driver_233,route_015,12,10
ACURA_MDX_3G_MMR,driver_233,route_015,13,10
ACURA_MDX_3G_MMR,driver_233,route_016,0,10
ACURA_MDX_3G_MMR,driver_233,route_016,1,10
ACURA_MDX_3G_MMR,driver_233,route_017,0,10
ACURA_MDX_3G_MMR,driver_233,route_017,1,10
ACURA_MDX_3G_MMR,driver_233,route_017,2,10
ACURA_MDX_3G_MMR,driver_233,route_017,3,10
ACURA_MDX_3G_MMR,driver_233,route_017,4,10
ACURA_MDX_3G_MMR,driver_233,route_017,5,10
ACURA_MDX_3G_MMR,driver_233,route_017,6,10
ACURA_MDX_3G_MMR,driver_233,route_017,7,10
ACURA_MDX_3G_MMR,driver_233,route_017,8,10
ACURA_MDX_3G_MMR,driver_233,route_018,0,10
ACURA_MDX_3G_MMR,driver_233,route_018,1,10
ACURA_MDX_3G_MMR,driver_233,route_018,2,10
ACURA_MDX_3G_MMR,driver_233,route_018,3,10
ACURA_MDX_3G_MMR,driver_233,route_018,4,10
ACURA_MDX_3G_MMR,driver_233,route_018,5,10
ACURA_MDX_3G_MMR,driver_233,route_018,6,10
ACURA_MDX_3G_MMR,driver_233,route_018,7,10
ACURA_MDX_3G_MMR,driver_233,route_018,8,10
ACURA_MDX_3G_MMR,driver_233,route_018,9,10
ACURA_MDX_3G_MMR,driver_233,route_018,10,10
ACURA_MDX_3G_MMR,driver_233,route_018,11,10
ACURA_MDX_3G_MMR,driver_233,route_018,12,10
ACURA_MDX_3G_MMR,driver_233,route_019,0,10
ACURA_MDX_3G_MMR,driver_233,route_019,1,10
ACURA_MDX_3G_MMR,driver_233,route_019,2,10
ACURA_MDX_3G_MMR,driver_233,route_019,3,10
ACURA_MDX_3G_MMR,driver_233,route_019,4,10
ACURA_MDX_3G_MMR,driver_233,route_019,5,10
ACURA_MDX_3G_MMR,driver_233,route_019,6,10
ACURA_MDX_3G_MMR,driver_233,route_020,0,10
ACURA_MDX_3G_MMR,driver_233,route_021,0,10
ACURA_MDX_3G_MMR,driver_233,route_021,1,10
ACURA_MDX_3G_MMR,driver_233,route_021,2,10
ACURA_MDX_3G_MMR,driver_233,route_022,0,10
ACURA_MDX_3G_MMR,driver_233,route_022,1,10
ACURA_MDX_3G_MMR,driver_233,route_023,0,10
ACURA_MDX_3G_MMR,driver_233,route_023,1,10
ACURA_MDX_3G_MMR,driver_233,route_023,2,10
ACURA_MDX_3G_MMR,driver_233,route_023,3,10
ACURA_MDX_3G_MMR,driver_233,route_023,4,10
ACURA_MDX_3G_MMR,driver_233,route_023,5,10
ACURA_MDX_3G_MMR,driver_233,route_024,0,10
ACURA_MDX_3G_MMR,driver_233,route_024,1,10
ACURA_MDX_3G_MMR,driver_233,route_024,2,10
ACURA_MDX_3G_MMR,driver_233,route_025,0,10
ACURA_MDX_3G_MMR,driver_233,route_025,1,10
ACURA_MDX_3G_MMR,driver_233,route_026,0,10
ACURA_MDX_3G_MMR,driver_233,route_026,1,10
ACURA_MDX_3G_MMR,driver_233,route_026,2,10
ACURA_MDX_3G_MMR,driver_233,route_026,3,10
ACURA_MDX_3G_MMR,driver_233,route_026,4,10
ACURA_MDX_3G_MMR,driver_233,route_026,5,10
ACURA_MDX_3G_MMR,driver_233,route_026,6,10
ACURA_MDX_3G_MMR,driver_233,route_026,7,10
ACURA_MDX_3G_MMR,driver_233,route_026,8,10
ACURA_MDX_3G_MMR,driver_233,route_026,9,10
ACURA_MDX_3G_MMR,driver_233,route_026,10,10
ACURA_MDX_3G_MMR,driver_233,route_026,11,10
ACURA_MDX_3G_MMR,driver_233,route_026,12,10
ACURA_MDX_3G_MMR,driver_233,route_026,13,10
ACURA_MDX_3G_MMR,driver_233,route_026,14,10
ACURA_MDX_3G_MMR,driver_233,route_026,15,10
ACURA_MDX_3G_MMR,driver_233,route_027,0,10
ACURA_MDX_3G_MMR,driver_233,route_027,1,10
ACURA_MDX_3G_MMR,driver_233,route_027,2,10
ACURA_MDX_3G_MMR,driver_233,route_027,3,10
ACURA_MDX_3G_MMR,driver_233,route_027,4,10
ACURA_MDX_3G_MMR,driver_233,route_027,5,10
ACURA_MDX_3G_MMR,driver_233,route_027,6,10
ACURA_MDX_3G_MMR,driver_233,route_028,0,10
ACURA_MDX_3G_MMR,driver_233,route_028,1,10
ACURA_MDX_3G_MMR,driver_233,route_028,2,10
ACURA_MDX_3G_MMR,driver_233,route_029,0,10
ACURA_MDX_3G_MMR,driver_233,route_029,1,10
ACURA_MDX_3G_MMR,driver_233,route_029,2,10
ACURA_MDX_3G_MMR,driver_233,route_029,3,10
ACURA_MDX_3G_MMR,driver_233,route_029,4,10
ACURA_MDX_3G_MMR,driver_233,route_030,0,10
ACURA_MDX_3G_MMR,driver_233,route_030,1,10
ACURA_MDX_3G_MMR,driver_233,route_030,2,10
ACURA_MDX_3G_MMR,driver_233,route_031,0,10
ACURA_MDX_3G_MMR,driver_233,route_031,1,10
ACURA_MDX_3G_MMR,driver_233,route_031,2,10
ACURA_MDX_3G_MMR,driver_233,route_031,3,10
ACURA_MDX_3G_MMR,driver_233,route_032,0,10
ACURA_MDX_3G_MMR,driver_233,route_032,1,10
ACURA_MDX_3G_MMR,driver_233,route_032,2,10
ACURA_MDX_3G_MMR,driver_233,route_032,3,10
ACURA_MDX_3G_MMR,driver_233,route_032,4,10
ACURA_MDX_3G_MMR,driver_233,route_033,0,10
ACURA_MDX_3G_MMR,driver_233,route_033,1,10
ACURA_MDX_3G_MMR,driver_233,route_033,2,10
ACURA_MDX_3G_MMR,driver_233,route_034,0,10
ACURA_MDX_3G_MMR,driver_233,route_034,1,10
ACURA_MDX_3G_MMR,driver_233,route_034,2,10
ACURA_MDX_3G_MMR,driver_233,route_034,3,10
ACURA_MDX_3G_MMR,driver_233,route_034,4,10
ACURA_MDX_3G_MMR,driver_233,route_034,5,10
ACURA_MDX_3G_MMR,driver_233,route_034,6,10
ACURA_MDX_3G_MMR,driver_233,route_034,7,10
ACURA_MDX_3G_MMR,driver_233,route_034,8,10
ACURA_MDX_3G_MMR,driver_233,route_034,9,10
ACURA_MDX_3G_MMR,driver_233,route_034,10,10
ACURA_MDX_3G_MMR,driver_233,route_035,0,10
ACURA_MDX_3G_MMR,driver_233,route_035,1,10
ACURA_MDX_3G_MMR,driver_233,route_035,2,10
ACURA_MDX_3G_MMR,driver_233,route_035,3,10
ACURA_MDX_3G_MMR,driver_233,route_035,4,10
ACURA_MDX_3G_MMR,driver_233,route_035,5,10
ACURA_MDX_3G_MMR,driver_233,route_036,0,10
ACURA_MDX_3G_MMR,driver_233,route_036,1,10
ACURA_MDX_3G_MMR,driver_233,route_036,2,10
ACURA_MDX_3G_MMR,driver_233,route_036,3,10
ACURA_MDX_3G_MMR,driver_233,route_036,4,10
ACURA_MDX_3G_MMR,driver_233,route_036,5,10
ACURA_MDX_3G_MMR,driver_233,route_036,6,10
ACURA_MDX_3G_MMR,driver_233,route_036,7,10
ACURA_MDX_3G_MMR,driver_233,route_036,8,10
ACURA_MDX_3G_MMR,driver_233,route_036,9,10
ACURA_MDX_3G_MMR,driver_233,route_036,10,10
ACURA_MDX_3G_MMR,driver_233,route_036,11,10
ACURA_MDX_3G_MMR,driver_233,route_036,12,10
ACURA_MDX_3G_MMR,driver_233,route_037,0,10
ACURA_MDX_3G_MMR,driver_233,route_037,1,10
ACURA_MDX_3G_MMR,driver_233,route_037,2,10
ACURA_MDX_3G_MMR,driver_233,route_037,3,10
ACURA_MDX_3G_MMR,driver_233,route_037,4,10
ACURA_MDX_3G_MMR,driver_233,route_037,5,10
ACURA_MDX_3G_MMR,driver_233,route_037,6,10
ACURA_MDX_3G_MMR,driver_233,route_037,7,10
ACURA_MDX_3G_MMR,driver_233,route_037,8,10
ACURA_MDX_3G_MMR,driver_233,route_037,9,10
ACURA_MDX_3G_MMR,driver_233,route_038,0,10
ACURA_MDX_3G_MMR,driver_233,route_038,1,10
ACURA_MDX_3G_MMR,driver_233,route_038,2,10
ACURA_MDX_3G_MMR,driver_233,route_038,3,10
ACURA_MDX_3G_MMR,driver_233,route_038,4,10
ACURA_MDX_3G_MMR,driver_233,route_038,5,10
ACURA_MDX_3G_MMR,driver_233,route_038,6,10
ACURA_MDX_3G_MMR,driver_233,route_038,7,10
ACURA_MDX_3G_MMR,driver_233,route_038,8,10
ACURA_MDX_3G_MMR,driver_233,route_038,9,10
ACURA_MDX_3G_MMR,driver_233,route_038,10,10
ACURA_MDX_3G_MMR,driver_233,route_038,11,10
ACURA_MDX_3G_MMR,driver_233,route_038,12,10
ACURA_MDX_3G_MMR,driver_233,route_038,13,10
ACURA_MDX_3G_MMR,driver_233,route_038,14,10
ACURA_MDX_3G_MMR,driver_233,route_038,15,10
ACURA_MDX_3G_MMR,driver_233,route_038,16,10
ACURA_MDX_3G_MMR,driver_233,route_038,17,10
ACURA_MDX_3G_MMR,driver_233,route_038,18,10
ACURA_MDX_3G_MMR,driver_233,route_038,19,10
ACURA_MDX_3G_MMR,driver_233,route_038,20,10
ACURA_MDX_3G_MMR,driver_233,route_038,21,10
ACURA_MDX_3G_MMR,driver_233,route_038,22,10
ACURA_MDX_3G_MMR,driver_233,route_039,0,10
ACURA_MDX_3G_MMR,driver_233,route_039,1,10
ACURA_MDX_3G_MMR,driver_233,route_039,2,10
ACURA_MDX_3G_MMR,driver_233,route_039,3,10
ACURA_MDX_3G_MMR,driver_233,route_039,4,10
ACURA_MDX_3G_MMR,driver_233,route_039,5,10
ACURA_MDX_3G_MMR,driver_233,route_039,6,10
ACURA_MDX_3G_MMR,driver_233,route_040,0,10
ACURA_MDX_3G_MMR,driver_233,route_040,1,10
ACURA_MDX_3G_MMR,driver_233,route_040,2,10
ACURA_MDX_3G_MMR,driver_233,route_040,3,10
ACURA_MDX_3G_MMR,driver_233,route_040,4,10
ACURA_MDX_3G_MMR,driver_233,route_041,0,10
ACURA_MDX_3G_MMR,driver_233,route_041,1,10
ACURA_MDX_3G_MMR,driver_233,route_041,2,10
ACURA_MDX_3G_MMR,driver_233,route_042,0,10
ACURA_MDX_3G_MMR,driver_233,route_042,1,10
ACURA_MDX_3G_MMR,driver_233,route_042,2,10
ACURA_MDX_3G_MMR,driver_233,route_042,3,10
ACURA_MDX_3G_MMR,driver_233,route_042,4,10
ACURA_MDX_3G_MMR,driver_233,route_042,5,10
ACURA_MDX_3G_MMR,driver_233,route_042,6,10
ACURA_MDX_3G_MMR,driver_233,route_042,7,10
ACURA_MDX_3G_MMR,driver_233,route_042,8,10
ACURA_MDX_3G_MMR,driver_233,route_043,0,10
ACURA_MDX_3G_MMR,driver_233,route_043,1,10
ACURA_MDX_3G_MMR,driver_233,route_043,2,10
ACURA_MDX_3G_MMR,driver_233,route_043,3,10
ACURA_MDX_3G_MMR,driver_233,route_044,0,10
ACURA_MDX_3G_MMR,driver_233,route_044,1,10
ACURA_MDX_3G_MMR,driver_233,route_044,2,10
ACURA_MDX_3G_MMR,driver_233,route_044,3,10
ACURA_MDX_3G_MMR,driver_233,route_044,4,10
ACURA_MDX_3G_MMR,driver_233,route_044,5,10
ACURA_MDX_3G_MMR,driver_233,route_044,6,10
ACURA_MDX_3G_MMR,driver_233,route_044,7,10
ACURA_MDX_3G_MMR,driver_233,route_044,8,10
ACURA_MDX_3G_MMR,driver_233,route_044,9,10
ACURA_MDX_3G_MMR,driver_233,route_044,10,10
ACURA_MDX_3G_MMR,driver_233,route_044,11,10
ACURA_MDX_3G_MMR,driver_233,route_044,12,10
ACURA_MDX_3G_MMR,driver_233,route_044,13,10
ACURA_MDX_3G_MMR,driver_233,route_045,0,10
ACURA_MDX_3G_MMR,driver_233,route_045,1,10
ACURA_MDX_3G_MMR,driver_233,route_045,2,10
ACURA_MDX_3G_MMR,driver_233,route_045,3,10
ACURA_MDX_3G_MMR,driver_233,route_045,4,10
ACURA_MDX_3G_MMR,driver_233,route_045,5,10
ACURA_MDX_3G_MMR,driver_233,route_045,6,10
ACURA_MDX_3G_MMR,driver_233,route_046,0,10
ACURA_MDX_3G_MMR,driver_233,route_046,1,10
ACURA_MDX_3G_MMR,driver_233,route_046,2,10
ACURA_MDX_3G_MMR,driver_233,route_046,3,10
ACURA_MDX_3G_MMR,driver_233,route_046,4,10
ACURA_MDX_3G_MMR,driver_233,route_046,5,10
ACURA_MDX_3G_MMR,driver_233,route_046,6,10
ACURA_MDX_3G_MMR,driver_233,route_047,0,10
ACURA_MDX_3G_MMR,driver_233,route_047,1,10
ACURA_MDX_3G_MMR,driver_233,route_047,2,10
ACURA_MDX_3G_MMR,driver_233,route_047,3,10
ACURA_MDX_3G_MMR,driver_233,route_047,4,10
ACURA_MDX_3G_MMR,driver_233,route_047,5,10
ACURA_MDX_3G_MMR,driver_233,route_047,6,10
ACURA_MDX_3G_MMR,driver_233,route_047,7,10
ACURA_MDX_3G_MMR,driver_233,route_047,8,10
ACURA_MDX_3G_MMR,driver_233,route_047,9,10
ACURA_MDX_3G_MMR,driver_233,route_047,10,10
ACURA_MDX_3G_MMR,driver_233,route_047,11,10
ACURA_MDX_3G_MMR,driver_233,route_047,12,10
ACURA_MDX_3G_MMR,driver_233,route_047,13,10
ACURA_MDX_3G_MMR,driver_233,route_047,14,10
ACURA_MDX_3G_MMR,driver_233,route_047,15,10
ACURA_MDX_3G_MMR,driver_233,route_047,16,10
ACURA_MDX_3G_MMR,driver_233,route_047,17,10
ACURA_MDX_3G_MMR,driver_233,route_047,18,10
ACURA_MDX_3G_MMR,driver_233,route_047,19,10
ACURA_MDX_3G_MMR,driver_233,route_047,20,10
ACURA_MDX_3G_MMR,driver_233,route_048,0,10
ACURA_MDX_3G_MMR,driver_233,route_048,1,10
ACURA_MDX_3G_MMR,driver_233,route_048,2,10
ACURA_MDX_3G_MMR,driver_233,route_048,3,10
ACURA_MDX_3G_MMR,driver_233,route_048,4,10
ACURA_MDX_3G_MMR,driver_233,route_048,5,10
ACURA_MDX_3G_MMR,driver_233,route_048,6,10
ACURA_MDX_3G_MMR,driver_233,route_048,7,10
ACURA_MDX_3G_MMR,driver_233,route_049,0,10
ACURA_MDX_3G_MMR,driver_233,route_049,1,10
ACURA_MDX_3G_MMR,driver_233,route_049,2,10
ACURA_MDX_3G_MMR,driver_233,route_049,3,10
ACURA_MDX_3G_MMR,driver_233,route_049,4,10
ACURA_MDX_3G_MMR,driver_233,route_049,5,10
ACURA_MDX_3G_MMR,driver_233,route_049,6,10
ACURA_MDX_3G_MMR,driver_233,route_049,7,10
ACURA_MDX_3G_MMR,driver_233,route_049,8,10
ACURA_MDX_3G_MMR,driver_233,route_050,0,10
ACURA_MDX_3G_MMR,driver_233,route_050,1,10
ACURA_MDX_3G_MMR,driver_233,route_050,2,10
ACURA_MDX_3G_MMR,driver_233,route_050,3,10
ACURA_MDX_3G_MMR,driver_233,route_050,4,10
ACURA_MDX_3G_MMR,driver_233,route_051,0,10
ACURA_MDX_3G_MMR,driver_233,route_051,1,10
ACURA_MDX_3G_MMR,driver_233,route_051,2,10
ACURA_MDX_3G_MMR,driver_233,route_051,3,10
ACURA_MDX_3G_MMR,driver_233,route_051,4,10
ACURA_MDX_3G_MMR,driver_233,route_052,0,10
ACURA_MDX_3G_MMR,driver_233,route_052,1,10
ACURA_MDX_3G_MMR,driver_233,route_052,2,10
ACURA_MDX_3G_MMR,driver_233,route_052,3,10
ACURA_MDX_3G_MMR,driver_233,route_052,4,10
ACURA_MDX_3G_MMR,driver_233,route_052,5,10
ACURA_MDX_3G_MMR,driver_233,route_052,6,10
ACURA_MDX_3G_MMR,driver_233,route_052,7,10
ACURA_MDX_3G_MMR,driver_233,route_052,8,10
ACURA_MDX_3G_MMR,driver_233,route_052,9,10
ACURA_MDX_3G_MMR,driver_233,route_052,10,10
ACURA_MDX_3G_MMR,driver_233,route_053,0,10
ACURA_MDX_3G_MMR,driver_233,route_053,1,10
ACURA_MDX_3G_MMR,driver_233,route_053,2,10
ACURA_MDX_3G_MMR,driver_233,route_054,0,10
ACURA_MDX_3G_MMR,driver_233,route_054,1,10
ACURA_MDX_3G_MMR,driver_233,route_055,0,10
ACURA_MDX_3G_MMR,driver_233,route_055,1,10
ACURA_MDX_3G_MMR,driver_233,route_055,2,10
ACURA_MDX_3G_MMR,driver_233,route_055,3,10
ACURA_MDX_3G_MMR,driver_233,route_055,4,10
ACURA_MDX_3G_MMR,driver_233,route_055,5,10
ACURA_MDX_3G_MMR,driver_233,route_055,6,10
ACURA_MDX_3G_MMR,driver_233,route_055,7,10
ACURA_MDX_3G_MMR,driver_233,route_055,8,10
ACURA_MDX_3G_MMR,driver_233,route_055,9,10
ACURA_MDX_3G_MMR,driver_233,route_055,10,10
ACURA_MDX_3G_MMR,driver_233,route_055,11,10
ACURA_MDX_3G_MMR,driver_233,route_056,0,10
ACURA_MDX_3G_MMR,driver_233,route_056,1,10
ACURA_MDX_3G_MMR,driver_233,route_056,2,10
ACURA_MDX_3G_MMR,driver_233,route_056,3,10
ACURA_MDX_3G_MMR,driver_233,route_056,4,10
ACURA_MDX_3G_MMR,driver_233,route_056,5,10
ACURA_MDX_3G_MMR,driver_233,route_056,6,10
ACURA_MDX_3G_MMR,driver_233,route_056,7,10
ACURA_MDX_3G_MMR,driver_233,route_057,0,10
ACURA_MDX_3G_MMR,driver_233,route_057,1,10
ACURA_MDX_3G_MMR,driver_233,route_057,2,10
ACURA_MDX_3G_MMR,driver_233,route_057,3,10
ACURA_MDX_3G_MMR,driver_233,route_057,4,10
ACURA_MDX_3G_MMR,driver_233,route_057,5,10
ACURA_MDX_3G_MMR,driver_233,route_057,6,10
ACURA_MDX_3G_MMR,driver_233,route_057,7,10
ACURA_MDX_3G_MMR,driver_233,route_058,0,10
ACURA_MDX_3G_MMR,driver_233,route_058,1,10
ACURA_MDX_3G_MMR,driver_233,route_058,2,10
ACURA_MDX_3G_MMR,driver_233,route_058,3,10
ACURA_MDX_3G_MMR,driver_233,route_058,4,10
ACURA_MDX_3G_MMR,driver_233,route_058,5,10
ACURA_MDX_3G_MMR,driver_233,route_058,6,10
ACURA_MDX_3G_MMR,driver_233,route_058,7,10
ACURA_MDX_3G_MMR,driver_233,route_058,8,10
ACURA_MDX_3G_MMR,driver_233,route_058,9,10
ACURA_MDX_3G_MMR,driver_233,route_059,0,10
ACURA_MDX_3G_MMR,driver_233,route_059,1,10
ACURA_MDX_3G_MMR,driver_233,route_059,2,10
ACURA_MDX_3G_MMR,driver_233,route_059,3,10
ACURA_MDX_3G_MMR,driver_233,route_059,4,10
ACURA_MDX_3G_MMR,driver_233,route_060,0,10
ACURA_MDX_3G_MMR,driver_233,route_060,1,10
ACURA_MDX_3G_MMR,driver_233,route_060,2,10
ACURA_MDX_3G_MMR,driver_233,route_060,3,10
ACURA_MDX_3G_MMR,driver_233,route_060,4,10
ACURA_MDX_3G_MMR,driver_233,route_061,0,10
ACURA_MDX_3G_MMR,driver_233,route_061,1,10
ACURA_MDX_3G_MMR,driver_233,route_062,0,10
ACURA_MDX_3G_MMR,driver_233,route_062,1,10
ACURA_MDX_3G_MMR,driver_233,route_062,2,10
ACURA_MDX_3G_MMR,driver_233,route_062,3,10
ACURA_MDX_3G_MMR,driver_233,route_062,4,10
ACURA_MDX_3G_MMR,driver_233,route_062,5,10
ACURA_MDX_3G_MMR,driver_233,route_062,6,10
ACURA_MDX_3G_MMR,driver_233,route_062,7,10
ACURA_MDX_3G_MMR,driver_233,route_062,8,10
ACURA_MDX_3G_MMR,driver_233,route_062,9,10
ACURA_MDX_3G_MMR,driver_233,route_062,10,10
ACURA_MDX_3G_MMR,driver_233,route_063,0,10
ACURA_MDX_3G_MMR,driver_233,route_063,1,10
ACURA_MDX_3G_MMR,driver_233,route_063,2,10
ACURA_MDX_3G_MMR,driver_233,route_063,3,10
ACURA_MDX_3G_MMR,driver_233,route_064,0,10
ACURA_MDX_3G_MMR,driver_233,route_064,1,10
ACURA_MDX_3G_MMR,driver_233,route_064,2,10
ACURA_MDX_3G_MMR,driver_233,route_064,3,10
ACURA_MDX_3G_MMR,driver_233,route_065,0,10
ACURA_MDX_3G_MMR,driver_233,route_065,1,10
ACURA_MDX_3G_MMR,driver_233,route_065,2,10
ACURA_MDX_3G_MMR,driver_233,route_065,3,10
ACURA_MDX_3G_MMR,driver_233,route_065,4,10
ACURA_MDX_3G_MMR,driver_233,route_065,5,10
ACURA_MDX_3G_MMR,driver_233,route_065,6,10
ACURA_MDX_3G_MMR,driver_233,route_065,7,10
ACURA_MDX_3G_MMR,driver_233,route_065,8,10
ACURA_MDX_3G_MMR,driver_233,route_066,0,10
ACURA_MDX_3G_MMR,driver_233,route_066,1,10
ACURA_MDX_3G_MMR,driver_233,route_066,2,10
ACURA_MDX_3G_MMR,driver_233,route_066,3,10
ACURA_MDX_3G_MMR,driver_233,route_066,4,10
ACURA_MDX_3G_MMR,driver_233,route_067,0,10
ACURA_MDX_3G_MMR,driver_233,route_068,0,10
ACURA_MDX_3G_MMR,driver_233,route_068,1,10
ACURA_MDX_3G_MMR,driver_233,route_068,2,10
ACURA_MDX_3G_MMR,driver_233,route_068,3,10
ACURA_MDX_3G_MMR,driver_233,route_068,4,10
ACURA_MDX_3G_MMR,driver_233,route_069,0,10
ACURA_MDX_3G_MMR,driver_233,route_069,1,10
ACURA_MDX_3G_MMR,driver_233,route_069,2,10
ACURA_MDX_3G_MMR,driver_233,route_069,3,10
ACURA_MDX_3G_MMR,driver_233,route_069,4,10
ACURA_MDX_3G_MMR,driver_233,route_069,5,10
ACURA_MDX_3G_MMR,driver_233,route_069,6,10
ACURA_MDX_3G_MMR,driver_233,route_069,7,10
ACURA_MDX_3G_MMR,driver_233,route_069,8,10
ACURA_MDX_3G_MMR,driver_233,route_069,9,10
ACURA_MDX_3G_MMR,driver_233,route_069,10,10
ACURA_MDX_3G_MMR,driver_233,route_069,11,10
ACURA_MDX_3G_MMR,driver_233,route_070,0,10
ACURA_MDX_3G_MMR,driver_233,route_070,1,10
ACURA_MDX_3G_MMR,driver_233,route_070,2,10
ACURA_MDX_3G_MMR,driver_233,route_070,3,10
ACURA_MDX_3G_MMR,driver_233,route_071,0,10
ACURA_MDX_3G_MMR,driver_233,route_071,1,10
ACURA_MDX_3G_MMR,driver_233,route_071,2,10
ACURA_MDX_3G_MMR,driver_233,route_071,3,10
ACURA_MDX_3G_MMR,driver_233,route_071,4,10
ACURA_MDX_3G_MMR,driver_233,route_071,5,10
ACURA_MDX_3G_MMR,driver_233,route_071,6,10
ACURA_MDX_3G_MMR,driver_233,route_071,7,10
ACURA_MDX_3G_MMR,driver_233,route_071,8,10
ACURA_MDX_3G_MMR,driver_233,route_072,0,10
ACURA_MDX_3G_MMR,driver_233,route_073,0,10
ACURA_MDX_3G_MMR,driver_233,route_073,1,10
ACURA_MDX_3G_MMR,driver_233,route_073,2,10
ACURA_MDX_3G_MMR,driver_233,route_073,3,10
ACURA_MDX_3G_MMR,driver_233,route_073,4,10
ACURA_MDX_3G_MMR,driver_233,route_073,5,10
ACURA_MDX_3G_MMR,driver_233,route_074,0,10
ACURA_MDX_3G_MMR,driver_233,route_074,1,10
ACURA_MDX_3G_MMR,driver_233,route_074,2,10
ACURA_MDX_3G_MMR,driver_233,route_074,3,10
ACURA_MDX_3G_MMR,driver_233,route_074,4,10
ACURA_MDX_3G_MMR,driver_233,route_075,0,10
ACURA_MDX_3G_MMR,driver_233,route_075,1,10
ACURA_MDX_3G_MMR,driver_233,route_075,2,10
ACURA_MDX_3G_MMR,driver_233,route_075,3,10
ACURA_MDX_3G_MMR,driver_233,route_075,4,10
ACURA_MDX_3G_MMR,driver_233,route_075,5,10
ACURA_MDX_3G_MMR,driver_233,route_075,6,10
ACURA_MDX_3G_MMR,driver_233,route_075,7,10
ACURA_MDX_3G_MMR,driver_233,route_076,0,10
ACURA_MDX_3G_MMR,driver_233,route_076,1,10
ACURA_MDX_3G_MMR,driver_233,route_076,2,10
ACURA_MDX_3G_MMR,driver_233,route_076,3,10
ACURA_MDX_3G_MMR,driver_233,route_076,4,10
ACURA_MDX_3G_MMR,driver_233,route_077,0,10
ACURA_MDX_3G_MMR,driver_233,route_078,0,10
ACURA_MDX_3G_MMR,driver_233,route_078,1,10
ACURA_MDX_3G_MMR,driver_233,route_079,0,10
ACURA_MDX_3G_MMR,driver_233,route_080,0,10
ACURA_MDX_3G_MMR,driver_233,route_080,1,10
ACURA_MDX_3G_MMR,driver_233,route_080,2,10
ACURA_MDX_3G_MMR,driver_233,route_080,3,10
ACURA_MDX_3G_MMR,driver_233,route_081,0,10
ACURA_MDX_3G_MMR,driver_233,route_081,1,10
ACURA_MDX_3G_MMR,driver_233,route_081,2,10
ACURA_MDX_3G_MMR,driver_233,route_081,3,10
ACURA_MDX_3G_MMR,driver_233,route_082,0,10
ACURA_MDX_3G_MMR,driver_233,route_082,1,10
ACURA_MDX_3G_MMR,driver_233,route_082,2,10
ACURA_MDX_3G_MMR,driver_233,route_082,3,10
ACURA_MDX_3G_MMR,driver_233,route_083,0,10
ACURA_MDX_3G_MMR,driver_233,route_083,1,10
ACURA_MDX_3G_MMR,driver_233,route_083,2,10
ACURA_MDX_3G_MMR,driver_233,route_083,3,10
ACURA_MDX_3G_MMR,driver_233,route_084,0,10
ACURA_MDX_3G_MMR,driver_233,route_084,1,10
ACURA_MDX_3G_MMR,driver_233,route_084,2,10
ACURA_MDX_3G_MMR,driver_233,route_085,0,10
ACURA_MDX_3G_MMR,driver_233,route_085,1,10
ACURA_MDX_3G_MMR,driver_233,route_085,2,10
ACURA_MDX_3G_MMR,driver_233,route_085,3,10
ACURA_MDX_3G_MMR,driver_233,route_085,4,10
ACURA_MDX_3G_MMR,driver_233,route_085,5,10
ACURA_MDX_3G_MMR,driver_233,route_085,6,10
ACURA_MDX_3G_MMR,driver_233,route_085,7,10
ACURA_MDX_3G_MMR,driver_233,route_085,8,10
ACURA_MDX_3G_MMR,driver_233,route_086,0,10
ACURA_MDX_3G_MMR,driver_233,route_086,1,10
ACURA_MDX_3G_MMR,driver_233,route_086,2,10
ACURA_MDX_3G_MMR,driver_233,route_086,3,10
ACURA_MDX_3G_MMR,driver_233,route_086,4,10
ACURA_MDX_3G_MMR,driver_233,route_086,5,10
ACURA_MDX_3G_MMR,driver_233,route_086,6,10
ACURA_MDX_3G_MMR,driver_233,route_086,7,10
ACURA_MDX_3G_MMR,driver_233,route_086,8,10
ACURA_MDX_3G_MMR,driver_233,route_086,9,10
ACURA_MDX_3G_MMR,driver_233,route_086,10,10
ACURA_MDX_3G_MMR,driver_233,route_087,0,10
ACURA_MDX_3G_MMR,driver_233,route_087,1,10
ACURA_MDX_3G_MMR,driver_233,route_087,2,10
ACURA_MDX_3G_MMR,driver_233,route_087,3,10
ACURA_MDX_3G_MMR,driver_233,route_087,4,10
ACURA_MDX_3G_MMR,driver_233,route_087,5,10
ACURA_MDX_3G_MMR,driver_233,route_087,6,10
ACURA_MDX_3G_MMR,driver_233,route_088,0,10
ACURA_MDX_3G_MMR,driver_233,route_089,0,10
ACURA_MDX_3G_MMR,driver_233,route_089,1,10
ACURA_MDX_3G_MMR,driver_233,route_089,2,10
ACURA_MDX_3G_MMR,driver_233,route_089,3,10
ACURA_MDX_3G_MMR,driver_233,route_089,4,10
ACURA_MDX_3G_MMR,driver_233,route_089,5,10
ACURA_MDX_3G_MMR,driver_233,route_089,6,10
ACURA_MDX_3G_MMR,driver_233,route_089,7,10
ACURA_MDX_3G_MMR,driver_233,route_089,8,10
ACURA_MDX_3G_MMR,driver_233,route_090,0,10
ACURA_MDX_3G_MMR,driver_233,route_090,1,10
ACURA_MDX_3G_MMR,driver_233,route_090,2,10
ACURA_MDX_3G_MMR,driver_233,route_090,3,10
ACURA_MDX_3G_MMR,driver_233,route_090,4,10
ACURA_MDX_3G_MMR,driver_233,route_090,5,10
ACURA_MDX_3G_MMR,driver_233,route_090,6,10
ACURA_MDX_3G_MMR,driver_233,route_090,7,10
ACURA_MDX_3G_MMR,driver_233,route_090,8,10
ACURA_MDX_3G_MMR,driver_233,route_090,9,10
ACURA_MDX_3G_MMR,driver_233,route_090,10,10
ACURA_MDX_3G_MMR,driver_233,route_090,11,10
ACURA_MDX_3G_MMR,driver_233,route_090,12,10
ACURA_MDX_3G_MMR,driver_233,route_090,13,10
ACURA_MDX_3G_MMR,driver_233,route_090,14,10
ACURA_MDX_3G_MMR,driver_233,route_090,15,10
ACURA_MDX_3G_MMR,driver_233,route_090,16,10
ACURA_MDX_3G_MMR,driver_233,route_090,17,10
ACURA_MDX_3G_MMR,driver_233,route_091,0,10
ACURA_MDX_3G_MMR,driver_233,route_091,1,10
ACURA_MDX_3G_MMR,driver_233,route_092,0,10
ACURA_MDX_3G_MMR,driver_233,route_093,0,10
ACURA_MDX_3G_MMR,driver_233,route_093,1,10
ACURA_MDX_3G_MMR,driver_233,route_093,2,10
ACURA_MDX_3G_MMR,driver_233,route_093,3,10
ACURA_MDX_3G_MMR,driver_233,route_094,0,10
ACURA_MDX_3G_MMR,driver_233,route_094,1,10
ACURA_MDX_3G_MMR,driver_233,route_094,2,10
ACURA_MDX_3G_MMR,driver_233,route_094,3,10
ACURA_MDX_3G_MMR,driver_233,route_094,4,10
ACURA_MDX_3G_MMR,driver_233,route_094,5,10
ACURA_MDX_3G_MMR,driver_233,route_094,6,10
ACURA_MDX_3G_MMR,driver_233,route_094,7,10
ACURA_MDX_3G_MMR,driver_233,route_094,8,10
ACURA_MDX_3G_MMR,driver_233,route_094,9,10
ACURA_MDX_3G_MMR,driver_233,route_094,10,10
ACURA_MDX_3G_MMR,driver_233,route_094,11,10
ACURA_MDX_3G_MMR,driver_233,route_094,12,10
ACURA_MDX_3G_MMR,driver_233,route_094,13,10
ACURA_MDX_3G_MMR,driver_233,route_094,14,10
ACURA_MDX_3G_MMR,driver_233,route_094,15,10
ACURA_MDX_3G_MMR,driver_233,route_094,16,10
ACURA_MDX_3G_MMR,driver_233,route_094,17,10
ACURA_MDX_3G_MMR,driver_233,route_095,0,10
ACURA_MDX_3G_MMR,driver_233,route_095,1,10
ACURA_MDX_3G_MMR,driver_233,route_095,2,10
ACURA_MDX_3G_MMR,driver_233,route_095,3,10
ACURA_MDX_3G_MMR,driver_233,route_095,4,10
ACURA_MDX_3G_MMR,driver_233,route_095,5,10
ACURA_MDX_3G_MMR,driver_233,route_096,0,10
ACURA_MDX_3G_MMR,driver_233,route_096,1,10
ACURA_MDX_3G_MMR,driver_233,route_096,2,10
ACURA_MDX_3G_MMR,driver_233,route_096,3,10
ACURA_MDX_3G_MMR,driver_233,route_096,4,10
ACURA_MDX_3G_MMR,driver_233,route_096,5,10
ACURA_MDX_3G_MMR,driver_233,route_097,0,10
ACURA_MDX_3G_MMR,driver_233,route_097,1,10
ACURA_MDX_3G_MMR,driver_233,route_097,2,10
ACURA_MDX_3G_MMR,driver_233,route_097,3,10
ACURA_MDX_3G_MMR,driver_233,route_097,4,10
ACURA_MDX_3G_MMR,driver_233,route_098,0,10
ACURA_MDX_3G_MMR,driver_233,route_098,1,10
ACURA_MDX_3G_MMR,driver_233,route_098,2,10
ACURA_MDX_3G_MMR,driver_233,route_098,3,10
ACURA_MDX_3G_MMR,driver_233,route_098,4,10
ACURA_MDX_3G_MMR,driver_233,route_099,0,10
ACURA_MDX_3G_MMR,driver_233,route_099,1,10
ACURA_MDX_3G_MMR,driver_233,route_099,2,10
ACURA_MDX_3G_MMR,driver_233,route_099,3,10
ACURA_MDX_3G_MMR,driver_233,route_099,4,10
ACURA_MDX_3G_MMR,driver_233,route_100,0,10
ACURA_MDX_3G_MMR,driver_233,route_100,1,10
ACURA_MDX_3G_MMR,driver_233,route_100,2,10
ACURA_MDX_3G_MMR,driver_233,route_100,3,10
ACURA_MDX_3G_MMR,driver_233,route_100,4,10
ACURA_MDX_3G_MMR,driver_233,route_100,5,10
ACURA_MDX_3G_MMR,driver_233,route_100,6,10
ACURA_MDX_3G_MMR,driver_233,route_100,7,10
ACURA_MDX_3G_MMR,driver_233,route_100,8,10
ACURA_MDX_3G_MMR,driver_233,route_100,9,10
ACURA_MDX_3G_MMR,driver_233,route_100,10,10
ACURA_MDX_3G_MMR,driver_233,route_100,11,10
ACURA_MDX_3G_MMR,driver_233,route_100,12,10
ACURA_MDX_3G_MMR,driver_233,route_100,13,10
ACURA_MDX_3G_MMR,driver_233,route_101,0,10
ACURA_MDX_3G_MMR,driver_233,route_101,1,10
ACURA_MDX_3G_MMR,driver_233,route_101,2,10
ACURA_MDX_3G_MMR,driver_233,route_101,3,10
ACURA_MDX_3G_MMR,driver_233,route_102,0,10
ACURA_MDX_3G_MMR,driver_233,route_102,1,10
ACURA_MDX_3G_MMR,driver_233,route_102,2,10
ACURA_MDX_3G_MMR,driver_233,route_102,3,10
ACURA_MDX_3G_MMR,driver_233,route_102,4,10
ACURA_MDX_3G_MMR,driver_233,route_102,5,10
ACURA_MDX_3G_MMR,driver_233,route_102,6,10
ACURA_MDX_3G_MMR,driver_233,route_102,7,10
ACURA_MDX_3G_MMR,driver_233,route_102,8,10
ACURA_MDX_3G_MMR,driver_233,route_103,0,10
ACURA_MDX_3G_MMR,driver_233,route_103,1,10
ACURA_MDX_3G_MMR,driver_233,route_103,2,10
ACURA_MDX_3G_MMR,driver_233,route_103,3,10
ACURA_MDX_3G_MMR,driver_233,route_103,4,10
ACURA_MDX_3G_MMR,driver_233,route_103,5,10
ACURA_MDX_3G_MMR,driver_233,route_103,6,10
ACURA_MDX_3G_MMR,driver_233,route_104,0,10
ACURA_MDX_3G_MMR,driver_233,route_104,1,10
ACURA_MDX_3G_MMR,driver_233,route_104,2,10
ACURA_MDX_3G_MMR,driver_233,route_105,0,10
ACURA_MDX_3G_MMR,driver_233,route_105,1,10
ACURA_MDX_3G_MMR,driver_233,route_105,2,10
ACURA_MDX_3G_MMR,driver_233,route_105,3,10
ACURA_MDX_3G_MMR,driver_233,route_105,4,10
ACURA_MDX_3G_MMR,driver_233,route_105,5,10
ACURA_MDX_3G_MMR,driver_233,route_106,0,10
ACURA_MDX_3G_MMR,driver_233,route_106,1,10
ACURA_MDX_3G_MMR,driver_233,route_106,2,10
ACURA_MDX_3G_MMR,driver_233,route_106,3,10
ACURA_MDX_3G_MMR,driver_233,route_106,4,10
ACURA_MDX_3G_MMR,driver_233,route_106,5,10
ACURA_MDX_3G_MMR,driver_233,route_107,0,10
ACURA_MDX_3G_MMR,driver_233,route_107,1,10
ACURA_MDX_3G_MMR,driver_233,route_107,2,10
ACURA_MDX_3G_MMR,driver_233,route_107,3,10
ACURA_MDX_3G_MMR,driver_233,route_107,4,10
ACURA_MDX_3G_MMR,driver_233,route_108,0,10
ACURA_MDX_3G_MMR,driver_233,route_108,1,10
ACURA_MDX_3G_MMR,driver_233,route_108,2,10
ACURA_MDX_3G_MMR,driver_233,route_108,3,10
ACURA_MDX_3G_MMR,driver_233,route_109,0,10
ACURA_MDX_3G_MMR,driver_233,route_109,1,10
ACURA_MDX_3G_MMR,driver_233,route_109,2,10
ACURA_MDX_3G_MMR,driver_233,route_109,3,10
ACURA_MDX_3G_MMR,driver_233,route_109,4,10
ACURA_MDX_3G_MMR,driver_233,route_109,5,10
ACURA_MDX_3G_MMR,driver_233,route_109,6,10
ACURA_MDX_3G_MMR,driver_233,route_109,7,10
ACURA_MDX_3G_MMR,driver_233,route_109,8,10
ACURA_MDX_3G_MMR,driver_233,route_109,9,10
ACURA_MDX_3G_MMR,driver_233,route_109,10,10
ACURA_MDX_3G_MMR,driver_233,route_109,11,10
ACURA_MDX_3G_MMR,driver_233,route_109,12,10
ACURA_MDX_3G_MMR,driver_233,route_109,13,10
ACURA_MDX_3G_MMR,driver_233,route_109,14,10
ACURA_MDX_3G_MMR,driver_233,route_109,15,10
ACURA_MDX_3G_MMR,driver_233,route_110,0,10
ACURA_MDX_3G_MMR,driver_233,route_110,1,10
ACURA_MDX_3G_MMR,driver_233,route_110,2,10
ACURA_MDX_3G_MMR,driver_233,route_110,3,10
ACURA_MDX_3G_MMR,driver_233,route_110,4,10
ACURA_MDX_3G_MMR,driver_233,route_110,5,10
ACURA_MDX_3G_MMR,driver_233,route_111,0,10
ACURA_MDX_3G_MMR,driver_233,route_111,1,10
ACURA_MDX_3G_MMR,driver_233,route_112,0,10
ACURA_MDX_3G_MMR,driver_233,route_112,1,10
ACURA_MDX_3G_MMR,driver_233,route_112,2,10
ACURA_MDX_3G_MMR,driver_233,route_113,0,10
ACURA_MDX_3G_MMR,driver_233,route_113,1,10
ACURA_MDX_3G_MMR,driver_233,route_113,2,10
ACURA_MDX_3G_MMR,driver_233,route_113,3,10
ACURA_MDX_3G_MMR,driver_233,route_113,4,10
ACURA_MDX_3G_MMR,driver_233,route_113,5,10
ACURA_MDX_3G_MMR,driver_233,route_114,0,10
ACURA_MDX_3G_MMR,driver_233,route_114,1,10
ACURA_MDX_3G_MMR,driver_233,route_114,2,10
ACURA_MDX_3G_MMR,driver_233,route_114,3,10
ACURA_MDX_3G_MMR,driver_233,route_115,0,10
ACURA_MDX_3G_MMR,driver_233,route_115,1,10
ACURA_MDX_3G_MMR,driver_233,route_115,2,10
ACURA_MDX_3G_MMR,driver_233,route_115,3,10
ACURA_MDX_3G_MMR,driver_233,route_116,0,10
ACURA_MDX_3G_MMR,driver_233,route_116,1,10
ACURA_MDX_3G_MMR,driver_233,route_116,2,10
ACURA_MDX_3G_MMR,driver_233,route_116,3,10
ACURA_MDX_3G_MMR,driver_233,route_116,4,10
ACURA_MDX_3G_MMR,driver_233,route_117,0,10
ACURA_MDX_3G_MMR,driver_233,route_118,0,10
ACURA_MDX_3G_MMR,driver_233,route_118,1,10
ACURA_MDX_3G_MMR,driver_233,route_118,2,10
ACURA_MDX_3G_MMR,driver_233,route_118,3,10
ACURA_MDX_3G_MMR,driver_233,route_118,4,10
ACURA_MDX_3G_MMR,driver_233,route_118,5,10
ACURA_MDX_3G_MMR,driver_233,route_119,0,10
ACURA_MDX_3G_MMR,driver_233,route_119,1,10
ACURA_MDX_3G_MMR,driver_233,route_119,2,10
ACURA_MDX_3G_MMR,driver_233,route_119,3,10
ACURA_MDX_3G_MMR,driver_233,route_119,4,10
ACURA_MDX_3G_MMR,driver_233,route_119,5,10
ACURA_MDX_3G_MMR,driver_233,route_119,6,10
ACURA_MDX_3G_MMR,driver_233,route_119,7,10
ACURA_MDX_3G_MMR,driver_233,route_119,8,10
ACURA_MDX_3G_MMR,driver_233,route_119,9,10
ACURA_MDX_3G_MMR,driver_233,route_119,10,10
ACURA_MDX_3G_MMR,driver_233,route_120,0,10
ACURA_MDX_3G_MMR,driver_233,route_120,1,10
ACURA_MDX_3G_MMR,driver_233,route_120,2,10
ACURA_MDX_3G_MMR,driver_233,route_120,3,10
ACURA_MDX_3G_MMR,driver_233,route_120,4,10
ACURA_MDX_3G_MMR,driver_233,route_120,5,10
ACURA_MDX_3G_MMR,driver_233,route_120,6,10
ACURA_MDX_3G_MMR,driver_233,route_120,7,10
ACURA_MDX_3G_MMR,driver_233,route_120,8,10
ACURA_MDX_3G_MMR,driver_233,route_121,0,10
ACURA_MDX_3G_MMR,driver_233,route_121,1,10
ACURA_MDX_3G_MMR,driver_233,route_121,2,10
ACURA_MDX_3G_MMR,driver_233,route_121,3,10
ACURA_MDX_3G_MMR,driver_233,route_121,4,10
ACURA_MDX_3G_MMR,driver_233,route_121,5,10
ACURA_MDX_3G_MMR,driver_233,route_121,6,10
ACURA_MDX_3G_MMR,driver_233,route_121,7,10
ACURA_MDX_3G_MMR,driver_233,route_121,8,10
ACURA_MDX_3G_MMR,driver_233,route_122,0,10
ACURA_MDX_3G_MMR,driver_233,route_122,1,10
ACURA_MDX_3G_MMR,driver_233,route_123,0,10
ACURA_MDX_3G_MMR,driver_233,route_123,1,10
ACURA_MDX_3G_MMR,driver_233,route_123,2,10
ACURA_MDX_3G_MMR,driver_233,route_123,3,10
ACURA_MDX_3G_MMR,driver_233,route_123,4,10
ACURA_MDX_3G_MMR,driver_233,route_123,5,10
ACURA_MDX_3G_MMR,driver_233,route_123,6,10
ACURA_MDX_3G_MMR,driver_233,route_123,7,10
ACURA_MDX_3G_MMR,driver_233,route_123,8,10
ACURA_MDX_3G_MMR,driver_233,route_123,9,10
ACURA_MDX_3G_MMR,driver_233,route_123,10,10
ACURA_MDX_3G_MMR,driver_233,route_123,11,10
ACURA_MDX_3G_MMR,driver_233,route_124,0,10
ACURA_MDX_3G_MMR,driver_233,route_124,1,10
ACURA_MDX_3G_MMR,driver_233,route_124,2,10
ACURA_MDX_3G_MMR,driver_233,route_124,3,10
ACURA_MDX_3G_MMR,driver_233,route_124,4,10
ACURA_MDX_3G_MMR,driver_233,route_125,0,10
ACURA_MDX_3G_MMR,driver_233,route_125,1,10
ACURA_MDX_3G_MMR,driver_233,route_125,2,10
ACURA_MDX_3G_MMR,driver_233,route_125,3,10
ACURA_MDX_3G_MMR,driver_233,route_126,0,10
ACURA_MDX_3G_MMR,driver_233,route_127,0,10
ACURA_MDX_3G_MMR,driver_233,route_128,0,10
ACURA_MDX_3G_MMR,driver_233,route_129,0,10
ACURA_MDX_3G_MMR,driver_233,route_129,1,10
ACURA_MDX_3G_MMR,driver_233,route_130,0,10
ACURA_MDX_3G_MMR,driver_233,route_130,1,10
ACURA_MDX_3G_MMR,driver_233,route_130,2,10
ACURA_MDX_3G_MMR,driver_233,route_130,3,10
ACURA_MDX_3G_MMR,driver_233,route_130,4,10
ACURA_MDX_3G_MMR,driver_233,route_130,5,10
ACURA_MDX_3G_MMR,driver_233,route_130,6,10
ACURA_MDX_3G_MMR,driver_233,route_130,7,10
ACURA_MDX_3G_MMR,driver_233,route_130,8,10
ACURA_MDX_3G_MMR,driver_233,route_130,9,10
ACURA_MDX_3G_MMR,driver_233,route_130,10,10
ACURA_MDX_3G_MMR,driver_233,route_131,0,10
ACURA_MDX_3G_MMR,driver_233,route_131,1,10
ACURA_MDX_3G_MMR,driver_233,route_131,2,10
ACURA_MDX_3G_MMR,driver_233,route_131,3,10
ACURA_MDX_3G_MMR,driver_233,route_131,4,10
ACURA_MDX_3G_MMR,driver_233,route_131,5,10
ACURA_MDX_3G_MMR,driver_233,route_131,6,10
ACURA_MDX_3G_MMR,driver_233,route_131,7,10
ACURA_MDX_3G_MMR,driver_233,route_131,8,10
ACURA_MDX_3G_MMR,driver_233,route_131,9,10
ACURA_MDX_3G_MMR,driver_233,route_131,10,10
ACURA_MDX_3G_MMR,driver_233,route_131,11,10
ACURA_MDX_3G_MMR,driver_233,route_131,12,10
ACURA_MDX_3G_MMR,driver_233,route_132,0,10
ACURA_MDX_3G_MMR,driver_233,route_132,1,10
ACURA_MDX_3G_MMR,driver_233,route_132,2,10
ACURA_MDX_3G_MMR,driver_233,route_132,3,10
ACURA_MDX_3G_MMR,driver_233,route_132,4,10
ACURA_MDX_3G_MMR,driver_233,route_132,5,10
ACURA_MDX_3G_MMR,driver_233,route_132,6,10
ACURA_MDX_3G_MMR,driver_233,route_132,7,10
ACURA_MDX_3G_MMR,driver_233,route_133,0,10
ACURA_MDX_3G_MMR,driver_233,route_133,1,10
ACURA_MDX_3G_MMR,driver_233,route_133,2,10
ACURA_MDX_3G_MMR,driver_233,route_133,3,10
ACURA_MDX_3G_MMR,driver_233,route_133,4,10
ACURA_MDX_3G_MMR,driver_233,route_133,5,10
ACURA_MDX_3G_MMR,driver_233,route_133,6,10
ACURA_MDX_3G_MMR,driver_233,route_133,7,10
ACURA_MDX_3G_MMR,driver_233,route_133,8,10
ACURA_MDX_3G_MMR,driver_233,route_134,0,10
ACURA_MDX_3G_MMR,driver_233,route_134,1,10
ACURA_MDX_3G_MMR,driver_233,route_134,2,10
ACURA_MDX_3G_MMR,driver_233,route_134,3,10
ACURA_MDX_3G_MMR,driver_233,route_134,4,10
ACURA_MDX_3G_MMR,driver_233,route_134,5,10
ACURA_MDX_3G_MMR,driver_233,route_134,6,10
ACURA_MDX_3G_MMR,driver_233,route_134,7,10
ACURA_MDX_3G_MMR,driver_233,route_134,8,10
ACURA_MDX_3G_MMR,driver_233,route_134,9,10
ACURA_MDX_3G_MMR,driver_233,route_134,10,10
ACURA_MDX_3G_MMR,driver_233,route_134,11,10
ACURA_MDX_3G_MMR,driver_233,route_134,12,10
ACURA_MDX_3G_MMR,driver_233,route_135,0,10
ACURA_MDX_3G_MMR,driver_233,route_135,1,10
ACURA_MDX_3G_MMR,driver_233,route_135,2,10
ACURA_MDX_3G_MMR,driver_233,route_136,0,10
ACURA_MDX_3G_MMR,driver_233,route_136,1,10
ACURA_MDX_3G_MMR,driver_233,route_137,0,10
ACURA_MDX_3G_MMR,driver_233,route_137,1,10
ACURA_MDX_3G_MMR,driver_233,route_137,2,10
ACURA_MDX_3G_MMR,driver_233,route_138,0,10
ACURA_MDX_3G_MMR,driver_233,route_138,1,10
ACURA_MDX_3G_MMR,driver_233,route_138,2,10
ACURA_MDX_3G_MMR,driver_233,route_139,0,10
ACURA_MDX_3G_MMR,driver_233,route_139,1,10
ACURA_MDX_3G_MMR,driver_233,route_139,2,10
ACURA_MDX_3G_MMR,driver_233,route_139,3,10
ACURA_MDX_3G_MMR,driver_233,route_139,4,10
ACURA_MDX_3G_MMR,driver_233,route_139,5,10
ACURA_MDX_3G_MMR,driver_233,route_140,0,10
ACURA_MDX_3G_MMR,driver_233,route_140,1,10
ACURA_MDX_3G_MMR,driver_233,route_141,0,10
ACURA_MDX_3G_MMR,driver_233,route_141,1,10
ACURA_MDX_3G_MMR,driver_233,route_141,2,10
ACURA_MDX_3G_MMR,driver_233,route_141,3,10
ACURA_MDX_3G_MMR,driver_233,route_141,4,10
ACURA_MDX_3G_MMR,driver_233,route_141,5,10
ACURA_MDX_3G_MMR,driver_233,route_141,6,10
ACURA_MDX_3G_MMR,driver_233,route_141,7,10
ACURA_MDX_3G_MMR,driver_233,route_141,8,10
ACURA_MDX_3G_MMR,driver_233,route_142,0,10
ACURA_MDX_3G_MMR,driver_233,route_142,1,10
ACURA_MDX_3G_MMR,driver_233,route_142,2,10
ACURA_MDX_3G_MMR,driver_233,route_142,3,10
ACURA_MDX_3G_MMR,driver_233,route_142,4,10
ACURA_MDX_3G_MMR,driver_233,route_143,0,10
ACURA_MDX_3G_MMR,driver_233,route_144,0,10
ACURA_MDX_3G_MMR,driver_233,route_144,1,10
ACURA_MDX_3G_MMR,driver_233,route_144,2,10
ACURA_MDX_3G_MMR,driver_233,route_144,3,10
ACURA_MDX_3G_MMR,driver_233,route_144,4,10
ACURA_MDX_3G_MMR,driver_233,route_144,5,10
ACURA_MDX_3G_MMR,driver_233,route_144,6,10
ACURA_MDX_3G_MMR,driver_233,route_144,7,10
ACURA_MDX_3G_MMR,driver_233,route_144,8,10
ACURA_MDX_3G_MMR,driver_233,route_144,9,10
ACURA_MDX_3G_MMR,driver_233,route_144,10,10
ACURA_MDX_3G_MMR,driver_233,route_144,11,10
ACURA_MDX_3G_MMR,driver_233,route_145,0,10
ACURA_MDX_3G_MMR,driver_233,route_145,1,10
ACURA_MDX_3G_MMR,driver_233,route_145,2,10
ACURA_MDX_3G_MMR,driver_233,route_146,0,10
ACURA_MDX_3G_MMR,driver_233,route_146,1,10
ACURA_MDX_3G_MMR,driver_233,route_147,0,10
ACURA_MDX_3G_MMR,driver_233,route_147,1,10
ACURA_MDX_3G_MMR,driver_233,route_147,2,10
ACURA_MDX_3G_MMR,driver_233,route_147,3,10
ACURA_MDX_3G_MMR,driver_233,route_147,4,10
ACURA_MDX_3G_MMR,driver_233,route_147,5,10
ACURA_MDX_3G_MMR,driver_233,route_148,0,10
ACURA_MDX_3G_MMR,driver_233,route_148,1,10
ACURA_MDX_3G_MMR,driver_233,route_149,0,10
ACURA_MDX_3G_MMR,driver_233,route_149,1,10
ACURA_MDX_3G_MMR,driver_233,route_149,2,10
ACURA_MDX_3G_MMR,driver_233,route_149,3,10
ACURA_MDX_3G_MMR,driver_233,route_149,4,10
ACURA_MDX_3G_MMR,driver_233,route_149,5,10
ACURA_MDX_3G_MMR,driver_233,route_149,6,10
ACURA_MDX_3G_MMR,driver_233,route_149,7,10
ACURA_MDX_3G_MMR,driver_233,route_149,8,10
ACURA_MDX_3G_MMR,driver_233,route_149,9,10
ACURA_MDX_3G_MMR,driver_233,route_149,10,10
ACURA_MDX_3G_MMR,driver_233,route_150,0,10
ACURA_MDX_3G_MMR,driver_233,route_150,1,10
ACURA_MDX_3G_MMR,driver_233,route_150,2,10
ACURA_MDX_3G_MMR,driver_233,route_150,3,10
ACURA_MDX_3G_MMR,driver_233,route_150,4,10
ACURA_MDX_3G_MMR,driver_233,route_150,5,10
ACURA_MDX_3G_MMR,driver_233,route_150,6,10
ACURA_MDX_3G_MMR,driver_233,route_150,7,10
ACURA_MDX_3G_MMR,driver_233,route_150,8,10
ACURA_MDX_3G_MMR,driver_233,route_150,9,10
ACURA_MDX_3G_MMR,driver_233,route_150,10,10
ACURA_MDX_3G_MMR,driver_233,route_150,11,10
ACURA_MDX_3G_MMR,driver_233,route_150,12,10
ACURA_MDX_3G_MMR,driver_233,route_150,13,10
ACURA_MDX_3G_MMR,driver_233,route_150,14,10
ACURA_MDX_3G_MMR,driver_233,route_151,0,10
ACURA_MDX_3G_MMR,driver_233,route_151,1,10
ACURA_MDX_3G_MMR,driver_233,route_151,2,10
ACURA_MDX_3G_MMR,driver_233,route_152,0,10
ACURA_MDX_3G_MMR,driver_233,route_153,0,10
ACURA_MDX_3G_MMR,driver_233,route_154,0,10
ACURA_MDX_3G_MMR,driver_233,route_154,1,10
ACURA_MDX_3G_MMR,driver_233,route_155,0,10
ACURA_MDX_3G_MMR,driver_233,route_155,1,10
ACURA_MDX_3G_MMR,driver_233,route_155,2,10
ACURA_MDX_3G_MMR,driver_233,route_155,3,10
ACURA_MDX_3G_MMR,driver_233,route_155,4,10
ACURA_MDX_3G_MMR,driver_233,route_155,5,10
ACURA_MDX_3G_MMR,driver_233,route_155,6,10
ACURA_MDX_3G_MMR,driver_233,route_155,7,10
ACURA_MDX_3G_MMR,driver_233,route_155,8,10
ACURA_MDX_3G_MMR,driver_233,route_155,9,10
ACURA_MDX_3G_MMR,driver_233,route_155,10,10
ACURA_MDX_3G_MMR,driver_233,route_155,11,10
ACURA_MDX_3G_MMR,driver_233,route_155,12,10
ACURA_MDX_3G_MMR,driver_233,route_155,13,10
ACURA_MDX_3G_MMR,driver_233,route_156,0,10
ACURA_MDX_3G_MMR,driver_233,route_157,0,10
ACURA_MDX_3G_MMR,driver_233,route_157,1,10
ACURA_MDX_3G_MMR,driver_233,route_157,2,10
ACURA_MDX_3G_MMR,driver_233,route_157,3,10
ACURA_MDX_3G_MMR,driver_233,route_158,0,10
ACURA_MDX_3G_MMR,driver_233,route_158,1,10
ACURA_MDX_3G_MMR,driver_233,route_158,2,10
ACURA_MDX_3G_MMR,driver_233,route_158,3,10
ACURA_MDX_3G_MMR,driver_233,route_159,0,10
ACURA_MDX_3G_MMR,driver_233,route_159,1,10
ACURA_MDX_3G_MMR,driver_233,route_159,2,10
ACURA_MDX_3G_MMR,driver_233,route_159,3,10
ACURA_MDX_3G_MMR,driver_233,route_160,0,10
ACURA_MDX_3G_MMR,driver_233,route_161,0,10
ACURA_MDX_3G_MMR,driver_233,route_161,1,10
ACURA_MDX_3G_MMR,driver_233,route_161,2,10
ACURA_MDX_3G_MMR,driver_233,route_161,3,10
ACURA_MDX_3G_MMR,driver_233,route_161,4,10
ACURA_MDX_3G_MMR,driver_233,route_161,5,10
ACURA_MDX_3G_MMR,driver_233,route_161,6,10
ACURA_MDX_3G_MMR,driver_233,route_161,7,10
ACURA_MDX_3G_MMR,driver_233,route_161,8,10
ACURA_MDX_3G_MMR,driver_233,route_161,9,10
ACURA_MDX_3G_MMR,driver_233,route_161,10,10
ACURA_MDX_3G_MMR,driver_233,route_161,11,10
ACURA_MDX_3G_MMR,driver_233,route_161,12,10
ACURA_MDX_3G_MMR,driver_233,route_161,13,10
ACURA_MDX_3G_MMR,driver_233,route_162,0,10
ACURA_MDX_3G_MMR,driver_233,route_162,1,10
ACURA_MDX_3G_MMR,driver_233,route_162,2,10
ACURA_MDX_3G_MMR,driver_233,route_162,3,10
ACURA_MDX_3G_MMR,driver_233,route_162,4,10
ACURA_MDX_3G_MMR,driver_233,route_162,5,10
ACURA_MDX_3G_MMR,driver_233,route_162,6,10
ACURA_MDX_3G_MMR,driver_233,route_162,7,10
ACURA_MDX_3G_MMR,driver_233,route_163,0,10
ACURA_MDX_3G_MMR,driver_233,route_163,1,10
ACURA_MDX_3G_MMR,driver_233,route_163,2,10
ACURA_MDX_3G_MMR,driver_233,route_163,3,10
ACURA_MDX_3G_MMR,driver_233,route_163,4,10
ACURA_MDX_3G_MMR,driver_233,route_163,5,10
ACURA_MDX_3G_MMR,driver_233,route_163,6,10
ACURA_MDX_3G_MMR,driver_233,route_163,7,10
ACURA_MDX_3G_MMR,driver_233,route_163,8,10
ACURA_MDX_3G_MMR,driver_233,route_163,9,10
ACURA_MDX_3G_MMR,driver_233,route_164,0,10
ACURA_MDX_3G_MMR,driver_233,route_164,1,10
ACURA_MDX_3G_MMR,driver_233,route_164,2,10
ACURA_MDX_3G_MMR,driver_233,route_164,3,10
ACURA_MDX_3G_MMR,driver_233,route_164,4,10
ACURA_MDX_3G_MMR,driver_233,route_164,5,10
ACURA_MDX_3G_MMR,driver_233,route_164,6,10
ACURA_MDX_3G_MMR,driver_233,route_164,7,10
ACURA_MDX_3G_MMR,driver_233,route_164,8,10
ACURA_MDX_3G_MMR,driver_233,route_164,9,10
ACURA_MDX_3G_MMR,driver_233,route_164,10,10
ACURA_MDX_3G_MMR,driver_233,route_164,11,10
ACURA_MDX_3G_MMR,driver_233,route_164,12,10
ACURA_MDX_3G_MMR,driver_233,route_164,13,10
ACURA_MDX_3G_MMR,driver_233,route_164,14,10
ACURA_MDX_3G_MMR,driver_233,route_165,0,10
ACURA_MDX_3G_MMR,driver_233,route_165,1,10
ACURA_MDX_3G_MMR,driver_233,route_165,2,10
ACURA_MDX_3G_MMR,driver_233,route_165,3,10
ACURA_MDX_3G_MMR,driver_233,route_166,0,10
ACURA_MDX_3G_MMR,driver_233,route_166,1,10
ACURA_MDX_3G_MMR,driver_233,route_166,2,10
ACURA_MDX_3G_MMR,driver_233,route_166,3,10
ACURA_MDX_3G_MMR,driver_233,route_166,4,10
ACURA_MDX_3G_MMR,driver_233,route_166,5,10
ACURA_MDX_3G_MMR,driver_233,route_166,6,10
ACURA_MDX_3G_MMR,driver_233,route_166,7,10
ACURA_MDX_3G_MMR,driver_233,route_166,8,10
ACURA_MDX_3G_MMR,driver_233,route_166,9,10
ACURA_MDX_3G_MMR,driver_233,route_166,10,10
ACURA_MDX_3G_MMR,driver_233,route_166,11,10
ACURA_MDX_3G_MMR,driver_233,route_166,12,10
ACURA_MDX_3G_MMR,driver_233,route_166,13,10
ACURA_MDX_3G_MMR,driver_233,route_166,14,10
ACURA_MDX_3G_MMR,driver_233,route_166,15,10
ACURA_MDX_3G_MMR,driver_233,route_166,16,10
ACURA_MDX_3G_MMR,driver_233,route_166,17,10
ACURA_MDX_3G_MMR,driver_233,route_166,18,10
ACURA_MDX_3G_MMR,driver_233,route_166,19,10
ACURA_MDX_3G_MMR,driver_233,route_166,20,10
ACURA_MDX_3G_MMR,driver_233,route_166,21,10
ACURA_MDX_3G_MMR,driver_233,route_166,22,10
ACURA_MDX_3G_MMR,driver_233,route_166,23,10
ACURA_MDX_3G_MMR,driver_233,route_166,24,10
ACURA_MDX_3G_MMR,driver_233,route_166,25,10
ACURA_MDX_3G_MMR,driver_233,route_166,26,10
ACURA_MDX_3G_MMR,driver_233,route_166,27,10
ACURA_MDX_3G_MMR,driver_233,route_166,28,10
ACURA_MDX_3G_MMR,driver_233,route_166,29,10
ACURA_MDX_3G_MMR,driver_233,route_166,30,10
ACURA_MDX_3G_MMR,driver_233,route_167,0,10
ACURA_MDX_3G_MMR,driver_233,route_167,1,10
ACURA_MDX_3G_MMR,driver_233,route_167,2,10
ACURA_MDX_3G_MMR,driver_233,route_167,3,10
ACURA_MDX_3G_MMR,driver_233,route_167,4,10
ACURA_MDX_3G_MMR,driver_233,route_167,5,10
ACURA_MDX_3G_MMR,driver_233,route_167,6,10
ACURA_MDX_3G_MMR,driver_233,route_167,7,10
ACURA_MDX_3G_MMR,driver_233,route_167,8,10
ACURA_MDX_3G_MMR,driver_233,route_167,9,10
ACURA_MDX_3G_MMR,driver_233,route_167,10,10
ACURA_MDX_3G_MMR,driver_233,route_167,11,10
ACURA_MDX_3G_MMR,driver_233,route_167,12,10
ACURA_MDX_3G_MMR,driver_233,route_167,13,10
ACURA_MDX_3G_MMR,driver_233,route_167,14,10
ACURA_MDX_3G_MMR,driver_233,route_167,15,10
ACURA_MDX_3G_MMR,driver_233,route_168,0,10
ACURA_MDX_3G_MMR,driver_233,route_168,1,10
ACURA_MDX_3G_MMR,driver_233,route_169,0,10
ACURA_MDX_3G_MMR,driver_233,route_169,1,10
ACURA_MDX_3G_MMR,driver_233,route_170,0,10
ACURA_MDX_3G_MMR,driver_233,route_170,1,10
ACURA_MDX_3G_MMR,driver_233,route_170,2,10
ACURA_MDX_3G_MMR,driver_233,route_171,0,10
ACURA_MDX_3G_MMR,driver_233,route_171,1,10
ACURA_MDX_3G_MMR,driver_233,route_171,2,10
ACURA_MDX_3G_MMR,driver_233,route_171,3,10
ACURA_MDX_3G_MMR,driver_233,route_171,4,10
ACURA_MDX_3G_MMR,driver_233,route_171,5,10
ACURA_MDX_3G_MMR,driver_233,route_171,6,10
ACURA_MDX_3G_MMR,driver_233,route_171,7,10
ACURA_MDX_3G_MMR,driver_233,route_171,8,10
ACURA_MDX_3G_MMR,driver_233,route_172,0,10
ACURA_MDX_3G_MMR,driver_233,route_172,1,10
ACURA_MDX_3G_MMR,driver_233,route_172,2,10
ACURA_MDX_3G_MMR,driver_233,route_172,3,10
ACURA_MDX_3G_MMR,driver_233,route_172,4,10
ACURA_MDX_3G_MMR,driver_233,route_172,5,10
ACURA_MDX_3G_MMR,driver_233,route_172,6,10
ACURA_MDX_3G_MMR,driver_233,route_172,7,10
ACURA_MDX_3G_MMR,driver_233,route_172,8,10
ACURA_MDX_3G_MMR,driver_233,route_172,9,10
ACURA_MDX_3G_MMR,driver_233,route_172,10,10
ACURA_MDX_3G_MMR,driver_233,route_172,11,10
ACURA_MDX_3G_MMR,driver_233,route_172,12,10
ACURA_MDX_3G_MMR,driver_233,route_172,13,10
ACURA_MDX_3G_MMR,driver_233,route_172,14,10
ACURA_MDX_3G_MMR,driver_233,route_172,15,10
ACURA_MDX_3G_MMR,driver_233,route_172,16,10
ACURA_MDX_3G_MMR,driver_233,route_172,17,10
ACURA_MDX_3G_MMR,driver_233,route_172,18,10
ACURA_MDX_3G_MMR,driver_233,route_172,19,10
ACURA_MDX_3G_MMR,driver_233,route_173,0,10
ACURA_MDX_3G_MMR,driver_233,route_173,1,10
ACURA_MDX_3G_MMR,driver_233,route_173,2,10
ACURA_MDX_3G_MMR,driver_233,route_174,0,10
ACURA_MDX_3G_MMR,driver_233,route_175,0,10
ACURA_MDX_3G_MMR,driver_233,route_175,1,10
ACURA_MDX_3G_MMR,driver_233,route_175,2,10
ACURA_MDX_3G_MMR,driver_233,route_175,3,10
ACURA_MDX_3G_MMR,driver_233,route_175,4,10
ACURA_MDX_3G_MMR,driver_233,route_175,5,10
ACURA_MDX_3G_MMR,driver_233,route_176,0,10
ACURA_MDX_3G_MMR,driver_233,route_176,1,10
ACURA_MDX_3G_MMR,driver_233,route_176,2,10
ACURA_MDX_3G_MMR,driver_233,route_176,3,10
ACURA_MDX_3G_MMR,driver_233,route_176,4,10
ACURA_MDX_3G_MMR,driver_233,route_176,5,10
ACURA_MDX_3G_MMR,driver_233,route_176,6,10
ACURA_MDX_3G_MMR,driver_233,route_177,0,10
ACURA_MDX_3G_MMR,driver_233,route_177,1,10
ACURA_MDX_3G_MMR,driver_233,route_178,0,10
ACURA_MDX_3G_MMR,driver_233,route_179,0,10
ACURA_MDX_3G_MMR,driver_233,route_179,1,10
ACURA_MDX_3G_MMR,driver_233,route_179,2,10
ACURA_MDX_3G_MMR,driver_233,route_180,0,10
ACURA_MDX_3G_MMR,driver_233,route_180,1,10
ACURA_MDX_3G_MMR,driver_233,route_180,2,10
ACURA_MDX_3G_MMR,driver_233,route_180,3,10
ACURA_MDX_3G_MMR,driver_233,route_180,4,10
ACURA_MDX_3G_MMR,driver_233,route_180,5,10
ACURA_MDX_3G_MMR,driver_233,route_180,6,10
ACURA_MDX_3G_MMR,driver_233,route_181,0,10
ACURA_MDX_3G_MMR,driver_233,route_181,1,10
ACURA_MDX_3G_MMR,driver_233,route_181,2,10
ACURA_MDX_3G_MMR,driver_233,route_181,3,10
ACURA_MDX_3G_MMR,driver_233,route_181,4,10
ACURA_MDX_3G_MMR,driver_233,route_181,5,10
ACURA_MDX_3G_MMR,driver_233,route_181,6,10
ACURA_MDX_3G_MMR,driver_233,route_182,0,10
ACURA_MDX_3G_MMR,driver_233,route_182,1,10
ACURA_MDX_3G_MMR,driver_233,route_182,2,10
ACURA_MDX_3G_MMR,driver_233,route_182,3,10
ACURA_MDX_3G_MMR,driver_233,route_182,4,10
ACURA_MDX_3G_MMR,driver_233,route_182,5,10
ACURA_MDX_3G_MMR,driver_233,route_182,6,10
ACURA_MDX_3G_MMR,driver_233,route_182,7,10
ACURA_MDX_3G_MMR,driver_233,route_183,0,10
ACURA_MDX_3G_MMR,driver_233,route_184,0,10
ACURA_MDX_3G_MMR,driver_233,route_184,1,10
ACURA_MDX_3G_MMR,driver_233,route_184,2,10
ACURA_MDX_3G_MMR,driver_233,route_185,0,10
ACURA_MDX_3G_MMR,driver_233,route_185,1,10
ACURA_MDX_3G_MMR,driver_233,route_185,2,10
ACURA_MDX_3G_MMR,driver_233,route_185,3,10
ACURA_MDX_3G_MMR,driver_233,route_186,0,10
ACURA_MDX_3G_MMR,driver_233,route_186,1,10
ACURA_MDX_3G_MMR,driver_233,route_186,2,10
ACURA_MDX_3G_MMR,driver_233,route_186,3,10
ACURA_MDX_3G_MMR,driver_233,route_186,4,10
ACURA_MDX_3G_MMR,driver_233,route_186,5,10
ACURA_MDX_3G_MMR,driver_233,route_186,6,10
ACURA_MDX_3G_MMR,driver_233,route_186,7,10
ACURA_MDX_3G_MMR,driver_233,route_186,8,10
ACURA_MDX_3G_MMR,driver_233,route_187,0,10
ACURA_MDX_3G_MMR,driver_233,route_188,0,10
ACURA_MDX_3G_MMR,driver_233,route_188,1,10
ACURA_MDX_3G_MMR,driver_233,route_188,2,10
ACURA_MDX_3G_MMR,driver_233,route_188,3,10
ACURA_MDX_3G_MMR,driver_233,route_188,4,10
ACURA_MDX_3G_MMR,driver_233,route_189,0,10
ACURA_MDX_3G_MMR,driver_233,route_189,1,10
ACURA_MDX_3G_MMR,driver_233,route_189,2,10
ACURA_MDX_3G_MMR,driver_233,route_190,0,10
ACURA_MDX_3G_MMR,driver_233,route_190,1,10
ACURA_MDX_3G_MMR,driver_233,route_190,2,10
ACURA_MDX_3G_MMR,driver_233,route_190,3,10
ACURA_MDX_3G_MMR,driver_233,route_190,4,10
ACURA_MDX_3G_MMR,driver_233,route_190,5,10
ACURA_MDX_3G_MMR,driver_233,route_190,6,10
ACURA_MDX_3G_MMR,driver_233,route_190,7,10
ACURA_MDX_3G_MMR,driver_233,route_190,8,10
ACURA_MDX_3G_MMR,driver_233,route_190,9,10
ACURA_MDX_3G_MMR,driver_233,route_190,10,10
ACURA_MDX_3G_MMR,driver_233,route_190,11,10
ACURA_MDX_3G_MMR,driver_233,route_190,12,10
ACURA_MDX_3G_MMR,driver_233,route_191,0,10
ACURA_MDX_3G_MMR,driver_233,route_191,1,10
ACURA_MDX_3G_MMR,driver_233,route_191,2,10
ACURA_MDX_3G_MMR,driver_233,route_191,3,10
ACURA_MDX_3G_MMR,driver_233,route_191,4,10
ACURA_MDX_3G_MMR,driver_233,route_191,5,10
ACURA_MDX_3G_MMR,driver_233,route_191,6,10
ACURA_MDX_3G_MMR,driver_233,route_191,7,10
ACURA_MDX_3G_MMR,driver_233,route_191,8,10
ACURA_MDX_3G_MMR,driver_233,route_191,9,10
ACURA_MDX_3G_MMR,driver_233,route_191,10,10
ACURA_MDX_3G_MMR,driver_233,route_192,0,10
ACURA_MDX_3G_MMR,driver_233,route_192,1,10
ACURA_MDX_3G_MMR,driver_233,route_192,2,10
ACURA_MDX_3G_MMR,driver_233,route_192,3,10
ACURA_MDX_3G_MMR,driver_233,route_193,0,10
ACURA_MDX_3G_MMR,driver_233,route_193,1,10
ACURA_MDX_3G_MMR,driver_233,route_193,2,10
ACURA_MDX_3G_MMR,driver_233,route_193,3,10
ACURA_MDX_3G_MMR,driver_233,route_193,4,10
ACURA_MDX_3G_MMR,driver_233,route_193,5,10
ACURA_MDX_3G_MMR,driver_233,route_194,0,10
ACURA_MDX_3G_MMR,driver_233,route_194,1,10
ACURA_MDX_3G_MMR,driver_233,route_194,2,10
ACURA_MDX_3G_MMR,driver_233,route_194,3,10
ACURA_MDX_3G_MMR,driver_233,route_194,4,10
ACURA_MDX_3G_MMR,driver_233,route_194,5,10
ACURA_MDX_3G_MMR,driver_233,route_194,6,10
ACURA_MDX_3G_MMR,driver_233,route_195,0,10
ACURA_MDX_3G_MMR,driver_233,route_195,1,10
ACURA_MDX_3G_MMR,driver_233,route_195,2,10
ACURA_MDX_3G_MMR,driver_233,route_195,3,10
ACURA_MDX_3G_MMR,driver_233,route_195,4,10
ACURA_MDX_3G_MMR,driver_233,route_195,5,10
ACURA_MDX_3G_MMR,driver_233,route_195,6,10
ACURA_MDX_3G_MMR,driver_233,route_195,7,10
ACURA_MDX_3G_MMR,driver_233,route_196,0,10
ACURA_MDX_3G_MMR,driver_233,route_196,1,10
ACURA_MDX_3G_MMR,driver_233,route_196,2,10
ACURA_MDX_3G_MMR,driver_233,route_196,3,10
ACURA_MDX_3G_MMR,driver_233,route_196,4,10
ACURA_MDX_3G_MMR,driver_233,route_196,5,10
ACURA_MDX_3G_MMR,driver_233,route_196,6,10
ACURA_MDX_3G_MMR,driver_233,route_196,7,10
ACURA_MDX_3G_MMR,driver_233,route_196,8,10
ACURA_MDX_3G_MMR,driver_233,route_197,0,10
ACURA_MDX_3G_MMR,driver_233,route_197,1,10
ACURA_MDX_3G_MMR,driver_233,route_197,2,10
ACURA_MDX_3G_MMR,driver_233,route_197,3,10
ACURA_MDX_3G_MMR,driver_233,route_197,4,10
ACURA_MDX_3G_MMR,driver_233,route_197,5,10
ACURA_MDX_3G_MMR,driver_233,route_197,6,10
ACURA_MDX_3G_MMR,driver_233,route_197,7,10
ACURA_MDX_3G_MMR,driver_233,route_197,8,10
ACURA_MDX_3G_MMR,driver_233,route_197,9,10
ACURA_MDX_3G_MMR,driver_233,route_198,0,10
ACURA_MDX_3G_MMR,driver_233,route_198,1,10
ACURA_MDX_3G_MMR,driver_233,route_198,2,10
ACURA_MDX_3G_MMR,driver_233,route_199,0,10
ACURA_MDX_3G_MMR,driver_233,route_199,1,10
ACURA_MDX_3G_MMR,driver_233,route_199,2,10
ACURA_MDX_3G_MMR,driver_233,route_199,3,10
ACURA_MDX_3G_MMR,driver_233,route_199,4,10
ACURA_MDX_3G_MMR,driver_233,route_199,5,10
ACURA_MDX_3G_MMR,driver_233,route_200,0,10
ACURA_MDX_3G_MMR,driver_233,route_200,1,10
ACURA_MDX_3G_MMR,driver_233,route_200,2,10
ACURA_MDX_3G_MMR,driver_233,route_200,3,10
ACURA_MDX_3G_MMR,driver_233,route_200,4,10
ACURA_MDX_3G_MMR,driver_233,route_200,5,10
ACURA_MDX_3G_MMR,driver_233,route_200,6,10
ACURA_MDX_3G_MMR,driver_233,route_200,7,10
ACURA_MDX_3G_MMR,driver_233,route_200,8,10
ACURA_MDX_3G_MMR,driver_233,route_200,9,10
ACURA_MDX_3G_MMR,driver_233,route_200,10,10
ACURA_MDX_3G_MMR,driver_233,route_200,11,10
ACURA_MDX_3G_MMR,driver_233,route_200,12,10
ACURA_MDX_3G_MMR,driver_233,route_200,13,10
ACURA_MDX_3G_MMR,driver_233,route_200,14,10
ACURA_MDX_3G_MMR,driver_233,route_200,15,10
ACURA_MDX_3G_MMR,driver_233,route_201,0,10
ACURA_MDX_3G_MMR,driver_233,route_202,0,10
ACURA_MDX_3G_MMR,driver_233,route_202,1,10
ACURA_MDX_3G_MMR,driver_233,route_202,2,10
ACURA_MDX_3G_MMR,driver_233,route_202,3,10
ACURA_MDX_3G_MMR,driver_233,route_202,4,10
ACURA_MDX_3G_MMR,driver_233,route_202,5,10
ACURA_MDX_3G_MMR,driver_233,route_202,6,10
ACURA_MDX_3G_MMR,driver_233,route_203,0,10
ACURA_MDX_3G_MMR,driver_233,route_203,1,10
ACURA_MDX_3G_MMR,driver_233,route_203,2,10
ACURA_MDX_3G_MMR,driver_233,route_203,3,10
ACURA_MDX_3G_MMR,driver_233,route_203,4,10
ACURA_MDX_3G_MMR,driver_233,route_203,5,10
ACURA_MDX_3G_MMR,driver_233,route_203,6,10
ACURA_MDX_3G_MMR,driver_233,route_203,7,10
ACURA_MDX_3G_MMR,driver_233,route_204,0,10
ACURA_MDX_3G_MMR,driver_233,route_204,1,10
ACURA_MDX_3G_MMR,driver_233,route_204,2,10
ACURA_MDX_3G_MMR,driver_233,route_204,3,10
ACURA_MDX_3G_MMR,driver_233,route_204,4,10
ACURA_MDX_3G_MMR,driver_233,route_204,5,10
ACURA_MDX_3G_MMR,driver_233,route_204,6,10
ACURA_MDX_3G_MMR,driver_233,route_204,7,10
ACURA_MDX_3G_MMR,driver_233,route_204,8,10
ACURA_MDX_3G_MMR,driver_233,route_204,9,10
ACURA_MDX_3G_MMR,driver_233,route_204,10,10
ACURA_MDX_3G_MMR,driver_233,route_204,11,10
ACURA_MDX_3G_MMR,driver_233,route_205,0,10
ACURA_MDX_3G_MMR,driver_233,route_205,1,10
ACURA_MDX_3G_MMR,driver_233,route_205,2,10
ACURA_MDX_3G_MMR,driver_233,route_205,3,10
ACURA_MDX_3G_MMR,driver_233,route_205,4,10
ACURA_MDX_3G_MMR,driver_233,route_206,0,10
ACURA_MDX_3G_MMR,driver_233,route_206,1,10
ACURA_MDX_3G_MMR,driver_233,route_206,2,10
ACURA_MDX_3G_MMR,driver_233,route_206,3,10
ACURA_MDX_3G_MMR,driver_233,route_206,4,10
ACURA_MDX_3G_MMR,driver_233,route_206,5,10
ACURA_MDX_3G_MMR,driver_233,route_206,6,10
ACURA_MDX_3G_MMR,driver_233,route_207,0,10
ACURA_MDX_3G_MMR,driver_233,route_207,1,10
ACURA_MDX_3G_MMR,driver_233,route_207,2,10
ACURA_MDX_3G_MMR,driver_233,route_207,3,10
ACURA_MDX_3G_MMR,driver_233,route_208,0,10
ACURA_MDX_3G_MMR,driver_233,route_208,1,10
ACURA_MDX_3G_MMR,driver_233,route_208,2,10
ACURA_MDX_3G_MMR,driver_233,route_208,3,10
ACURA_MDX_3G_MMR,driver_233,route_209,0,10
ACURA_MDX_3G_MMR,driver_233,route_209,1,10
ACURA_MDX_3G_MMR,driver_233,route_209,2,10
ACURA_MDX_3G_MMR,driver_233,route_209,3,10
ACURA_MDX_3G_MMR,driver_233,route_209,4,10
ACURA_MDX_3G_MMR,driver_233,route_209,5,10
ACURA_MDX_3G_MMR,driver_233,route_210,0,10
ACURA_MDX_3G_MMR,driver_233,route_210,1,10
ACURA_MDX_3G_MMR,driver_233,route_210,2,10
ACURA_MDX_3G_MMR,driver_233,route_210,3,10
ACURA_MDX_3G_MMR,driver_233,route_210,4,10
ACURA_MDX_3G_MMR,driver_233,route_210,5,10
ACURA_MDX_3G_MMR,driver_233,route_210,6,10
ACURA_MDX_3G_MMR,driver_233,route_210,7,10
ACURA_MDX_3G_MMR,driver_233,route_210,8,10
ACURA_MDX_3G_MMR,driver_233,route_210,9,10
ACURA_MDX_3G_MMR,driver_233,route_210,10,10
ACURA_MDX_3G_MMR,driver_233,route_210,11,10
ACURA_MDX_3G_MMR,driver_233,route_210,12,10
ACURA_MDX_3G_MMR,driver_233,route_210,13,10
ACURA_MDX_3G_MMR,driver_233,route_210,14,10
ACURA_MDX_3G_MMR,driver_233,route_211,0,10
ACURA_MDX_3G_MMR,driver_233,route_211,1,10
ACURA_MDX_3G_MMR,driver_233,route_211,2,10
ACURA_MDX_3G_MMR,driver_233,route_211,3,10
ACURA_MDX_3G_MMR,driver_233,route_211,4,10
ACURA_MDX_3G_MMR,driver_233,route_211,5,10
ACURA_MDX_3G_MMR,driver_233,route_211,6,10
ACURA_MDX_3G_MMR,driver_233,route_211,7,10
ACURA_MDX_3G_MMR,driver_233,route_211,8,10
ACURA_MDX_3G_MMR,driver_233,route_211,9,10
ACURA_MDX_3G_MMR,driver_233,route_211,10,10
ACURA_MDX_3G_MMR,driver_233,route_212,0,10
ACURA_MDX_3G_MMR,driver_233,route_212,1,10
ACURA_MDX_3G_MMR,driver_233,route_212,2,10
ACURA_MDX_3G_MMR,driver_233,route_212,3,10
ACURA_MDX_3G_MMR,driver_233,route_212,4,10
ACURA_MDX_3G_MMR,driver_233,route_212,5,10
ACURA_MDX_3G_MMR,driver_233,route_212,6,10
ACURA_MDX_3G_MMR,driver_233,route_212,7,10
ACURA_MDX_3G_MMR,driver_233,route_212,8,10
ACURA_MDX_3G_MMR,driver_233,route_212,9,10
ACURA_MDX_3G_MMR,driver_233,route_212,10,10
ACURA_MDX_3G_MMR,driver_233,route_212,11,10
ACURA_MDX_3G_MMR,driver_233,route_213,0,10
ACURA_MDX_3G_MMR,driver_233,route_213,1,10
ACURA_MDX_3G_MMR,driver_233,route_213,2,10
ACURA_MDX_3G_MMR,driver_233,route_213,3,10
ACURA_MDX_3G_MMR,driver_233,route_213,4,10
ACURA_MDX_3G_MMR,driver_233,route_213,5,10
ACURA_MDX_3G_MMR,driver_233,route_214,0,10
ACURA_MDX_3G_MMR,driver_233,route_214,1,10
ACURA_MDX_3G_MMR,driver_233,route_214,2,10
ACURA_MDX_3G_MMR,driver_233,route_214,3,10
ACURA_MDX_3G_MMR,driver_233,route_214,4,10
ACURA_MDX_3G_MMR,driver_233,route_214,5,10
ACURA_MDX_3G_MMR,driver_233,route_214,6,10
ACURA_MDX_3G_MMR,driver_233,route_214,7,10
ACURA_MDX_3G_MMR,driver_233,route_214,8,10
ACURA_MDX_3G_MMR,driver_233,route_215,0,10
ACURA_MDX_3G_MMR,driver_233,route_215,1,10
ACURA_MDX_3G_MMR,driver_233,route_216,0,10
ACURA_MDX_3G_MMR,driver_233,route_216,1,10
ACURA_MDX_3G_MMR,driver_233,route_216,2,10
ACURA_MDX_3G_MMR,driver_233,route_216,3,10
ACURA_MDX_3G_MMR,driver_233,route_216,4,10
ACURA_MDX_3G_MMR,driver_233,route_216,5,10
ACURA_MDX_3G_MMR,driver_233,route_216,6,10
ACURA_MDX_3G_MMR,driver_233,route_216,7,10
ACURA_MDX_3G_MMR,driver_233,route_217,0,10
ACURA_MDX_3G_MMR,driver_233,route_217,1,10
ACURA_MDX_3G_MMR,driver_233,route_217,2,10
ACURA_MDX_3G_MMR,driver_233,route_217,3,10
ACURA_MDX_3G_MMR,driver_233,route_217,4,10
ACURA_MDX_3G_MMR,driver_233,route_217,5,10
ACURA_MDX_3G_MMR,driver_233,route_218,0,10
ACURA_MDX_3G_MMR,driver_233,route_218,1,10
ACURA_MDX_3G_MMR,driver_233,route_218,2,10
ACURA_MDX_3G_MMR,driver_233,route_218,3,10
ACURA_MDX_3G_MMR,driver_233,route_218,4,10
ACURA_MDX_3G_MMR,driver_233,route_218,5,10
ACURA_MDX_3G_MMR,driver_233,route_218,6,10
ACURA_MDX_3G_MMR,driver_233,route_218,7,10
ACURA_MDX_3G_MMR,driver_233,route_218,8,10
ACURA_MDX_3G_MMR,driver_233,route_219,0,10
ACURA_MDX_3G_MMR,driver_233,route_220,0,10
ACURA_MDX_3G_MMR,driver_233,route_220,1,10
ACURA_MDX_3G_MMR,driver_233,route_220,2,10
ACURA_MDX_3G_MMR,driver_233,route_220,3,10
ACURA_MDX_3G_MMR,driver_233,route_220,4,10
ACURA_MDX_3G_MMR,driver_233,route_220,5,10
ACURA_MDX_3G_MMR,driver_233,route_220,6,10
ACURA_MDX_3G_MMR,driver_233,route_220,7,10
ACURA_MDX_3G_MMR,driver_233,route_220,8,10
ACURA_MDX_3G_MMR,driver_233,route_220,9,10
ACURA_MDX_3G_MMR,driver_233,route_220,10,10
ACURA_MDX_3G_MMR,driver_233,route_221,0,10
ACURA_MDX_3G_MMR,driver_233,route_221,1,10
ACURA_MDX_3G_MMR,driver_233,route_221,2,10
ACURA_MDX_3G_MMR,driver_233,route_222,0,10
ACURA_MDX_3G_MMR,driver_233,route_222,1,10
ACURA_MDX_3G_MMR,driver_233,route_222,2,10
ACURA_MDX_3G_MMR,driver_233,route_223,0,10
ACURA_MDX_3G_MMR,driver_233,route_224,0,10
ACURA_MDX_3G_MMR,driver_233,route_225,0,10
ACURA_MDX_3G_MMR,driver_233,route_225,1,10
ACURA_MDX_3G_MMR,driver_233,route_225,2,10
ACURA_MDX_3G_MMR,driver_233,route_225,3,10
ACURA_MDX_3G_MMR,driver_233,route_225,4,10
ACURA_MDX_3G_MMR,driver_233,route_226,0,10
ACURA_MDX_3G_MMR,driver_233,route_226,1,10
ACURA_MDX_3G_MMR,driver_233,route_226,2,10
ACURA_MDX_3G_MMR,driver_233,route_227,0,10
ACURA_MDX_3G_MMR,driver_233,route_227,1,10
ACURA_MDX_3G_MMR,driver_233,route_227,2,10
ACURA_MDX_3G_MMR,driver_233,route_227,3,10
ACURA_MDX_3G_MMR,driver_233,route_227,4,10
ACURA_MDX_3G_MMR,driver_233,route_227,5,10
ACURA_MDX_3G_MMR,driver_233,route_227,6,10
ACURA_MDX_3G_MMR,driver_233,route_227,7,10
ACURA_MDX_3G_MMR,driver_233,route_228,0,10
ACURA_MDX_3G_MMR,driver_233,route_228,1,10
ACURA_MDX_3G_MMR,driver_233,route_228,2,10
ACURA_MDX_3G_MMR,driver_233,route_228,3,10
ACURA_MDX_3G_MMR,driver_233,route_228,4,10
ACURA_MDX_3G_MMR,driver_233,route_228,5,10
ACURA_MDX_3G_MMR,driver_233,route_228,6,10
ACURA_MDX_3G_MMR,driver_233,route_228,7,10
ACURA_MDX_3G_MMR,driver_233,route_228,8,10
ACURA_MDX_3G_MMR,driver_233,route_228,9,10
ACURA_MDX_3G_MMR,driver_233,route_229,0,10
ACURA_MDX_3G_MMR,driver_233,route_229,1,10
ACURA_MDX_3G_MMR,driver_233,route_229,2,10
ACURA_MDX_3G_MMR,driver_233,route_229,3,10
ACURA_MDX_3G_MMR,driver_233,route_229,4,10
ACURA_MDX_3G_MMR,driver_233,route_229,5,10
ACURA_MDX_3G_MMR,driver_233,route_229,6,10
ACURA_MDX_3G_MMR,driver_233,route_229,7,10
ACURA_MDX_3G_MMR,driver_233,route_229,8,10
ACURA_MDX_3G_MMR,driver_233,route_229,9,10
ACURA_MDX_3G_MMR,driver_233,route_229,10,10
ACURA_MDX_3G_MMR,driver_233,route_229,11,10
ACURA_MDX_3G_MMR,driver_233,route_229,12,10
ACURA_MDX_3G_MMR,driver_233,route_229,13,10
ACURA_MDX_3G_MMR,driver_233,route_229,14,10
ACURA_MDX_3G_MMR,driver_233,route_229,15,10
ACURA_MDX_3G_MMR,driver_233,route_229,16,10
ACURA_MDX_3G_MMR,driver_233,route_229,17,10
ACURA_MDX_3G_MMR,driver_233,route_230,0,10
ACURA_MDX_3G_MMR,driver_233,route_230,1,10
ACURA_MDX_3G_MMR,driver_233,route_230,2,10
ACURA_MDX_3G_MMR,driver_233,route_230,3,10
ACURA_MDX_3G_MMR,driver_233,route_231,0,10
ACURA_MDX_3G_MMR,driver_233,route_231,1,10
ACURA_MDX_3G_MMR,driver_233,route_231,2,10
ACURA_MDX_3G_MMR,driver_233,route_231,3,10
ACURA_MDX_3G_MMR,driver_233,route_231,4,10
ACURA_MDX_3G_MMR,driver_233,route_231,5,10
ACURA_MDX_3G_MMR,driver_233,route_232,0,10
ACURA_MDX_3G_MMR,driver_233,route_232,1,10
ACURA_MDX_3G_MMR,driver_233,route_233,0,10
ACURA_MDX_3G_MMR,driver_233,route_233,1,10
ACURA_MDX_3G_MMR,driver_233,route_233,2,10
ACURA_MDX_3G_MMR,driver_233,route_233,3,10
ACURA_MDX_3G_MMR,driver_233,route_234,0,10
ACURA_MDX_3G_MMR,driver_233,route_234,1,10
ACURA_MDX_3G_MMR,driver_233,route_234,2,10
ACURA_MDX_3G_MMR,driver_233,route_234,3,10
ACURA_MDX_3G_MMR,driver_233,route_234,4,10
ACURA_MDX_3G_MMR,driver_233,route_234,5,10
ACURA_MDX_3G_MMR,driver_233,route_235,0,10
ACURA_MDX_3G_MMR,driver_233,route_235,1,10
ACURA_MDX_3G_MMR,driver_233,route_235,2,10
ACURA_MDX_3G_MMR,driver_233,route_235,3,10
ACURA_MDX_3G_MMR,driver_233,route_236,0,10
ACURA_MDX_3G_MMR,driver_233,route_236,1,10
ACURA_MDX_3G_MMR,driver_233,route_236,2,10
ACURA_MDX_3G_MMR,driver_233,route_236,3,10
ACURA_MDX_3G_MMR,driver_233,route_236,4,10
ACURA_MDX_3G_MMR,driver_233,route_237,0,10
ACURA_MDX_3G_MMR,driver_233,route_237,1,10
ACURA_MDX_3G_MMR,driver_233,route_237,2,10
ACURA_MDX_3G_MMR,driver_233,route_237,3,10
ACURA_MDX_3G_MMR,driver_233,route_237,4,10
ACURA_MDX_3G_MMR,driver_233,route_238,0,10
ACURA_MDX_3G_MMR,driver_233,route_238,1,10
ACURA_MDX_3G_MMR,driver_233,route_238,2,10
ACURA_MDX_3G_MMR,driver_233,route_238,3,10
ACURA_MDX_3G_MMR,driver_233,route_239,0,10
ACURA_MDX_3G_MMR,driver_233,route_240,0,10
ACURA_MDX_3G_MMR,driver_233,route_240,1,10
ACURA_MDX_3G_MMR,driver_233,route_240,2,10
ACURA_MDX_3G_MMR,driver_233,route_241,0,10
ACURA_MDX_3G_MMR,driver_233,route_241,1,10
ACURA_MDX_3G_MMR,driver_233,route_241,2,10
ACURA_MDX_3G_MMR,driver_233,route_241,3,10
ACURA_MDX_3G_MMR,driver_233,route_241,4,10
ACURA_MDX_3G_MMR,driver_233,route_241,5,10
ACURA_MDX_3G_MMR,driver_233,route_241,6,10
ACURA_MDX_3G_MMR,driver_233,route_241,7,10
ACURA_MDX_3G_MMR,driver_233,route_241,8,10
ACURA_MDX_3G_MMR,driver_233,route_241,9,10
ACURA_MDX_3G_MMR,driver_233,route_241,10,10
ACURA_MDX_3G_MMR,driver_233,route_241,11,10
ACURA_MDX_3G_MMR,driver_233,route_241,12,10
ACURA_MDX_3G_MMR,driver_233,route_241,13,10
ACURA_MDX_3G_MMR,driver_233,route_241,14,10
ACURA_MDX_3G_MMR,driver_233,route_241,15,10
ACURA_MDX_3G_MMR,driver_233,route_241,16,10
ACURA_MDX_3G_MMR,driver_233,route_241,17,10
ACURA_MDX_3G_MMR,driver_233,route_241,18,10
ACURA_MDX_3G_MMR,driver_233,route_242,0,10
ACURA_MDX_3G_MMR,driver_233,route_242,1,10
ACURA_MDX_3G_MMR,driver_233,route_242,2,10
ACURA_MDX_3G_MMR,driver_233,route_242,3,10
ACURA_MDX_3G_MMR,driver_233,route_242,4,10
ACURA_MDX_3G_MMR,driver_233,route_242,5,10
ACURA_MDX_3G_MMR,driver_233,route_242,6,10
ACURA_MDX_3G_MMR,driver_233,route_242,7,10
ACURA_MDX_3G_MMR,driver_233,route_242,8,10
ACURA_MDX_3G_MMR,driver_233,route_242,9,10
ACURA_MDX_3G_MMR,driver_233,route_243,0,10
ACURA_MDX_3G_MMR,driver_233,route_243,1,10
ACURA_MDX_3G_MMR,driver_233,route_243,2,10
ACURA_MDX_3G_MMR,driver_233,route_243,3,10
ACURA_MDX_3G_MMR,driver_233,route_243,4,10
ACURA_MDX_3G_MMR,driver_233,route_243,5,10
ACURA_MDX_3G_MMR,driver_233,route_243,6,10
ACURA_MDX_3G_MMR,driver_233,route_244,0,10
ACURA_MDX_3G_MMR,driver_233,route_244,1,10
ACURA_MDX_3G_MMR,driver_233,route_244,2,10
ACURA_MDX_3G_MMR,driver_233,route_244,3,10
ACURA_MDX_3G_MMR,driver_233,route_244,4,10
ACURA_MDX_3G_MMR,driver_233,route_244,5,10
ACURA_MDX_3G_MMR,driver_233,route_244,6,10
ACURA_MDX_3G_MMR,driver_233,route_244,7,10
ACURA_MDX_3G_MMR,driver_233,route_244,8,10
ACURA_MDX_3G_MMR,driver_233,route_244,9,10
ACURA_MDX_3G_MMR,driver_233,route_244,10,10
ACURA_MDX_3G_MMR,driver_233,route_244,11,10
ACURA_MDX_3G_MMR,driver_233,route_244,12,10
ACURA_MDX_3G_MMR,driver_233,route_244,13,10
ACURA_MDX_3G_MMR,driver_233,route_244,14,10
ACURA_MDX_3G_MMR,driver_233,route_244,15,10
ACURA_MDX_3G_MMR,driver_233,route_244,16,10
ACURA_MDX_3G_MMR,driver_233,route_244,17,10
ACURA_MDX_3G_MMR,driver_233,route_244,18,10
ACURA_MDX_3G_MMR,driver_233,route_244,19,10
ACURA_MDX_3G_MMR,driver_233,route_244,20,10
ACURA_MDX_3G_MMR,driver_233,route_244,21,10
ACURA_MDX_3G_MMR,driver_233,route_244,22,10
ACURA_MDX_3G_MMR,driver_233,route_244,23,10
ACURA_MDX_3G_MMR,driver_233,route_244,24,10
ACURA_MDX_3G_MMR,driver_233,route_244,25,10
ACURA_MDX_3G_MMR,driver_233,route_244,26,10
ACURA_MDX_3G_MMR,driver_233,route_244,27,10
ACURA_MDX_3G_MMR,driver_233,route_244,28,10
ACURA_MDX_3G_MMR,driver_233,route_244,29,10
ACURA_MDX_3G_MMR,driver_233,route_244,30,10
ACURA_MDX_3G_MMR,driver_233,route_244,31,10
ACURA_MDX_3G_MMR,driver_233,route_244,32,10
ACURA_MDX_3G_MMR,driver_233,route_244,33,10
ACURA_MDX_3G_MMR,driver_233,route_244,34,10
ACURA_MDX_3G_MMR,driver_233,route_244,35,10
ACURA_MDX_3G_MMR,driver_233,route_244,36,10
ACURA_MDX_3G_MMR,driver_233,route_244,37,10
ACURA_MDX_3G_MMR,driver_233,route_244,38,10
ACURA_MDX_3G_MMR,driver_233,route_245,0,10
ACURA_MDX_3G_MMR,driver_233,route_245,1,10
ACURA_MDX_3G_MMR,driver_233,route_245,2,10
ACURA_MDX_3G_MMR,driver_233,route_245,3,10
ACURA_MDX_3G_MMR,driver_233,route_245,4,10
ACURA_MDX_3G_MMR,driver_233,route_245,5,10
ACURA_MDX_3G_MMR,driver_233,route_245,6,10
ACURA_MDX_3G_MMR,driver_233,route_246,0,10
ACURA_MDX_3G_MMR,driver_233,route_246,1,10
ACURA_MDX_3G_MMR,driver_233,route_246,2,10
ACURA_MDX_3G_MMR,driver_233,route_246,3,10
ACURA_MDX_3G_MMR,driver_233,route_246,4,10
ACURA_MDX_3G_MMR,driver_233,route_246,5,10
ACURA_MDX_3G_MMR,driver_233,route_246,6,10
ACURA_MDX_3G_MMR,driver_233,route_246,7,10
ACURA_MDX_3G_MMR,driver_233,route_246,8,10
ACURA_MDX_3G_MMR,driver_233,route_247,0,10
ACURA_MDX_3G_MMR,driver_233,route_247,1,10
ACURA_MDX_3G_MMR,driver_233,route_247,2,10
ACURA_MDX_3G_MMR,driver_233,route_247,3,10
ACURA_MDX_3G_MMR,driver_233,route_247,4,10
ACURA_MDX_3G_MMR,driver_233,route_247,5,10
ACURA_MDX_3G_MMR,driver_233,route_247,6,10
ACURA_MDX_3G_MMR,driver_233,route_247,7,10
ACURA_MDX_3G_MMR,driver_233,route_247,8,10
ACURA_MDX_3G_MMR,driver_233,route_247,9,10
ACURA_MDX_3G_MMR,driver_233,route_247,10,10
ACURA_MDX_3G_MMR,driver_233,route_247,11,10
ACURA_MDX_3G_MMR,driver_233,route_248,0,10
ACURA_MDX_3G_MMR,driver_233,route_248,1,10
ACURA_MDX_3G_MMR,driver_233,route_248,2,10
ACURA_MDX_3G_MMR,driver_233,route_248,3,10
ACURA_MDX_3G_MMR,driver_233,route_248,4,10
ACURA_MDX_3G_MMR,driver_233,route_248,5,10
ACURA_MDX_3G_MMR,driver_233,route_248,6,10
ACURA_MDX_3G_MMR,driver_233,route_248,7,10
ACURA_MDX_3G_MMR,driver_233,route_248,8,10
ACURA_MDX_3G_MMR,driver_233,route_248,9,10
ACURA_MDX_3G_MMR,driver_233,route_248,10,10
ACURA_MDX_3G_MMR,driver_233,route_248,11,10
ACURA_MDX_3G_MMR,driver_233,route_248,12,10
ACURA_MDX_3G_MMR,driver_233,route_248,13,10
ACURA_MDX_3G_MMR,driver_233,route_249,0,10
ACURA_MDX_3G_MMR,driver_233,route_249,1,10
ACURA_MDX_3G_MMR,driver_233,route_249,2,10
ACURA_MDX_3G_MMR,driver_233,route_249,3,10
ACURA_MDX_3G_MMR,driver_233,route_249,4,10
ACURA_MDX_3G_MMR,driver_233,route_249,5,10
ACURA_MDX_3G_MMR,driver_233,route_249,6,10
ACURA_MDX_3G_MMR,driver_233,route_249,7,10
ACURA_MDX_3G_MMR,driver_233,route_249,8,10
ACURA_MDX_3G_MMR,driver_233,route_249,9,10
ACURA_MDX_3G_MMR,driver_233,route_249,10,10
ACURA_MDX_3G_MMR,driver_233,route_249,11,10
ACURA_MDX_3G_MMR,driver_233,route_249,12,10
ACURA_MDX_3G_MMR,driver_233,route_249,13,10
ACURA_MDX_3G_MMR,driver_233,route_249,14,10
ACURA_MDX_3G_MMR,driver_233,route_249,15,10
ACURA_MDX_3G_MMR,driver_233,route_249,16,10
ACURA_MDX_3G_MMR,driver_233,route_250,0,10
ACURA_MDX_3G_MMR,driver_233,route_250,1,10
ACURA_MDX_3G_MMR,driver_233,route_250,2,10
ACURA_MDX_3G_MMR,driver_233,route_250,3,10
ACURA_MDX_3G_MMR,driver_233,route_250,4,10
ACURA_MDX_3G_MMR,driver_233,route_250,5,10
ACURA_MDX_3G_MMR,driver_233,route_250,6,10
ACURA_MDX_3G_MMR,driver_233,route_250,7,10
ACURA_MDX_3G_MMR,driver_233,route_250,8,10
ACURA_MDX_3G_MMR,driver_233,route_250,9,10
ACURA_MDX_3G_MMR,driver_233,route_251,0,10
ACURA_MDX_3G_MMR,driver_233,route_251,1,10
ACURA_MDX_3G_MMR,driver_233,route_251,2,10
ACURA_MDX_3G_MMR,driver_233,route_251,3,10
ACURA_MDX_3G_MMR,driver_233,route_251,4,10
ACURA_MDX_3G_MMR,driver_233,route_251,5,10
ACURA_MDX_3G_MMR,driver_233,route_251,6,10
ACURA_MDX_3G_MMR,driver_233,route_251,7,10
ACURA_MDX_3G_MMR,driver_233,route_251,8,10
ACURA_MDX_3G_MMR,driver_233,route_251,9,10
ACURA_MDX_3G_MMR,driver_233,route_251,10,10
ACURA_MDX_3G_MMR,driver_233,route_251,11,10
ACURA_MDX_3G_MMR,driver_233,route_251,12,10
ACURA_MDX_3G_MMR,driver_233,route_252,0,10
ACURA_MDX_3G_MMR,driver_233,route_253,0,10
ACURA_MDX_3G_MMR,driver_233,route_253,1,10
ACURA_MDX_3G_MMR,driver_233,route_253,2,10
ACURA_MDX_3G_MMR,driver_233,route_253,3,10
ACURA_MDX_3G_MMR,driver_233,route_253,4,10
ACURA_MDX_3G_MMR,driver_233,route_253,5,10
ACURA_MDX_3G_MMR,driver_233,route_253,6,10
ACURA_MDX_3G_MMR,driver_233,route_253,7,10
ACURA_MDX_3G_MMR,driver_233,route_253,8,10
ACURA_MDX_3G_MMR,driver_233,route_253,9,10
ACURA_MDX_3G_MMR,driver_233,route_253,10,10
ACURA_MDX_3G_MMR,driver_233,route_254,0,10
ACURA_MDX_3G_MMR,driver_233,route_254,1,10
ACURA_MDX_3G_MMR,driver_233,route_254,2,10
ACURA_MDX_3G_MMR,driver_233,route_254,3,10
ACURA_MDX_3G_MMR,driver_233,route_254,4,10
ACURA_MDX_3G_MMR,driver_233,route_254,5,10
ACURA_MDX_3G_MMR,driver_233,route_254,6,10
ACURA_MDX_3G_MMR,driver_233,route_254,7,10
ACURA_MDX_3G_MMR,driver_233,route_254,8,10
ACURA_MDX_3G_MMR,driver_233,route_254,9,10
ACURA_MDX_3G_MMR,driver_233,route_254,10,10
ACURA_MDX_3G_MMR,driver_233,route_254,11,10
ACURA_MDX_3G_MMR,driver_233,route_254,12,10
ACURA_MDX_3G_MMR,driver_233,route_254,13,10
ACURA_MDX_3G_MMR,driver_233,route_254,14,10
ACURA_MDX_3G_MMR,driver_233,route_254,15,10
ACURA_MDX_3G_MMR,driver_233,route_254,16,10
ACURA_MDX_3G_MMR,driver_233,route_254,17,10
ACURA_MDX_3G_MMR,driver_233,route_254,18,10
ACURA_MDX_3G_MMR,driver_233,route_254,19,10
ACURA_MDX_3G_MMR,driver_233,route_254,20,10
ACURA_MDX_3G_MMR,driver_233,route_254,21,10
ACURA_MDX_3G_MMR,driver_233,route_254,22,10
ACURA_MDX_3G_MMR,driver_233,route_254,23,10
ACURA_MDX_3G_MMR,driver_233,route_254,24,10
ACURA_MDX_3G_MMR,driver_233,route_254,25,10
ACURA_MDX_3G_MMR,driver_233,route_254,26,10
ACURA_MDX_3G_MMR,driver_233,route_254,27,10
ACURA_MDX_3G_MMR,driver_233,route_254,28,10
ACURA_MDX_3G_MMR,driver_233,route_254,29,10
ACURA_MDX_3G_MMR,driver_233,route_254,30,10
ACURA_MDX_3G_MMR,driver_233,route_254,31,10
ACURA_MDX_3G_MMR,driver_233,route_254,32,10
ACURA_MDX_3G_MMR,driver_233,route_254,33,10
ACURA_MDX_3G_MMR,driver_233,route_254,34,10
ACURA_MDX_3G_MMR,driver_233,route_254,35,10
ACURA_MDX_3G_MMR,driver_233,route_254,36,10
ACURA_MDX_3G_MMR,driver_233,route_254,37,10
ACURA_MDX_3G_MMR,driver_233,route_254,38,10
ACURA_MDX_3G_MMR,driver_233,route_254,39,10
ACURA_MDX_3G_MMR,driver_233,route_254,40,10
ACURA_MDX_3G_MMR,driver_233,route_254,41,10
ACURA_MDX_3G_MMR,driver_233,route_254,42,10
ACURA_MDX_3G_MMR,driver_233,route_254,43,10
ACURA_MDX_3G_MMR,driver_233,route_254,44,10
ACURA_MDX_3G_MMR,driver_233,route_254,45,10
ACURA_MDX_3G_MMR,driver_233,route_255,0,10
ACURA_MDX_3G_MMR,driver_233,route_255,1,10
ACURA_MDX_3G_MMR,driver_233,route_255,2,10
ACURA_MDX_3G_MMR,driver_233,route_255,3,10
ACURA_MDX_3G_MMR,driver_233,route_255,4,10
ACURA_MDX_3G_MMR,driver_233,route_255,5,10
ACURA_MDX_3G_MMR,driver_233,route_255,6,10
ACURA_MDX_3G_MMR,driver_233,route_255,7,10
ACURA_MDX_3G_MMR,driver_233,route_255,8,10
ACURA_MDX_3G_MMR,driver_233,route_255,9,10
ACURA_MDX_3G_MMR,driver_233,route_255,10,10
ACURA_MDX_3G_MMR,driver_233,route_256,0,10
ACURA_MDX_3G_MMR,driver_233,route_256,1,10
ACURA_MDX_3G_MMR,driver_233,route_256,2,10
ACURA_MDX_3G_MMR,driver_233,route_256,3,10
ACURA_MDX_3G_MMR,driver_233,route_256,4,10
ACURA_MDX_3G_MMR,driver_233,route_256,5,10
ACURA_MDX_3G_MMR,driver_233,route_256,6,10
ACURA_MDX_3G_MMR,driver_233,route_257,0,10
ACURA_MDX_3G_MMR,driver_233,route_257,1,10
ACURA_MDX_3G_MMR,driver_233,route_257,2,10
ACURA_MDX_3G_MMR,driver_233,route_257,3,10
ACURA_MDX_3G_MMR,driver_233,route_257,4,10
ACURA_MDX_3G_MMR,driver_233,route_258,0,10
ACURA_MDX_3G_MMR,driver_233,route_258,1,10
ACURA_MDX_3G_MMR,driver_233,route_258,2,10
ACURA_MDX_3G_MMR,driver_233,route_258,3,10
ACURA_MDX_3G_MMR,driver_233,route_258,4,10
ACURA_MDX_3G_MMR,driver_233,route_258,5,10
ACURA_MDX_3G_MMR,driver_233,route_258,6,10
ACURA_MDX_3G_MMR,driver_233,route_258,7,10
ACURA_MDX_3G_MMR,driver_233,route_258,8,10
ACURA_MDX_3G_MMR,driver_233,route_258,9,10
ACURA_MDX_3G_MMR,driver_233,route_258,10,10
ACURA_MDX_3G_MMR,driver_233,route_258,11,10
ACURA_MDX_3G_MMR,driver_233,route_258,12,10
ACURA_MDX_3G_MMR,driver_233,route_258,13,10
ACURA_MDX_3G_MMR,driver_233,route_258,14,10
ACURA_MDX_3G_MMR,driver_233,route_258,15,10
ACURA_MDX_3G_MMR,driver_233,route_259,0,10
ACURA_MDX_3G_MMR,driver_233,route_259,1,10
ACURA_MDX_3G_MMR,driver_233,route_259,2,10
ACURA_MDX_3G_MMR,driver_233,route_260,0,10
ACURA_MDX_3G_MMR,driver_233,route_260,1,10
ACURA_MDX_3G_MMR,driver_233,route_260,2,10
ACURA_MDX_3G_MMR,driver_233,route_260,3,10
ACURA_MDX_3G_MMR,driver_233,route_260,4,10
ACURA_MDX_3G_MMR,driver_233,route_260,5,10
ACURA_MDX_3G_MMR,driver_233,route_260,6,10
ACURA_MDX_3G_MMR,driver_233,route_260,7,10
ACURA_MDX_3G_MMR,driver_233,route_260,8,10
ACURA_MDX_3G_MMR,driver_233,route_260,9,10
ACURA_MDX_3G_MMR,driver_233,route_260,10,10
ACURA_MDX_3G_MMR,driver_233,route_260,11,10
ACURA_MDX_3G_MMR,driver_233,route_260,12,10
ACURA_MDX_3G_MMR,driver_233,route_260,13,10
ACURA_MDX_3G_MMR,driver_233,route_260,14,10
ACURA_MDX_3G_MMR,driver_233,route_260,15,10
ACURA_MDX_3G_MMR,driver_233,route_260,16,10
ACURA_MDX_3G_MMR,driver_233,route_260,17,10
ACURA_MDX_3G_MMR,driver_233,route_260,18,10
ACURA_MDX_3G_MMR,driver_233,route_260,19,10
ACURA_MDX_3G_MMR,driver_233,route_260,20,10
ACURA_MDX_3G_MMR,driver_233,route_260,21,10
ACURA_MDX_3G_MMR,driver_233,route_260,22,10
ACURA_MDX_3G_MMR,driver_233,route_260,23,10
ACURA_MDX_3G_MMR,driver_233,route_260,24,10
ACURA_MDX_3G_MMR,driver_233,route_260,25,10
ACURA_MDX_3G_MMR,driver_233,route_260,26,10
ACURA_MDX_3G_MMR,driver_233,route_260,27,10
ACURA_MDX_3G_MMR,driver_233,route_260,28,10
ACURA_MDX_3G_MMR,driver_233,route_260,29,10
ACURA_MDX_3G_MMR,driver_233,route_260,30,10
ACURA_MDX_3G_MMR,driver_233,route_261,0,10
ACURA_MDX_3G_MMR,driver_233,route_261,1,10
ACURA_MDX_3G_MMR,driver_233,route_261,2,10
ACURA_MDX_3G_MMR,driver_233,route_261,3,10
ACURA_MDX_3G_MMR,driver_233,route_261,4,10
ACURA_MDX_3G_MMR,driver_233,route_261,5,10
ACURA_MDX_3G_MMR,driver_233,route_261,6,10
ACURA_MDX_3G_MMR,driver_233,route_261,7,10
ACURA_MDX_3G_MMR,driver_233,route_261,8,10
ACURA_MDX_3G_MMR,driver_233,route_262,0,10
ACURA_MDX_3G_MMR,driver_233,route_262,1,10
ACURA_MDX_3G_MMR,driver_233,route_262,2,10
ACURA_MDX_3G_MMR,driver_233,route_262,3,10
ACURA_MDX_3G_MMR,driver_233,route_263,0,10
ACURA_MDX_3G_MMR,driver_233,route_263,1,10
ACURA_MDX_3G_MMR,driver_233,route_263,2,10
ACURA_MDX_3G_MMR,driver_233,route_263,3,10
ACURA_MDX_3G_MMR,driver_233,route_263,4,10
ACURA_MDX_3G_MMR,driver_233,route_263,5,10
ACURA_MDX_3G_MMR,driver_233,route_263,6,10
ACURA_MDX_3G_MMR,driver_233,route_263,7,10
ACURA_MDX_3G_MMR,driver_233,route_263,8,10
ACURA_MDX_3G_MMR,driver_233,route_263,9,10
ACURA_MDX_3G_MMR,driver_233,route_263,10,10
ACURA_MDX_3G_MMR,driver_233,route_264,0,10
ACURA_MDX_3G_MMR,driver_233,route_264,1,10
ACURA_MDX_3G_MMR,driver_233,route_264,2,10
ACURA_MDX_3G_MMR,driver_233,route_264,3,10
ACURA_MDX_3G_MMR,driver_233,route_264,4,10
ACURA_MDX_3G_MMR,driver_233,route_264,5,10
ACURA_MDX_3G_MMR,driver_233,route_264,6,10
ACURA_MDX_3G_MMR,driver_233,route_264,7,10
ACURA_MDX_3G_MMR,driver_233,route_264,8,10
ACURA_MDX_3G_MMR,driver_233,route_264,9,10
ACURA_MDX_3G_MMR,driver_233,route_264,10,10
ACURA_MDX_3G_MMR,driver_233,route_264,11,10
ACURA_TLX_1G,driver_363,route_001,0,15
ACURA_TLX_1G,driver_363,route_001,1,15
ACURA_TLX_1G,driver_363,route_001,2,15
ACURA_TLX_1G,driver_363,route_001,3,15
ACURA_TLX_1G,driver_363,route_001,4,15
ACURA_TLX_1G,driver_363,route_001,5,15
ACURA_TLX_1G,driver_363,route_001,6,15
ACURA_TLX_1G,driver_363,route_001,7,15
ACURA_TLX_1G,driver_363,route_001,8,15
ACURA_TLX_1G,driver_363,route_001,9,15
ACURA_TLX_1G,driver_363,route_002,0,15
ACURA_TLX_1G,driver_363,route_002,1,15
ACURA_TLX_1G,driver_363,route_002,2,15
ACURA_TLX_1G,driver_363,route_002,3,15
ACURA_TLX_1G,driver_363,route_002,4,15
ACURA_TLX_1G,driver_363,route_002,5,15
ACURA_TLX_1G,driver_363,route_002,6,15
ACURA_TLX_1G,driver_363,route_002,7,15
ACURA_TLX_1G,driver_363,route_002,8,15
ACURA_TLX_1G,driver_363,route_002,9,15
ACURA_TLX_1G,driver_363,route_002,10,15
ACURA_TLX_1G,driver_363,route_002,11,15
ACURA_TLX_1G,driver_363,route_002,12,15
ACURA_TLX_1G,driver_363,route_002,13,15
ACURA_TLX_1G,driver_363,route_002,14,15
ACURA_TLX_1G,driver_363,route_002,15,15
ACURA_TLX_1G,driver_363,route_002,16,15
ACURA_TLX_1G,driver_363,route_002,17,15
ACURA_TLX_1G,driver_363,route_002,18,15
ACURA_TLX_1G,driver_363,route_002,19,15
ACURA_TLX_1G,driver_363,route_002,20,15
ACURA_TLX_1G,driver_363,route_002,21,15
ACURA_TLX_1G,driver_363,route_002,22,15
ACURA_TLX_1G,driver_363,route_002,23,15
ACURA_TLX_1G,driver_363,route_002,24,15
ACURA_TLX_1G,driver_363,route_002,25,15
ACURA_TLX_1G,driver_363,route_002,26,15
ACURA_TLX_1G,driver_363,route_003,0,15
ACURA_TLX_1G,driver_363,route_003,1,15
ACURA_TLX_1G,driver_363,route_003,2,15
ACURA_TLX_1G,driver_363,route_003,3,15
ACURA_TLX_1G,driver_363,route_003,4,15
ACURA_TLX_1G,driver_363,route_003,5,15
ACURA_TLX_1G,driver_363,route_004,0,15
ACURA_TLX_1G,driver_363,route_004,1,15
ACURA_TLX_1G,driver_363,route_004,2,15
ACURA_TLX_1G,driver_363,route_005,0,15
ACURA_TLX_1G,driver_363,route_005,1,15
ACURA_TLX_1G,driver_363,route_005,2,15
ACURA_TLX_1G,driver_363,route_005,3,15
ACURA_TLX_1G,driver_363,route_006,0,15
ACURA_TLX_1G,driver_363,route_006,1,15
ACURA_TLX_1G,driver_363,route_006,2,15
ACURA_TLX_1G,driver_363,route_006,3,15
ACURA_TLX_1G,driver_363,route_006,4,15
ACURA_TLX_1G,driver_363,route_006,5,15
ACURA_TLX_1G,driver_363,route_006,6,15
ACURA_TLX_1G,driver_363,route_006,7,15
ACURA_TLX_1G,driver_363,route_006,8,15
ACURA_TLX_1G,driver_363,route_006,9,15
ACURA_TLX_1G,driver_363,route_006,10,15
ACURA_TLX_1G,driver_363,route_006,11,15
ACURA_TLX_1G,driver_363,route_006,12,15
ACURA_TLX_1G,driver_363,route_006,13,15
ACURA_TLX_1G,driver_363,route_006,14,15
ACURA_TLX_1G,driver_363,route_006,15,15
ACURA_TLX_1G,driver_363,route_006,16,15
ACURA_TLX_1G,driver_363,route_006,17,15
ACURA_TLX_1G,driver_363,route_006,18,15
ACURA_TLX_1G,driver_363,route_006,19,15
ACURA_TLX_1G,driver_363,route_006,20,15
ACURA_TLX_1G,driver_363,route_006,21,15
ACURA_TLX_1G,driver_363,route_006,22,15
ACURA_TLX_1G,driver_363,route_007,0,15
ACURA_TLX_1G,driver_363,route_007,1,15
ACURA_TLX_1G,driver_363,route_007,2,15
ACURA_TLX_1G,driver_363,route_007,3,15
ACURA_TLX_1G,driver_363,route_007,4,15
ACURA_TLX_1G,driver_363,route_007,5,15
ACURA_TLX_1G,driver_363,route_007,6,15
ACURA_TLX_1G,driver_363,route_007,7,15
ACURA_TLX_1G,driver_363,route_007,8,15
ACURA_TLX_1G,driver_363,route_007,9,15
ACURA_TLX_1G,driver_363,route_007,10,15
ACURA_TLX_1G,driver_363,route_007,11,15
ACURA_TLX_1G,driver_363,route_007,12,15
ACURA_TLX_1G,driver_363,route_007,13,15
ACURA_TLX_1G,driver_363,route_007,14,15
ACURA_TLX_1G,driver_363,route_007,15,15
ACURA_TLX_1G,driver_363,route_007,16,15
ACURA_TLX_1G,driver_363,route_007,17,15
ACURA_TLX_1G,driver_363,route_007,18,15
ACURA_TLX_1G,driver_363,route_007,19,15
ACURA_TLX_1G,driver_363,route_007,20,15
ACURA_TLX_1G,driver_363,route_007,21,15
ACURA_TLX_1G,driver_363,route_008,0,15
ACURA_TLX_1G,driver_363,route_008,1,15
ACURA_TLX_1G,driver_363,route_010,0,15
ACURA_TLX_1G,driver_363,route_010,1,15
ACURA_TLX_1G,driver_363,route_010,2,15
ACURA_TLX_1G,driver_363,route_010,3,15
ACURA_TLX_1G,driver_363,route_010,4,15
ACURA_TLX_1G,driver_363,route_010,5,15
ACURA_TLX_1G,driver_363,route_010,6,15
ACURA_TLX_1G,driver_363,route_010,7,15
ACURA_TLX_1G,driver_363,route_010,8,15
ACURA_TLX_1G,driver_363,route_010,9,15
ACURA_TLX_1G,driver_363,route_010,10,15
ACURA_TLX_1G,driver_363,route_010,11,15
ACURA_TLX_1G,driver_363,route_010,12,15
ACURA_TLX_1G,driver_363,route_010,13,15
ACURA_TLX_1G,driver_363,route_010,14,15
ACURA_TLX_1G,driver_363,route_010,15,15
ACURA_TLX_1G,driver_363,route_010,16,15
ACURA_TLX_1G,driver_363,route_010,17,15
ACURA_TLX_1G,driver_363,route_010,18,15
ACURA_TLX_1G,driver_363,route_010,19,15
ACURA_TLX_1G,driver_363,route_010,20,15
ACURA_TLX_1G,driver_363,route_010,21,15
ACURA_TLX_1G,driver_363,route_010,22,15
ACURA_TLX_2G,driver_337,route_001,0,15
ACURA_TLX_2G,driver_337,route_001,1,15
ACURA_TLX_2G,driver_337,route_001,2,15
ACURA_TLX_2G,driver_337,route_001,3,15
ACURA_TLX_2G,driver_337,route_001,4,15
ACURA_TLX_2G,driver_337,route_001,5,15
ALFA_ROMEO_STELVIO_1ST_GEN,driver_338,route_001,0,15
ALFA_ROMEO_STELVIO_1ST_GEN,driver_338,route_001,1,15
AUDI_A4_4TH_GEN,driver_157,route_001,0,15
AUDI_A4_4TH_GEN,driver_157,route_001,1,15
AUDI_A4_4TH_GEN,driver_157,route_001,2,15
AUDI_A4_4TH_GEN,driver_157,route_001,3,15
AUDI_A4_4TH_GEN,driver_157,route_001,4,15
AUDI_A4_4TH_GEN,driver_157,route_001,5,15
AUDI_A4_4TH_GEN,driver_157,route_001,6,15
AUDI_A4_4TH_GEN,driver_157,route_001,7,15
AUDI_A4_4TH_GEN,driver_157,route_001,8,15
AUDI_A4_4TH_GEN,driver_157,route_001,9,15
AUDI_Q5_MK1,driver_128,route_001,0,15
AUDI_Q5_MK1,driver_128,route_001,1,15
AUDI_Q5_MK1,driver_128,route_001,2,15
AUDI_Q5_MK1,driver_128,route_001,3,15
AUDI_Q5_MK1,driver_128,route_001,4,15
AUDI_Q5_MK1,driver_128,route_001,5,15
AUDI_Q5_MK1,driver_128,route_001,6,15
AUDI_Q5_MK1,driver_128,route_001,7,15
AUDI_Q5_MK1,driver_128,route_001,8,15
AUDI_Q5_MK1,driver_128,route_001,9,15
AUDI_Q5_MK1,driver_128,route_001,10,15
AUDI_Q5_MK1,driver_128,route_001,11,15
AUDI_Q5_MK1,driver_128,route_001,12,15
AUDI_Q5_MK1,driver_128,route_001,13,15
AUDI_Q5_MK1,driver_128,route_001,14,15
AUDI_Q5_MK1,driver_128,route_001,15,15
AUDI_Q5_MK1,driver_128,route_001,16,10
AUDI_Q5_MK1,driver_128,route_002,0,15
AUDI_Q5_MK1,driver_128,route_002,1,15
AUDI_Q5_MK1,driver_128,route_002,2,15
AUDI_Q5_MK1,driver_128,route_002,3,15
AUDI_Q5_MK1,driver_128,route_002,4,15
AUDI_Q5_MK1,driver_128,route_002,5,15
AUDI_Q5_MK1,driver_128,route_002,6,15
AUDI_Q5_MK1,driver_128,route_002,7,15
AUDI_Q5_MK1,driver_128,route_002,8,10
AUDI_Q5_MK1,driver_128,route_003,0,15
AUDI_Q5_MK1,driver_128,route_003,1,15
AUDI_Q5_MK1,driver_128,route_003,2,15
AUDI_Q5_MK1,driver_128,route_003,3,15
AUDI_Q5_MK1,driver_128,route_003,4,15
AUDI_Q5_MK1,driver_128,route_004,0,15
AUDI_Q5_MK1,driver_128,route_004,1,15
AUDI_Q5_MK1,driver_128,route_004,2,15
BYD_ATTO3,driver_243,route_001,0,15
BYD_ATTO3,driver_243,route_001,1,15
CHEVROLET_BOLT_EUV,driver_042,route_001,0,15
CHEVROLET_BOLT_EUV,driver_042,route_001,1,15
CHEVROLET_BOLT_EUV,driver_042,route_001,2,15
CHEVROLET_BOLT_EUV,driver_042,route_001,3,15
CHEVROLET_BOLT_EUV,driver_042,route_001,4,15
CHEVROLET_BOLT_EUV,driver_042,route_001,5,15
CHEVROLET_BOLT_EUV,driver_042,route_002,0,15
CHEVROLET_BOLT_EUV,driver_042,route_002,1,15
CHEVROLET_BOLT_EUV,driver_042,route_003,0,15
CHEVROLET_BOLT_EUV,driver_042,route_004,0,15
CHEVROLET_BOLT_EUV,driver_042,route_005,0,15
CHEVROLET_BOLT_EUV,driver_042,route_005,1,15
CHEVROLET_BOLT_EUV,driver_042,route_005,2,15
CHEVROLET_BOLT_EUV,driver_042,route_005,3,15
CHEVROLET_BOLT_EUV,driver_042,route_005,4,15
CHEVROLET_BOLT_EUV,driver_116,route_001,0,15
CHEVROLET_BOLT_EUV,driver_116,route_001,1,15
CHEVROLET_BOLT_EUV,driver_116,route_001,2,15
CHEVROLET_BOLT_EUV,driver_116,route_002,0,15
CHEVROLET_BOLT_EUV,driver_116,route_002,1,15
CHEVROLET_BOLT_EUV,driver_116,route_002,2,15
CHEVROLET_BOLT_EUV,driver_116,route_002,3,15
CHEVROLET_BOLT_EUV,driver_116,route_002,4,15
CHEVROLET_BOLT_EUV,driver_116,route_002,5,10
CHEVROLET_BOLT_EUV,driver_116,route_003,0,15
CHEVROLET_BOLT_EUV,driver_116,route_003,1,15
CHEVROLET_BOLT_EUV,driver_116,route_003,2,15
CHEVROLET_BOLT_EUV,driver_116,route_003,3,15
CHEVROLET_BOLT_EUV,driver_116,route_003,4,15
CHEVROLET_BOLT_EUV,driver_116,route_003,5,15
CHEVROLET_BOLT_EUV,driver_116,route_004,0,15
CHEVROLET_BOLT_EUV,driver_116,route_005,0,15
CHEVROLET_BOLT_EUV,driver_116,route_005,1,15
CHEVROLET_BOLT_EUV,driver_116,route_006,0,10
CHEVROLET_BOLT_EUV,driver_116,route_006,1,10
CHEVROLET_BOLT_EUV,driver_116,route_006,2,10
CHEVROLET_BOLT_EUV,driver_116,route_006,3,10
CHEVROLET_BOLT_EUV,driver_116,route_006,4,10
CHEVROLET_BOLT_EUV,driver_116,route_006,5,10
CHEVROLET_BOLT_EUV,driver_116,route_006,6,10
CHEVROLET_BOLT_EUV,driver_116,route_006,7,10
CHEVROLET_BOLT_EUV,driver_116,route_007,0,15
CHEVROLET_BOLT_EUV,driver_116,route_007,1,15
CHEVROLET_BOLT_EUV,driver_116,route_007,2,15
CHEVROLET_BOLT_EUV,driver_116,route_007,3,15
CHEVROLET_BOLT_EUV,driver_116,route_007,4,10
CHEVROLET_BOLT_EUV,driver_116,route_008,0,15
CHEVROLET_BOLT_EUV,driver_116,route_008,1,15
CHEVROLET_BOLT_EUV,driver_116,route_008,2,15
CHEVROLET_BOLT_EUV,driver_116,route_008,3,15
CHEVROLET_BOLT_EUV,driver_116,route_008,4,15
CHEVROLET_BOLT_EUV,driver_194,route_001,0,15
CHEVROLET_BOLT_EUV,driver_194,route_001,1,15
CHEVROLET_BOLT_EUV,driver_194,route_001,2,15
CHEVROLET_BOLT_EUV,driver_194,route_001,3,15
CHEVROLET_BOLT_EUV,driver_194,route_002,0,15
CHEVROLET_BOLT_EUV,driver_194,route_002,1,15
CHEVROLET_BOLT_EUV,driver_194,route_002,2,15
CHEVROLET_BOLT_EUV,driver_194,route_002,3,15
CHEVROLET_BOLT_EUV,driver_194,route_002,4,15
CHEVROLET_BOLT_EUV,driver_194,route_002,5,15
CHEVROLET_BOLT_EUV,driver_194,route_002,6,15
CHEVROLET_BOLT_EUV,driver_194,route_002,7,15
CHEVROLET_BOLT_EUV,driver_194,route_002,8,15
CHEVROLET_BOLT_EUV,driver_194,route_002,9,15
CHEVROLET_BOLT_EUV,driver_194,route_002,10,15
CHEVROLET_BOLT_EUV,driver_194,route_002,11,15
CHEVROLET_BOLT_EUV,driver_194,route_002,12,15
CHEVROLET_BOLT_EUV,driver_194,route_002,13,15
CHEVROLET_BOLT_EUV,driver_194,route_002,14,15
CHEVROLET_BOLT_EUV,driver_194,route_002,15,15
CHEVROLET_BOLT_EUV,driver_194,route_002,16,15
CHEVROLET_BOLT_EUV,driver_194,route_002,17,15
CHEVROLET_BOLT_EUV,driver_194,route_002,18,15
CHEVROLET_BOLT_EUV,driver_194,route_002,19,15
CHEVROLET_BOLT_EUV,driver_194,route_003,0,15
CHEVROLET_BOLT_EUV,driver_194,route_003,1,15
CHEVROLET_BOLT_EUV,driver_194,route_003,2,15
CHEVROLET_BOLT_EUV,driver_194,route_003,3,15
CHEVROLET_BOLT_EUV,driver_194,route_003,4,15
CHEVROLET_BOLT_EUV,driver_194,route_003,5,15
CHEVROLET_BOLT_EUV,driver_194,route_003,6,15
CHEVROLET_BOLT_EUV,driver_194,route_003,7,15
CHEVROLET_BOLT_EUV,driver_194,route_003,8,15
CHEVROLET_BOLT_EUV,driver_194,route_003,9,15
CHEVROLET_BOLT_EUV,driver_194,route_003,10,15
CHEVROLET_BOLT_EUV,driver_194,route_004,0,15
CHEVROLET_BOLT_EUV,driver_194,route_004,1,15
CHEVROLET_BOLT_EUV,driver_194,route_004,2,15
CHEVROLET_BOLT_EUV,driver_194,route_004,3,15
CHEVROLET_BOLT_EUV,driver_194,route_004,4,15
CHEVROLET_BOLT_EUV,driver_194,route_004,5,15
CHEVROLET_BOLT_EUV,driver_194,route_004,6,15
CHEVROLET_BOLT_EUV,driver_194,route_004,7,15
CHEVROLET_BOLT_EUV,driver_194,route_004,8,10
CHEVROLET_BOLT_EUV,driver_194,route_005,0,10
CHEVROLET_BOLT_EUV,driver_194,route_005,1,10
CHEVROLET_BOLT_EUV,driver_194,route_005,2,10
CHEVROLET_BOLT_EUV,driver_194,route_005,3,10
CHEVROLET_BOLT_EUV,driver_194,route_005,4,10
CHEVROLET_BOLT_EUV,driver_194,route_006,0,15
CHEVROLET_BOLT_EUV,driver_194,route_006,1,15
CHEVROLET_BOLT_EUV,driver_194,route_006,2,15
CHEVROLET_BOLT_EUV,driver_194,route_006,3,15
CHEVROLET_BOLT_EUV,driver_194,route_007,0,15
CHEVROLET_BOLT_EUV,driver_194,route_007,1,15
CHEVROLET_BOLT_EUV,driver_194,route_007,2,15
CHEVROLET_BOLT_EUV,driver_194,route_007,3,15
CHEVROLET_BOLT_EUV,driver_194,route_007,4,15
CHEVROLET_BOLT_EUV,driver_194,route_007,5,15
CHEVROLET_BOLT_EUV,driver_194,route_007,6,15
CHEVROLET_BOLT_EUV,driver_194,route_007,7,15
CHEVROLET_BOLT_EUV,driver_194,route_008,0,15
CHEVROLET_BOLT_EUV,driver_194,route_008,1,15
CHEVROLET_BOLT_EUV,driver_194,route_008,2,15
CHEVROLET_BOLT_EUV,driver_194,route_008,3,15
CHEVROLET_BOLT_EUV,driver_194,route_008,4,15
CHEVROLET_BOLT_EUV,driver_194,route_008,5,15
CHEVROLET_BOLT_EUV,driver_194,route_008,6,15
CHEVROLET_BOLT_EUV,driver_194,route_008,7,15
CHEVROLET_BOLT_EUV,driver_194,route_008,8,15
CHEVROLET_BOLT_EUV,driver_194,route_008,9,15
CHEVROLET_BOLT_EUV,driver_194,route_008,10,15
CHEVROLET_BOLT_EUV,driver_194,route_008,11,15
CHEVROLET_BOLT_EUV,driver_194,route_008,12,15
CHEVROLET_BOLT_EUV,driver_194,route_008,13,15
CHEVROLET_BOLT_EUV,driver_194,route_008,14,15
CHEVROLET_BOLT_EUV,driver_194,route_008,15,15
CHEVROLET_BOLT_EUV,driver_194,route_008,16,15
CHEVROLET_BOLT_EUV,driver_194,route_009,0,15
CHEVROLET_BOLT_EUV,driver_194,route_009,1,15
CHEVROLET_BOLT_EUV,driver_194,route_009,2,15
CHEVROLET_BOLT_EUV,driver_194,route_009,3,15
CHEVROLET_BOLT_EUV,driver_194,route_009,4,15
CHEVROLET_BOLT_EUV,driver_194,route_009,5,15
CHEVROLET_BOLT_EUV,driver_194,route_009,6,15
CHEVROLET_BOLT_EUV,driver_194,route_009,7,15
CHEVROLET_BOLT_EUV,driver_194,route_009,8,15
CHEVROLET_BOLT_EUV,driver_194,route_009,9,15
CHEVROLET_BOLT_EUV,driver_194,route_009,10,15
CHEVROLET_BOLT_EUV,driver_194,route_009,11,15
CHEVROLET_BOLT_EUV,driver_194,route_009,12,15
CHEVROLET_BOLT_EUV,driver_194,route_009,13,15
CHEVROLET_BOLT_EUV,driver_194,route_009,14,15
CHEVROLET_BOLT_EUV,driver_194,route_009,15,15
CHEVROLET_BOLT_EUV,driver_194,route_009,16,15
CHEVROLET_BOLT_EUV,driver_194,route_010,0,15
CHEVROLET_BOLT_EUV,driver_194,route_010,1,15
CHEVROLET_BOLT_EUV,driver_194,route_010,2,15
CHEVROLET_BOLT_EUV,driver_194,route_010,3,15
CHEVROLET_BOLT_EUV,driver_194,route_011,0,15
CHEVROLET_BOLT_EUV,driver_194,route_011,1,15
CHEVROLET_BOLT_EUV,driver_194,route_011,2,15
CHEVROLET_BOLT_EUV,driver_194,route_011,3,15
CHEVROLET_BOLT_EUV,driver_194,route_011,4,15
CHEVROLET_BOLT_EUV,driver_194,route_011,5,15
CHEVROLET_BOLT_EUV_2022,driver_025,route_001,0,10
CHEVROLET_BOLT_EUV_2022,driver_025,route_001,1,10
CHEVROLET_BOLT_EUV_2022,driver_025,route_001,2,10
CHEVROLET_BOLT_EUV_2022,driver_025,route_001,3,10
CHEVROLET_BOLT_EUV_2022,driver_025,route_001,4,10
CHEVROLET_BOLT_EUV_2022,driver_025,route_001,5,10
CHEVROLET_BOLT_EUV_2022,driver_025,route_001,6,10
CHEVROLET_BOLT_EUV_2022,driver_025,route_001,7,10
CHEVROLET_BOLT_EUV_2022,driver_025,route_001,8,10
CHEVROLET_BOLT_EUV_2022,driver_025,route_001,9,10
CHEVROLET_BOLT_EUV_2022,driver_025,route_001,10,10
CHEVROLET_BOLT_EUV_2022,driver_025,route_001,11,10
CHEVROLET_BOLT_EUV_2022,driver_025,route_001,12,10
CHEVROLET_BOLT_EUV_2022,driver_025,route_001,13,10
CHEVROLET_BOLT_EUV_2022,driver_025,route_002,0,15
CHEVROLET_BOLT_EUV_2022,driver_025,route_002,1,15
CHEVROLET_BOLT_EUV_2022,driver_025,route_002,2,15
CHEVROLET_BOLT_EUV_2022,driver_025,route_002,3,15
CHEVROLET_BOLT_EUV_2022,driver_025,route_002,4,15
CHEVROLET_BOLT_EUV_2022,driver_025,route_002,5,15
CHEVROLET_BOLT_EUV_2022,driver_025,route_002,6,15
CHEVROLET_BOLT_EUV_2022,driver_025,route_002,7,15
CHEVROLET_BOLT_EUV_2022,driver_025,route_002,8,15
CHEVROLET_BOLT_EUV_2022,driver_025,route_002,9,15
CHEVROLET_BOLT_EUV_2022,driver_025,route_002,10,15
CHEVROLET_BOLT_EUV_2022,driver_025,route_003,0,15
CHEVROLET_BOLT_EUV_2022,driver_025,route_003,1,15
CHEVROLET_BOLT_EUV_2022,driver_025,route_004,0,15
CHEVROLET_BOLT_EUV_2022,driver_025,route_004,1,15
CHEVROLET_BOLT_EUV_2022,driver_025,route_004,2,15
CHEVROLET_BOLT_EUV_2022,driver_025,route_005,0,15
CHEVROLET_BOLT_EUV_2022,driver_025,route_005,1,15
CHEVROLET_BOLT_EUV_2022,driver_025,route_005,2,15
CHEVROLET_BOLT_EUV_2022,driver_025,route_005,3,15
CHEVROLET_BOLT_EUV_2022,driver_025,route_005,4,15
CHEVROLET_BOLT_EUV_2022,driver_025,route_005,5,15
CHEVROLET_BOLT_EUV_2022,driver_025,route_005,6,15
CHEVROLET_BOLT_EUV_2022,driver_025,route_005,7,15
CHEVROLET_BOLT_EUV_2022,driver_025,route_005,8,15
CHEVROLET_BOLT_EUV_2022,driver_025,route_005,9,15
CHEVROLET_BOLT_EUV_2022,driver_025,route_005,10,15
CHEVROLET_BOLT_EUV_2022,driver_025,route_005,11,15
CHEVROLET_BOLT_EUV_2022,driver_067,route_001,0,15
CHEVROLET_BOLT_EUV_2022,driver_067,route_001,1,15
CHEVROLET_BOLT_EUV_2022,driver_067,route_001,2,15
CHEVROLET_BOLT_EUV_2022,driver_067,route_002,0,15
CHEVROLET_BOLT_EUV_2022,driver_067,route_002,1,15
CHEVROLET_BOLT_EUV_2022,driver_067,route_003,0,15
CHEVROLET_BOLT_EUV_2022,driver_067,route_003,1,15
CHEVROLET_BOLT_EUV_2022,driver_067,route_004,0,15
CHEVROLET_BOLT_EUV_2022,driver_067,route_004,1,15
CHEVROLET_BOLT_EUV_2022,driver_067,route_004,2,15
CHEVROLET_BOLT_EUV_2022,driver_067,route_005,0,15
CHEVROLET_BOLT_EUV_2022,driver_067,route_005,1,15
CHEVROLET_BOLT_EUV_2022,driver_067,route_005,2,15
CHEVROLET_BOLT_EUV_2022,driver_067,route_005,3,15
CHEVROLET_BOLT_EUV_2022,driver_067,route_005,4,15
CHEVROLET_BOLT_EUV_2022,driver_067,route_005,5,15
CHEVROLET_BOLT_EUV_2022,driver_067,route_005,6,15
CHEVROLET_BOLT_EUV_2022,driver_067,route_005,7,15
CHEVROLET_BOLT_EUV_2022,driver_067,route_005,8,15
CHEVROLET_BOLT_EUV_2022,driver_067,route_005,9,10
CHEVROLET_BOLT_EUV_2022,driver_067,route_005,10,10
CHEVROLET_BOLT_EUV_2022,driver_067,route_005,11,10
CHEVROLET_BOLT_EUV_2022,driver_067,route_005,12,10
CHEVROLET_BOLT_EUV_2022,driver_067,route_005,13,10
CHEVROLET_BOLT_EUV_2022,driver_067,route_006,0,15
CHEVROLET_BOLT_EUV_2022,driver_067,route_006,1,15
CHEVROLET_BOLT_EUV_2022,driver_067,route_006,2,15
CHEVROLET_BOLT_EUV_2022,driver_067,route_006,3,15
CHEVROLET_BOLT_EUV_2022,driver_067,route_006,4,15
CHEVROLET_BOLT_EUV_2022,driver_067,route_006,5,15
CHEVROLET_BOLT_EUV_2022,driver_067,route_006,6,15
CHEVROLET_BOLT_EUV_2022,driver_067,route_006,7,15
CHEVROLET_BOLT_EUV_2022,driver_067,route_006,8,10
CHEVROLET_BOLT_EUV_2022,driver_067,route_006,9,10
CHEVROLET_BOLT_EUV_2022,driver_067,route_007,0,15
CHEVROLET_BOLT_EUV_2022,driver_067,route_007,1,15
CHEVROLET_BOLT_EUV_2022,driver_067,route_007,2,15
CHEVROLET_BOLT_EUV_2022,driver_067,route_008,0,15
CHEVROLET_BOLT_EUV_2022,driver_067,route_008,1,15
CHEVROLET_BOLT_EUV_2022,driver_067,route_008,2,15
CHEVROLET_BOLT_EUV_2022,driver_067,route_008,3,15
CHEVROLET_BOLT_EUV_2022,driver_067,route_008,4,10
CHEVROLET_BOLT_EUV_2022,driver_074,route_001,0,15
CHEVROLET_BOLT_EUV_2022,driver_074,route_001,1,15
CHEVROLET_BOLT_EUV_2022,driver_074,route_001,2,15
CHEVROLET_BOLT_EUV_2022,driver_074,route_001,3,15
CHEVROLET_BOLT_EUV_2022,driver_074,route_001,4,15
CHEVROLET_BOLT_EUV_2022,driver_074,route_001,5,15
CHEVROLET_BOLT_EUV_2022,driver_074,route_001,6,15
CHEVROLET_BOLT_EUV_2022,driver_074,route_001,7,15
CHEVROLET_BOLT_EUV_2022,driver_074,route_002,0,15
CHEVROLET_BOLT_EUV_2022,driver_074,route_002,1,15
CHEVROLET_BOLT_EUV_2022,driver_074,route_002,2,15
CHEVROLET_BOLT_EUV_2022,driver_074,route_002,3,15
CHEVROLET_BOLT_EUV_2022,driver_074,route_002,4,15
CHEVROLET_BOLT_EUV_2022,driver_074,route_003,0,15
CHEVROLET_BOLT_EUV_2022,driver_074,route_003,1,15
CHEVROLET_BOLT_EUV_2022,driver_074,route_003,2,15
CHEVROLET_BOLT_EUV_2022,driver_074,route_003,3,15
CHEVROLET_BOLT_EUV_2022,driver_074,route_003,4,15
CHEVROLET_BOLT_EUV_2022,driver_074,route_003,5,15
CHEVROLET_BOLT_EUV_2022,driver_074,route_003,6,15
CHEVROLET_BOLT_EUV_2022,driver_074,route_003,7,15
CHEVROLET_BOLT_EUV_2022,driver_074,route_003,8,15
CHEVROLET_BOLT_EUV_2022,driver_074,route_003,9,15
CHEVROLET_BOLT_EUV_2022,driver_074,route_003,10,15
CHEVROLET_BOLT_EUV_2022,driver_074,route_003,11,15
CHEVROLET_BOLT_EUV_2022,driver_074,route_003,12,15
CHEVROLET_BOLT_EUV_2022,driver_074,route_004,0,15
CHEVROLET_BOLT_EUV_2022,driver_074,route_004,1,15
CHEVROLET_BOLT_EUV_2022,driver_074,route_004,2,15
CHEVROLET_BOLT_EUV_2022,driver_074,route_004,3,15
CHEVROLET_BOLT_EUV_2022,driver_074,route_004,4,15
CHEVROLET_BOLT_EUV_2022,driver_074,route_004,5,15
CHEVROLET_BOLT_EUV_2022,driver_074,route_004,6,15
CHEVROLET_BOLT_EUV_2022,driver_074,route_004,7,15
CHEVROLET_BOLT_EUV_2022,driver_074,route_004,8,15
CHEVROLET_BOLT_EUV_2022,driver_074,route_004,9,15
CHEVROLET_BOLT_EUV_2022,driver_074,route_004,10,15
CHEVROLET_BOLT_EUV_2022,driver_074,route_004,11,15
CHEVROLET_BOLT_EUV_2022,driver_074,route_004,12,15
CHEVROLET_BOLT_EUV_2022,driver_074,route_004,13,15
CHEVROLET_BOLT_EUV_2022,driver_074,route_004,14,15
CHEVROLET_BOLT_EUV_2022,driver_074,route_004,15,15
CHEVROLET_BOLT_EUV_2022,driver_074,route_004,16,15
CHEVROLET_BOLT_EUV_2022,driver_074,route_004,17,15
CHEVROLET_BOLT_EUV_2022,driver_074,route_005,0,15
CHEVROLET_BOLT_EUV_2022,driver_074,route_005,1,15
CHEVROLET_BOLT_EUV_2022,driver_074,route_005,2,15
CHEVROLET_BOLT_EUV_2022,driver_074,route_005,3,10
CHEVROLET_BOLT_EUV_2022,driver_080,route_001,0,15
CHEVROLET_BOLT_EUV_2022,driver_080,route_001,1,15
CHEVROLET_BOLT_EUV_2022,driver_080,route_001,2,15
CHEVROLET_BOLT_EUV_2022,driver_080,route_001,3,15
CHEVROLET_BOLT_EUV_2022,driver_080,route_002,0,15
CHEVROLET_BOLT_EUV_2022,driver_080,route_002,1,15
CHEVROLET_BOLT_EUV_2022,driver_080,route_002,2,15
CHEVROLET_BOLT_EUV_2022,driver_080,route_002,3,15
CHEVROLET_BOLT_EUV_2022,driver_080,route_002,4,15
CHEVROLET_BOLT_EUV_2022,driver_080,route_002,5,15
CHEVROLET_BOLT_EUV_2022,driver_080,route_002,6,15
CHEVROLET_BOLT_EUV_2022,driver_080,route_002,7,15
CHEVROLET_BOLT_EUV_2022,driver_080,route_002,8,15
CHEVROLET_BOLT_EUV_2022,driver_080,route_002,9,15
CHEVROLET_BOLT_EUV_2022,driver_080,route_002,10,15
CHEVROLET_BOLT_EUV_2022,driver_080,route_002,11,15
CHEVROLET_BOLT_EUV_2022,driver_080,route_002,12,15
CHEVROLET_BOLT_EUV_2022,driver_080,route_003,0,15
CHEVROLET_BOLT_EUV_2022,driver_080,route_003,1,15
CHEVROLET_BOLT_EUV_2022,driver_315,route_001,0,15
CHEVROLET_BOLT_EUV_2022,driver_315,route_001,1,15
CHEVROLET_BOLT_EUV_2022,driver_315,route_001,2,15
CHEVROLET_BOLT_EUV_2022,driver_315,route_001,3,15
CHEVROLET_BOLT_EUV_2022,driver_315,route_001,4,15
CHEVROLET_BOLT_EUV_2022,driver_315,route_001,5,15
CHEVROLET_BOLT_EUV_2022,driver_315,route_001,6,15
CHEVROLET_BOLT_EUV_2022,driver_315,route_001,7,15
CHEVROLET_BOLT_EUV_2022,driver_322,route_001,0,10
CHEVROLET_BOLT_EUV_2022,driver_322,route_001,1,10
CHEVROLET_BOLT_EUV_2022,driver_322,route_001,2,10
CHEVROLET_BOLT_EUV_2022,driver_322,route_001,3,10
CHEVROLET_BOLT_EUV_2022,driver_322,route_001,4,10
CHEVROLET_BOLT_EUV_2022,driver_322,route_001,5,10
CHEVROLET_BOLT_EUV_2022,driver_322,route_001,6,10
CHEVROLET_BOLT_EUV_2022,driver_322,route_001,7,10
CHEVROLET_BOLT_EUV_2022,driver_322,route_001,8,10
CHEVROLET_BOLT_EUV_2022,driver_322,route_001,9,10
CHEVROLET_BOLT_EUV_2022,driver_322,route_001,10,10
CHEVROLET_BOLT_EUV_2022,driver_322,route_002,0,15
CHEVROLET_BOLT_EUV_2022,driver_322,route_002,1,15
CHEVROLET_BOLT_EUV_2022,driver_322,route_002,2,15
CHEVROLET_BOLT_EUV_2022,driver_322,route_002,3,15
CHEVROLET_BOLT_EUV_2022,driver_322,route_002,4,15
CHEVROLET_BOLT_EUV_2022,driver_322,route_003,0,15
CHEVROLET_BOLT_EUV_2022,driver_322,route_003,1,15
CHEVROLET_BOLT_EUV_2022,driver_322,route_003,2,15
CHEVROLET_BOLT_EUV_2022,driver_322,route_004,0,15
CHEVROLET_BOLT_EUV_2022,driver_322,route_004,1,15
CHEVROLET_BOLT_EUV_2022,driver_322,route_004,2,15
CHEVROLET_BOLT_EUV_2022,driver_322,route_004,3,15
CHEVROLET_BOLT_EUV_2022,driver_322,route_004,4,15
CHEVROLET_BOLT_EUV_2022,driver_322,route_004,5,15
CHEVROLET_BOLT_EUV_2022,driver_322,route_004,6,10
CHEVROLET_BOLT_EUV_2022,driver_322,route_005,0,15
CHEVROLET_BOLT_EUV_2022,driver_322,route_005,1,15
CHEVROLET_BOLT_EUV_2022,driver_322,route_005,2,15
CHEVROLET_BOLT_EUV_2022,driver_322,route_005,3,15
CHEVROLET_BOLT_EUV_2022,driver_322,route_005,4,15
CHEVROLET_BOLT_EUV_2022,driver_322,route_005,5,15
CHEVROLET_BOLT_EUV_2022,driver_322,route_006,0,10
CHEVROLET_BOLT_EUV_2022,driver_322,route_006,1,10
CHEVROLET_BOLT_EUV_2022,driver_322,route_006,2,10
CHEVROLET_BOLT_EUV_2022,driver_322,route_006,3,10
CHEVROLET_BOLT_EUV_2022,driver_322,route_006,4,10
CHEVROLET_BOLT_EUV_2022,driver_322,route_006,5,10
CHEVROLET_BOLT_EUV_2022,driver_322,route_006,6,10
CHEVROLET_BOLT_EUV_2022,driver_322,route_006,7,10
CHEVROLET_BOLT_EUV_2022,driver_322,route_006,8,10
CHEVROLET_BOLT_EUV_2022,driver_322,route_006,9,10
CHEVROLET_BOLT_EUV_2022,driver_322,route_006,10,10
CHEVROLET_BOLT_EUV_2022,driver_322,route_006,11,10
CHEVROLET_BOLT_EUV_2022,driver_322,route_006,12,10
CHEVROLET_BOLT_EUV_2022,driver_322,route_006,13,10
CHEVROLET_BOLT_EUV_2022,driver_322,route_006,14,10
CHEVROLET_BOLT_EUV_2022,driver_322,route_006,15,10
CHEVROLET_BOLT_EUV_2022,driver_322,route_006,16,10
CHEVROLET_BOLT_EUV_2022,driver_322,route_006,17,10
CHEVROLET_BOLT_EUV_2022,driver_322,route_006,18,10
CHEVROLET_BOLT_EUV_2022,driver_322,route_006,19,10
CHEVROLET_BOLT_EUV_2022,driver_322,route_007,0,15
CHEVROLET_BOLT_EUV_2022,driver_322,route_007,1,15
CHEVROLET_BOLT_EUV_2022,driver_322,route_007,2,15
CHEVROLET_BOLT_EUV_2022,driver_322,route_007,3,15
CHEVROLET_BOLT_EUV_2022,driver_322,route_007,4,15
CHEVROLET_BOLT_EUV_2022,driver_322,route_007,5,15
CHEVROLET_BOLT_EUV_2022,driver_322,route_007,6,15
CHEVROLET_BOLT_EUV_2022,driver_322,route_007,7,15
CHEVROLET_BOLT_EUV_2022,driver_322,route_007,8,15
CHEVROLET_BOLT_EUV_2022,driver_322,route_007,9,15
CHEVROLET_BOLT_EUV_2022,driver_322,route_007,10,15
CHEVROLET_BOLT_EUV_2022,driver_322,route_007,11,10
CHEVROLET_BOLT_EUV_2022,driver_322,route_008,0,15
CHEVROLET_BOLT_EUV_2022,driver_322,route_008,1,15
CHEVROLET_BOLT_EUV_2022,driver_322,route_008,2,15
CHEVROLET_BOLT_EUV_2022,driver_322,route_008,3,15
CHEVROLET_BOLT_EUV_2022,driver_322,route_008,4,15
CHEVROLET_BOLT_EUV_2022,driver_322,route_008,5,15
CHEVROLET_BOLT_EUV_2022,driver_322,route_008,6,15
CHEVROLET_BOLT_EUV_2022,driver_322,route_008,7,15
CHEVROLET_BOLT_EUV_2022,driver_322,route_008,8,15
CHEVROLET_BOLT_EUV_2022,driver_322,route_008,9,15
CHEVROLET_BOLT_EUV_2022,driver_322,route_009,0,15
CHEVROLET_BOLT_EUV_2022,driver_322,route_009,1,15
CHEVROLET_BOLT_EUV_2022,driver_322,route_009,2,15
CHEVROLET_BOLT_EUV_2022,driver_322,route_009,3,15
CHEVROLET_BOLT_EUV_2022,driver_322,route_009,4,15
CHEVROLET_BOLT_EUV_2022,driver_322,route_009,5,15
CHEVROLET_BOLT_EUV_2022,driver_322,route_009,6,15
CHEVROLET_BOLT_EUV_2022,driver_322,route_009,7,15
CHEVROLET_BOLT_EUV_2022,driver_322,route_009,8,10
CHEVROLET_BOLT_EUV_2022,driver_322,route_010,0,15
CHEVROLET_BOLT_EUV_2022,driver_322,route_010,1,15
CHEVROLET_BOLT_EUV_2022,driver_322,route_010,2,15
CHEVROLET_BOLT_EUV_2022,driver_322,route_010,3,15
CHEVROLET_BOLT_EUV_2022,driver_322,route_010,4,15
CHEVROLET_BOLT_EUV_2022,driver_322,route_011,0,15
CHEVROLET_BOLT_EUV_2022,driver_322,route_011,1,15
CHEVROLET_BOLT_EUV_2022,driver_322,route_011,2,15
CHEVROLET_BOLT_EUV_2022,driver_322,route_011,3,15
CHEVROLET_BOLT_EUV_2022,driver_322,route_012,0,15
CHEVROLET_BOLT_EUV_2022,driver_322,route_012,1,15
CHEVROLET_BOLT_EUV_2022,driver_322,route_012,2,15
CHEVROLET_BOLT_EUV_2022,driver_322,route_012,3,15
CHEVROLET_BOLT_EUV_2022,driver_322,route_012,4,10
CHEVROLET_BOLT_EUV_2022,driver_322,route_013,0,15
CHEVROLET_BOLT_EUV_2022,driver_322,route_013,1,15
CHEVROLET_BOLT_EUV_2022,driver_322,route_013,2,15
CHEVROLET_BOLT_EUV_2022,driver_322,route_013,3,15
CHEVROLET_BOLT_EUV_2022,driver_322,route_014,0,15
CHEVROLET_BOLT_EUV_2022,driver_322,route_014,1,15
CHEVROLET_BOLT_EUV_2022,driver_322,route_014,2,15
CHEVROLET_BOLT_EUV_2022,driver_322,route_014,3,15
CHEVROLET_BOLT_EUV_2022,driver_322,route_014,4,15
CHEVROLET_BOLT_EUV_2022,driver_322,route_014,5,15
CHEVROLET_BOLT_EUV_2022,driver_322,route_014,6,15
CHEVROLET_BOLT_EUV_2022,driver_322,route_014,7,15
CHEVROLET_BOLT_EUV_2022,driver_322,route_014,8,15
CHEVROLET_BOLT_EUV_2022,driver_322,route_014,9,15
CHEVROLET_BOLT_EUV_2022,driver_322,route_014,10,15
CHEVROLET_BOLT_EUV_2022,driver_322,route_014,11,15
CHEVROLET_EQUINOX,driver_295,route_001,0,15
CHEVROLET_EQUINOX,driver_295,route_002,0,10
CHEVROLET_EQUINOX,driver_295,route_003,0,15
CHEVROLET_EQUINOX,driver_295,route_003,1,15
CHEVROLET_EQUINOX,driver_295,route_003,2,15
CHEVROLET_EQUINOX,driver_295,route_003,3,15
CHEVROLET_EQUINOX,driver_295,route_003,4,15
CHEVROLET_EQUINOX,driver_295,route_003,5,15
CHEVROLET_EQUINOX,driver_295,route_003,6,15
CHEVROLET_EQUINOX,driver_295,route_003,7,15
CHEVROLET_EQUINOX,driver_295,route_004,0,15
CHEVROLET_EQUINOX,driver_295,route_004,1,15
CHEVROLET_EQUINOX,driver_295,route_004,2,15
CHEVROLET_EQUINOX,driver_295,route_004,3,15
CHEVROLET_EQUINOX,driver_295,route_004,4,15
CHEVROLET_EQUINOX,driver_295,route_005,0,15
CHEVROLET_EQUINOX,driver_295,route_005,1,15
CHEVROLET_EQUINOX,driver_295,route_005,2,15
CHEVROLET_EQUINOX,driver_295,route_005,3,15
CHEVROLET_EQUINOX,driver_295,route_006,0,15
CHEVROLET_EQUINOX,driver_295,route_006,1,15
CHEVROLET_EQUINOX,driver_295,route_006,2,15
CHEVROLET_EQUINOX,driver_295,route_006,3,15
CHEVROLET_EQUINOX,driver_295,route_006,4,15
CHEVROLET_EQUINOX,driver_295,route_006,5,15
CHEVROLET_EQUINOX,driver_295,route_006,6,15
CHEVROLET_EQUINOX,driver_295,route_006,7,15
CHEVROLET_EQUINOX,driver_295,route_006,8,15
CHEVROLET_EQUINOX,driver_295,route_006,9,10
CHEVROLET_EQUINOX,driver_295,route_007,0,15
CHEVROLET_EQUINOX,driver_295,route_007,1,15
CHEVROLET_EQUINOX,driver_295,route_007,2,15
CHEVROLET_EQUINOX,driver_295,route_007,3,15
CHEVROLET_EQUINOX,driver_295,route_007,4,10
CHEVROLET_EQUINOX_2019,driver_001,route_001,0,15
CHEVROLET_EQUINOX_2019,driver_001,route_001,1,15
CHEVROLET_EQUINOX_2019,driver_001,route_001,2,15
CHEVROLET_EQUINOX_2019,driver_001,route_001,3,15
CHEVROLET_EQUINOX_2019,driver_001,route_001,4,10
CHEVROLET_SILVERADO,driver_129,route_001,0,15
CHEVROLET_SILVERADO,driver_129,route_001,1,15
CHEVROLET_SILVERADO,driver_129,route_001,2,15
CHEVROLET_SILVERADO,driver_129,route_001,3,15
CHEVROLET_SILVERADO,driver_129,route_001,4,15
CHEVROLET_SILVERADO,driver_129,route_002,0,15
CHEVROLET_SILVERADO,driver_129,route_002,1,15
CHEVROLET_SILVERADO,driver_129,route_002,2,15
CHEVROLET_SILVERADO,driver_129,route_002,3,15
CHEVROLET_SILVERADO,driver_129,route_003,0,15
CHEVROLET_SILVERADO,driver_129,route_003,1,15
CHEVROLET_SILVERADO,driver_129,route_003,2,15
CHEVROLET_SILVERADO,driver_129,route_004,0,10
CHEVROLET_SILVERADO,driver_129,route_004,1,10
CHEVROLET_SILVERADO,driver_129,route_004,2,10
CHEVROLET_SILVERADO,driver_129,route_004,3,10
CHEVROLET_SILVERADO,driver_129,route_004,4,10
CHEVROLET_SILVERADO,driver_129,route_004,5,10
CHEVROLET_SILVERADO,driver_129,route_004,6,10
CHEVROLET_SILVERADO,driver_129,route_004,7,10
CHEVROLET_SILVERADO,driver_129,route_004,8,10
CHEVROLET_SILVERADO,driver_129,route_004,9,10
CHEVROLET_SILVERADO,driver_129,route_004,10,10
CHEVROLET_SILVERADO,driver_129,route_004,11,10
CHEVROLET_SILVERADO,driver_129,route_004,12,10
CHEVROLET_SILVERADO,driver_129,route_004,13,10
CHEVROLET_SILVERADO,driver_129,route_005,0,15
CHEVROLET_SILVERADO,driver_129,route_005,1,15
CHEVROLET_SILVERADO,driver_129,route_005,2,15
CHEVROLET_SILVERADO,driver_129,route_005,3,15
CHEVROLET_SILVERADO,driver_129,route_005,4,15
CHEVROLET_SILVERADO,driver_129,route_006,0,15
CHEVROLET_SILVERADO,driver_129,route_006,1,15
CHEVROLET_SILVERADO,driver_129,route_006,2,15
CHEVROLET_SILVERADO,driver_129,route_006,3,15
CHEVROLET_SILVERADO,driver_129,route_006,4,15
CHEVROLET_SILVERADO,driver_129,route_006,5,15
CHEVROLET_SILVERADO,driver_129,route_006,6,15
CHEVROLET_SILVERADO,driver_129,route_006,7,15
CHEVROLET_SILVERADO,driver_129,route_006,8,15
CHEVROLET_SILVERADO,driver_129,route_006,9,15
CHEVROLET_SILVERADO,driver_129,route_006,10,15
CHEVROLET_SILVERADO,driver_129,route_006,11,15
CHEVROLET_SILVERADO,driver_144,route_001,0,15
CHEVROLET_SILVERADO,driver_144,route_001,1,15
CHEVROLET_SILVERADO,driver_144,route_001,2,15
CHEVROLET_SILVERADO,driver_144,route_001,3,15
CHEVROLET_SILVERADO,driver_144,route_001,4,15
CHEVROLET_SILVERADO,driver_144,route_002,0,15
CHEVROLET_SILVERADO,driver_144,route_002,1,15
CHEVROLET_SILVERADO,driver_144,route_002,2,15
CHEVROLET_SILVERADO,driver_144,route_002,3,15
CHEVROLET_SILVERADO,driver_144,route_002,4,15
CHEVROLET_SILVERADO,driver_144,route_002,5,15
CHEVROLET_SILVERADO,driver_144,route_003,0,15
CHEVROLET_SILVERADO,driver_144,route_003,1,15
CHEVROLET_SILVERADO,driver_144,route_003,2,15
CHEVROLET_SILVERADO,driver_144,route_003,3,15
CHEVROLET_SILVERADO,driver_144,route_003,4,15
CHEVROLET_SILVERADO,driver_144,route_003,5,15
CHEVROLET_SILVERADO,driver_144,route_004,0,15
CHEVROLET_SILVERADO,driver_144,route_004,1,15
CHEVROLET_SILVERADO,driver_144,route_004,2,15
CHEVROLET_SILVERADO,driver_144,route_004,3,15
CHEVROLET_SILVERADO,driver_144,route_004,4,15
CHEVROLET_SILVERADO,driver_144,route_004,5,15
CHEVROLET_SILVERADO,driver_144,route_005,0,15
CHEVROLET_SILVERADO,driver_144,route_006,0,15
CHEVROLET_SILVERADO,driver_144,route_006,1,15
CHEVROLET_SILVERADO,driver_144,route_006,2,15
CHEVROLET_SILVERADO,driver_144,route_006,3,15
CHEVROLET_SILVERADO,driver_144,route_006,4,15
CHEVROLET_SILVERADO,driver_144,route_006,5,15
CHEVROLET_SILVERADO,driver_144,route_006,6,15
CHEVROLET_SILVERADO,driver_144,route_006,7,15
CHEVROLET_SILVERADO,driver_144,route_006,8,15
CHEVROLET_SILVERADO,driver_144,route_006,9,15
CHEVROLET_SILVERADO,driver_144,route_006,10,15
CHEVROLET_SILVERADO,driver_144,route_006,11,15
CHEVROLET_SILVERADO,driver_144,route_006,12,15
CHEVROLET_SILVERADO,driver_144,route_006,13,15
CHEVROLET_SILVERADO,driver_144,route_006,14,10
CHEVROLET_SILVERADO,driver_144,route_007,0,15
CHEVROLET_SILVERADO,driver_144,route_007,1,15
CHEVROLET_SILVERADO,driver_144,route_007,2,15
CHEVROLET_SILVERADO,driver_144,route_007,3,15
CHEVROLET_SILVERADO,driver_144,route_007,4,15
CHEVROLET_SILVERADO,driver_144,route_007,5,15
CHEVROLET_SILVERADO,driver_144,route_007,6,15
CHEVROLET_SILVERADO,driver_144,route_007,7,15
CHEVROLET_SILVERADO,driver_144,route_007,8,15
CHEVROLET_SILVERADO,driver_144,route_007,9,15
CHEVROLET_SILVERADO,driver_144,route_007,10,15
CHEVROLET_SILVERADO,driver_144,route_007,11,15
CHEVROLET_SILVERADO,driver_144,route_007,12,15
CHEVROLET_SILVERADO,driver_144,route_007,13,15
CHEVROLET_SILVERADO,driver_144,route_007,14,15
CHEVROLET_SILVERADO,driver_144,route_007,15,15
CHEVROLET_SILVERADO,driver_144,route_007,16,15
CHEVROLET_SILVERADO,driver_144,route_007,17,15
CHEVROLET_SILVERADO,driver_144,route_007,18,15
CHEVROLET_SILVERADO,driver_144,route_007,19,15
CHEVROLET_SILVERADO,driver_144,route_008,0,15
CHEVROLET_SILVERADO,driver_144,route_008,1,15
CHEVROLET_SILVERADO,driver_144,route_008,2,15
CHEVROLET_SILVERADO,driver_144,route_008,3,15
CHEVROLET_SILVERADO,driver_144,route_008,4,15
CHEVROLET_SILVERADO,driver_144,route_008,5,15
CHEVROLET_SILVERADO,driver_144,route_008,6,15
CHEVROLET_SILVERADO,driver_144,route_008,7,15
CHEVROLET_SILVERADO,driver_144,route_008,8,15
CHEVROLET_SILVERADO,driver_144,route_009,0,15
CHEVROLET_SILVERADO,driver_144,route_009,1,15
CHEVROLET_SILVERADO,driver_144,route_009,2,15
CHEVROLET_SILVERADO,driver_144,route_010,0,15
CHEVROLET_SILVERADO,driver_144,route_010,1,15
CHEVROLET_SILVERADO,driver_144,route_010,2,15
CHEVROLET_SILVERADO,driver_144,route_010,3,15
CHEVROLET_SILVERADO,driver_144,route_010,4,15
CHEVROLET_SILVERADO,driver_144,route_011,0,15
CHEVROLET_SILVERADO,driver_144,route_011,1,15
CHEVROLET_SILVERADO,driver_144,route_011,2,15
CHEVROLET_SILVERADO,driver_144,route_012,0,15
CHEVROLET_SILVERADO,driver_144,route_012,1,15
CHEVROLET_SILVERADO,driver_144,route_012,2,15
CHEVROLET_SILVERADO,driver_144,route_013,0,15
CHEVROLET_SILVERADO,driver_144,route_013,1,15
CHEVROLET_SILVERADO,driver_144,route_013,2,15
CHEVROLET_SILVERADO,driver_144,route_014,0,15
CHEVROLET_SILVERADO,driver_144,route_014,1,15
CHEVROLET_SILVERADO,driver_144,route_014,2,15
CHEVROLET_SILVERADO,driver_144,route_014,3,15
CHEVROLET_SILVERADO,driver_144,route_014,4,15
CHEVROLET_SILVERADO,driver_144,route_014,5,15
CHEVROLET_SILVERADO,driver_144,route_014,6,15
CHEVROLET_SILVERADO,driver_144,route_014,7,15
CHEVROLET_SILVERADO,driver_144,route_014,8,15
CHEVROLET_SILVERADO,driver_144,route_014,9,15
CHEVROLET_SILVERADO,driver_144,route_014,10,15
CHEVROLET_SILVERADO,driver_144,route_014,11,10
CHEVROLET_SILVERADO,driver_144,route_015,0,10
CHEVROLET_SILVERADO,driver_144,route_015,1,10
CHEVROLET_SILVERADO,driver_144,route_015,2,10
CHEVROLET_SILVERADO,driver_144,route_015,3,10
CHEVROLET_SILVERADO,driver_144,route_015,4,10
CHEVROLET_SILVERADO,driver_144,route_015,5,10
CHEVROLET_SILVERADO,driver_144,route_015,6,10
CHEVROLET_SILVERADO,driver_144,route_016,0,15
CHEVROLET_SILVERADO,driver_144,route_017,0,15
CHEVROLET_SILVERADO,driver_144,route_017,1,15
CHEVROLET_SILVERADO,driver_144,route_017,2,15
CHEVROLET_SILVERADO,driver_144,route_017,3,15
CHEVROLET_SILVERADO,driver_144,route_018,0,15
CHEVROLET_SILVERADO,driver_144,route_018,1,15
CHEVROLET_SILVERADO,driver_144,route_018,2,15
CHEVROLET_SILVERADO,driver_144,route_019,0,15
CHEVROLET_SILVERADO,driver_144,route_019,1,15
CHEVROLET_SILVERADO,driver_144,route_020,0,15
CHEVROLET_SILVERADO,driver_144,route_020,1,15
CHEVROLET_SILVERADO,driver_144,route_021,0,15
CHEVROLET_SILVERADO,driver_144,route_021,1,15
CHEVROLET_SILVERADO,driver_144,route_021,2,15
CHEVROLET_SILVERADO,driver_144,route_022,0,15
CHEVROLET_SILVERADO,driver_144,route_022,1,15
CHEVROLET_SILVERADO,driver_144,route_022,2,15
CHEVROLET_SILVERADO,driver_144,route_022,3,15
CHEVROLET_SILVERADO,driver_144,route_022,4,15
CHEVROLET_SILVERADO,driver_144,route_023,0,15
CHEVROLET_SILVERADO,driver_144,route_023,1,15
CHEVROLET_SILVERADO,driver_144,route_024,0,15
CHEVROLET_SILVERADO,driver_144,route_024,1,15
CHEVROLET_SILVERADO,driver_144,route_025,0,15
CHEVROLET_SILVERADO,driver_144,route_025,1,15
CHEVROLET_SILVERADO,driver_144,route_025,2,15
CHEVROLET_SILVERADO,driver_144,route_026,0,15
CHEVROLET_SILVERADO,driver_144,route_026,1,15
CHEVROLET_SILVERADO,driver_144,route_026,2,15
CHEVROLET_SILVERADO,driver_144,route_026,3,15
CHEVROLET_SILVERADO,driver_144,route_027,0,15
CHEVROLET_SILVERADO,driver_144,route_027,1,15
CHEVROLET_SILVERADO,driver_144,route_027,2,15
CHEVROLET_SILVERADO,driver_144,route_027,3,15
CHEVROLET_SILVERADO,driver_144,route_027,4,15
CHEVROLET_SILVERADO,driver_144,route_027,5,15
CHEVROLET_SILVERADO,driver_144,route_027,6,15
CHEVROLET_SILVERADO,driver_144,route_027,7,15
CHEVROLET_SILVERADO,driver_144,route_027,8,15
CHEVROLET_SILVERADO,driver_144,route_027,9,15
CHEVROLET_SILVERADO,driver_144,route_027,10,10
CHEVROLET_SILVERADO,driver_144,route_028,0,15
CHEVROLET_SILVERADO,driver_144,route_028,1,15
CHEVROLET_SILVERADO,driver_144,route_028,2,15
CHEVROLET_SILVERADO,driver_144,route_028,3,15
CHEVROLET_SILVERADO,driver_144,route_028,4,15
CHEVROLET_SILVERADO,driver_144,route_028,5,15
CHEVROLET_SILVERADO,driver_144,route_028,6,15
CHEVROLET_SILVERADO,driver_144,route_028,7,15
CHEVROLET_SILVERADO,driver_144,route_028,8,15
CHEVROLET_SILVERADO,driver_144,route_028,9,15
CHEVROLET_SILVERADO,driver_144,route_028,10,15
CHEVROLET_SILVERADO,driver_144,route_028,11,15
CHEVROLET_SILVERADO,driver_144,route_028,12,15
CHEVROLET_SILVERADO,driver_144,route_028,13,15
CHEVROLET_SILVERADO,driver_144,route_028,14,15
CHEVROLET_SILVERADO,driver_144,route_028,15,15
CHEVROLET_SILVERADO,driver_144,route_028,16,15
CHEVROLET_SILVERADO,driver_144,route_029,0,15
CHEVROLET_SILVERADO,driver_144,route_029,1,15
CHEVROLET_SILVERADO,driver_144,route_029,2,15
CHEVROLET_SILVERADO,driver_144,route_029,3,15
CHEVROLET_SILVERADO,driver_144,route_030,0,15
CHEVROLET_SILVERADO,driver_144,route_030,1,15
CHEVROLET_SILVERADO,driver_144,route_030,2,15
CHEVROLET_SILVERADO,driver_144,route_030,3,15
CHEVROLET_SILVERADO,driver_144,route_030,4,15
CHEVROLET_SILVERADO,driver_144,route_030,5,15
CHEVROLET_SILVERADO,driver_144,route_030,6,15
CHEVROLET_SILVERADO,driver_144,route_030,7,10
CHEVROLET_SILVERADO,driver_144,route_030,8,10
CHEVROLET_SILVERADO,driver_144,route_031,0,15
CHEVROLET_SILVERADO,driver_144,route_031,1,15
CHEVROLET_SILVERADO,driver_144,route_031,2,15
CHEVROLET_SILVERADO,driver_144,route_031,3,15
CHEVROLET_SILVERADO,driver_144,route_031,4,15
CHEVROLET_SILVERADO,driver_144,route_031,5,15
CHEVROLET_SILVERADO,driver_144,route_031,6,15
CHEVROLET_SILVERADO,driver_144,route_031,7,15
CHEVROLET_SILVERADO,driver_144,route_031,8,15
CHEVROLET_SILVERADO,driver_144,route_031,9,15
CHEVROLET_SILVERADO,driver_144,route_031,10,15
CHEVROLET_SILVERADO,driver_144,route_031,11,15
CHEVROLET_SILVERADO,driver_144,route_031,12,15
CHEVROLET_SILVERADO,driver_144,route_031,13,15
CHEVROLET_SILVERADO,driver_144,route_031,14,15
CHEVROLET_SILVERADO,driver_144,route_031,15,15
CHEVROLET_SILVERADO,driver_144,route_031,16,15
CHEVROLET_SILVERADO,driver_144,route_032,0,15
CHEVROLET_SILVERADO,driver_144,route_032,1,15
CHEVROLET_SILVERADO,driver_144,route_032,2,15
CHEVROLET_SILVERADO,driver_144,route_032,3,15
CHEVROLET_SILVERADO,driver_144,route_032,4,15
CHEVROLET_SILVERADO,driver_144,route_032,5,15
CHEVROLET_SILVERADO,driver_144,route_032,6,15
CHEVROLET_SILVERADO,driver_144,route_032,7,15
CHEVROLET_SILVERADO,driver_144,route_033,0,15
CHEVROLET_SILVERADO,driver_144,route_033,1,15
CHEVROLET_SILVERADO,driver_144,route_034,0,15
CHEVROLET_SILVERADO,driver_144,route_035,0,15
CHEVROLET_SILVERADO,driver_144,route_035,1,15
CHEVROLET_SILVERADO,driver_144,route_035,2,15
CHEVROLET_SILVERADO,driver_144,route_036,0,15
CHEVROLET_SILVERADO,driver_144,route_036,1,15
CHEVROLET_SILVERADO,driver_144,route_037,0,15
CHEVROLET_SILVERADO,driver_144,route_037,1,15
CHEVROLET_SILVERADO,driver_144,route_037,2,15
CHEVROLET_SILVERADO,driver_144,route_037,3,15
CHEVROLET_SILVERADO,driver_144,route_037,4,15
CHEVROLET_SILVERADO,driver_144,route_037,5,15
CHEVROLET_SILVERADO,driver_144,route_038,0,15
CHEVROLET_SILVERADO,driver_144,route_038,1,15
CHEVROLET_SILVERADO,driver_144,route_038,2,15
CHEVROLET_SILVERADO,driver_144,route_038,3,15
CHEVROLET_SILVERADO,driver_144,route_038,4,15
CHEVROLET_SILVERADO,driver_144,route_038,5,15
CHEVROLET_SILVERADO,driver_144,route_038,6,15
CHEVROLET_SILVERADO,driver_144,route_039,0,15
CHEVROLET_SILVERADO,driver_144,route_039,1,15
CHEVROLET_SILVERADO,driver_144,route_039,2,15
CHEVROLET_SILVERADO,driver_144,route_039,3,15
CHEVROLET_SILVERADO,driver_144,route_039,4,15
CHEVROLET_SILVERADO,driver_144,route_039,5,15
CHEVROLET_SILVERADO,driver_144,route_039,6,15
CHEVROLET_SILVERADO,driver_144,route_039,7,10
CHEVROLET_SILVERADO,driver_144,route_040,0,15
CHEVROLET_SILVERADO,driver_144,route_040,1,15
CHEVROLET_SILVERADO,driver_144,route_040,2,15
CHEVROLET_SILVERADO,driver_144,route_040,3,15
CHEVROLET_SILVERADO,driver_144,route_040,4,15
CHEVROLET_SILVERADO,driver_144,route_041,0,15
CHEVROLET_SILVERADO,driver_144,route_041,1,15
CHEVROLET_SILVERADO,driver_144,route_041,2,15
CHEVROLET_SILVERADO,driver_144,route_041,3,15
CHEVROLET_SILVERADO,driver_144,route_041,4,15
CHEVROLET_SILVERADO,driver_144,route_041,5,15
CHEVROLET_SILVERADO,driver_144,route_041,6,15
CHEVROLET_SILVERADO,driver_144,route_041,7,15
CHEVROLET_SILVERADO,driver_144,route_041,8,15
CHEVROLET_SILVERADO,driver_144,route_041,9,15
CHEVROLET_SILVERADO,driver_144,route_042,0,15
CHEVROLET_SILVERADO,driver_144,route_042,1,15
CHEVROLET_SILVERADO,driver_144,route_042,2,15
CHEVROLET_SILVERADO,driver_144,route_042,3,15
CHEVROLET_SILVERADO,driver_144,route_042,4,15
CHEVROLET_SILVERADO,driver_144,route_043,0,15
CHEVROLET_SILVERADO,driver_144,route_043,1,15
CHEVROLET_SILVERADO,driver_144,route_043,2,15
CHEVROLET_SILVERADO,driver_144,route_043,3,15
CHEVROLET_SILVERADO,driver_144,route_044,0,15
CHEVROLET_SILVERADO,driver_144,route_044,1,15
CHEVROLET_SILVERADO,driver_144,route_044,2,15
CHEVROLET_SILVERADO,driver_144,route_044,3,15
CHEVROLET_SILVERADO,driver_144,route_044,4,15
CHEVROLET_SILVERADO,driver_144,route_044,5,10
CHEVROLET_SILVERADO,driver_144,route_045,0,15
CHEVROLET_SILVERADO,driver_144,route_045,1,15
CHEVROLET_SILVERADO,driver_144,route_046,0,15
CHEVROLET_SILVERADO,driver_144,route_046,1,15
CHEVROLET_SILVERADO,driver_144,route_046,2,15
CHEVROLET_SILVERADO,driver_144,route_046,3,15
CHEVROLET_SILVERADO,driver_144,route_047,0,15
CHEVROLET_SILVERADO,driver_144,route_047,1,15
CHEVROLET_SILVERADO,driver_144,route_047,2,15
CHEVROLET_SILVERADO,driver_144,route_047,3,15
CHEVROLET_SILVERADO,driver_144,route_047,4,15
CHEVROLET_SILVERADO,driver_144,route_048,0,15
CHEVROLET_SILVERADO,driver_144,route_049,0,15
CHEVROLET_SILVERADO,driver_144,route_049,1,15
CHEVROLET_SILVERADO,driver_144,route_049,2,15
CHEVROLET_SILVERADO,driver_144,route_049,3,15
CHEVROLET_SILVERADO,driver_144,route_049,4,15
CHEVROLET_SILVERADO,driver_144,route_049,5,15
CHEVROLET_SILVERADO,driver_144,route_049,6,15
CHEVROLET_SILVERADO,driver_144,route_050,0,15
CHEVROLET_SILVERADO,driver_144,route_050,1,15
CHEVROLET_SILVERADO,driver_144,route_050,2,15
CHEVROLET_SILVERADO,driver_144,route_051,0,15
CHEVROLET_SILVERADO,driver_144,route_051,1,15
CHEVROLET_SILVERADO,driver_144,route_051,2,15
CHEVROLET_SILVERADO,driver_144,route_051,3,15
CHEVROLET_SILVERADO,driver_144,route_051,4,15
CHEVROLET_SILVERADO,driver_144,route_051,5,15
CHEVROLET_SILVERADO,driver_144,route_052,0,15
CHEVROLET_SILVERADO,driver_144,route_052,1,15
CHEVROLET_SILVERADO,driver_144,route_052,2,15
CHEVROLET_SILVERADO,driver_144,route_052,3,15
CHEVROLET_SILVERADO,driver_144,route_053,0,15
CHEVROLET_SILVERADO,driver_144,route_053,1,15
CHEVROLET_SILVERADO,driver_144,route_053,2,15
CHEVROLET_SILVERADO,driver_144,route_053,3,15
CHEVROLET_SILVERADO,driver_144,route_053,4,15
CHEVROLET_SILVERADO,driver_144,route_053,5,15
CHEVROLET_SILVERADO,driver_144,route_053,6,15
CHEVROLET_SILVERADO,driver_144,route_053,7,15
CHEVROLET_SILVERADO,driver_144,route_053,8,15
CHEVROLET_SILVERADO,driver_144,route_054,0,15
CHEVROLET_SILVERADO,driver_144,route_055,0,15
CHEVROLET_SILVERADO,driver_144,route_055,1,15
CHEVROLET_SILVERADO,driver_144,route_055,2,15
CHEVROLET_SILVERADO,driver_144,route_055,3,15
CHEVROLET_SILVERADO,driver_144,route_055,4,15
CHEVROLET_SILVERADO,driver_144,route_056,0,15
CHEVROLET_SILVERADO,driver_144,route_056,1,15
CHEVROLET_SILVERADO,driver_144,route_057,0,15
CHEVROLET_SILVERADO,driver_144,route_057,1,15
CHEVROLET_SILVERADO,driver_144,route_057,2,15
CHEVROLET_SILVERADO,driver_144,route_057,3,15
CHEVROLET_SILVERADO,driver_144,route_057,4,15
CHEVROLET_SILVERADO,driver_144,route_057,5,15
CHEVROLET_SILVERADO,driver_144,route_057,6,15
CHEVROLET_SILVERADO,driver_144,route_057,7,15
CHEVROLET_SILVERADO,driver_144,route_057,8,15
CHEVROLET_SILVERADO,driver_144,route_057,9,15
CHEVROLET_SILVERADO,driver_144,route_057,10,15
CHEVROLET_SILVERADO,driver_144,route_057,11,15
CHEVROLET_SILVERADO,driver_144,route_057,12,10
CHEVROLET_SILVERADO,driver_144,route_058,0,15
CHEVROLET_SILVERADO,driver_144,route_058,1,15
CHEVROLET_SILVERADO,driver_144,route_058,2,15
CHEVROLET_SILVERADO,driver_144,route_059,0,15
CHEVROLET_SILVERADO,driver_144,route_059,1,15
CHEVROLET_SILVERADO,driver_144,route_059,2,15
CHEVROLET_SILVERADO,driver_144,route_059,3,15
CHEVROLET_SILVERADO,driver_144,route_059,4,15
CHEVROLET_SILVERADO,driver_144,route_060,0,15
CHEVROLET_SILVERADO,driver_144,route_061,0,15
CHEVROLET_SILVERADO,driver_144,route_061,1,15
CHEVROLET_SILVERADO,driver_144,route_061,2,15
CHEVROLET_SILVERADO,driver_144,route_061,3,15
CHEVROLET_SILVERADO,driver_144,route_061,4,10
CHEVROLET_SILVERADO,driver_144,route_062,0,15
CHEVROLET_SILVERADO,driver_144,route_062,1,15
CHEVROLET_SILVERADO,driver_144,route_062,2,15
CHEVROLET_SILVERADO,driver_144,route_062,3,15
CHEVROLET_SILVERADO,driver_144,route_063,0,15
CHEVROLET_SILVERADO,driver_144,route_064,0,15
CHEVROLET_SILVERADO,driver_144,route_064,1,15
CHEVROLET_SILVERADO,driver_144,route_064,2,15
CHEVROLET_SILVERADO,driver_144,route_064,3,15
CHEVROLET_SILVERADO,driver_144,route_065,0,15
CHEVROLET_SILVERADO,driver_144,route_065,1,15
CHEVROLET_SILVERADO,driver_144,route_065,2,15
CHEVROLET_SILVERADO,driver_144,route_065,3,15
CHEVROLET_SILVERADO,driver_144,route_065,4,15
CHEVROLET_SILVERADO,driver_144,route_065,5,15
CHEVROLET_SILVERADO,driver_144,route_065,6,15
CHEVROLET_SILVERADO,driver_144,route_066,0,15
CHEVROLET_SILVERADO,driver_144,route_066,1,15
CHEVROLET_SILVERADO,driver_144,route_066,2,15
CHEVROLET_SILVERADO,driver_144,route_066,3,15
CHEVROLET_SILVERADO,driver_144,route_066,4,15
CHEVROLET_SILVERADO,driver_144,route_066,5,15
CHEVROLET_SILVERADO,driver_144,route_066,6,15
CHEVROLET_SILVERADO,driver_144,route_066,7,15
CHEVROLET_SILVERADO,driver_144,route_066,8,15
CHEVROLET_SILVERADO,driver_144,route_066,9,15
CHEVROLET_SILVERADO,driver_144,route_067,0,15
CHEVROLET_SILVERADO,driver_144,route_067,1,15
CHEVROLET_SILVERADO,driver_144,route_067,2,15
CHEVROLET_SILVERADO,driver_144,route_067,3,15
CHEVROLET_SILVERADO,driver_144,route_067,4,15
CHEVROLET_SILVERADO,driver_144,route_067,5,15
CHEVROLET_SILVERADO,driver_144,route_068,0,15
CHEVROLET_SILVERADO,driver_144,route_068,1,15
CHEVROLET_SILVERADO,driver_144,route_069,0,15
CHEVROLET_SILVERADO,driver_144,route_069,1,15
CHEVROLET_SILVERADO,driver_144,route_069,2,15
CHEVROLET_SILVERADO,driver_144,route_069,3,15
CHEVROLET_SILVERADO,driver_144,route_069,4,15
CHEVROLET_SILVERADO,driver_144,route_069,5,15
CHEVROLET_SILVERADO,driver_144,route_069,6,15
CHEVROLET_SILVERADO,driver_144,route_069,7,15
CHEVROLET_SILVERADO,driver_144,route_069,8,15
CHEVROLET_SILVERADO,driver_144,route_070,0,15
CHEVROLET_SILVERADO,driver_144,route_070,1,15
CHEVROLET_SILVERADO,driver_144,route_070,2,15
CHEVROLET_SILVERADO,driver_144,route_070,3,15
CHEVROLET_SILVERADO,driver_144,route_070,4,15
CHEVROLET_SILVERADO,driver_144,route_070,5,15
CHEVROLET_SILVERADO,driver_144,route_070,6,15
CHEVROLET_SILVERADO,driver_144,route_070,7,15
CHEVROLET_SILVERADO,driver_144,route_070,8,15
CHEVROLET_SILVERADO,driver_144,route_070,9,15
CHEVROLET_SILVERADO,driver_144,route_070,10,15
CHEVROLET_SILVERADO,driver_144,route_070,11,10
CHEVROLET_SILVERADO,driver_144,route_071,0,15
CHEVROLET_SILVERADO,driver_144,route_071,1,15
CHEVROLET_SILVERADO,driver_144,route_071,2,15
CHEVROLET_SILVERADO,driver_144,route_072,0,15
CHEVROLET_SILVERADO,driver_144,route_072,1,15
CHEVROLET_SILVERADO,driver_144,route_072,2,15
CHEVROLET_SILVERADO,driver_144,route_072,3,15
CHEVROLET_SILVERADO,driver_144,route_072,4,15
CHEVROLET_SILVERADO,driver_144,route_072,5,15
CHEVROLET_SILVERADO,driver_144,route_072,6,15
CHEVROLET_SILVERADO,driver_144,route_072,7,15
CHEVROLET_SILVERADO,driver_144,route_072,8,15
CHEVROLET_SILVERADO,driver_144,route_072,9,15
CHEVROLET_SILVERADO,driver_144,route_072,10,15
CHEVROLET_SILVERADO,driver_144,route_072,11,15
CHEVROLET_SILVERADO,driver_144,route_073,0,15
CHEVROLET_SILVERADO,driver_144,route_073,1,15
CHEVROLET_SILVERADO,driver_144,route_073,2,15
CHEVROLET_SILVERADO,driver_144,route_073,3,15
CHEVROLET_SILVERADO,driver_144,route_073,4,15
CHEVROLET_SILVERADO,driver_144,route_073,5,15
CHEVROLET_SILVERADO,driver_144,route_073,6,15
CHEVROLET_SILVERADO,driver_144,route_073,7,15
CHEVROLET_SILVERADO,driver_144,route_073,8,15
CHEVROLET_SILVERADO,driver_144,route_073,9,15
CHEVROLET_SILVERADO,driver_144,route_073,10,15
CHEVROLET_SILVERADO,driver_144,route_073,11,15
CHEVROLET_SILVERADO,driver_144,route_073,12,15
CHEVROLET_SILVERADO,driver_144,route_073,13,15
CHEVROLET_SILVERADO,driver_144,route_073,14,15
CHEVROLET_SILVERADO,driver_144,route_073,15,15
CHEVROLET_SILVERADO,driver_144,route_073,16,15
CHEVROLET_SILVERADO,driver_144,route_073,17,15
CHEVROLET_SILVERADO,driver_144,route_073,18,15
CHEVROLET_SILVERADO,driver_144,route_073,19,15
CHEVROLET_SILVERADO,driver_144,route_073,20,15
CHEVROLET_SILVERADO,driver_144,route_073,21,15
CHEVROLET_SILVERADO,driver_144,route_073,22,15
CHEVROLET_SILVERADO,driver_144,route_073,23,15
CHEVROLET_SILVERADO,driver_144,route_073,24,15
CHEVROLET_SILVERADO,driver_144,route_074,0,15
CHEVROLET_SILVERADO,driver_144,route_074,1,15
CHEVROLET_SILVERADO,driver_144,route_074,2,15
CHEVROLET_SILVERADO,driver_144,route_074,3,15
CHEVROLET_SILVERADO,driver_144,route_074,4,15
CHEVROLET_SILVERADO,driver_144,route_074,5,15
CHEVROLET_SILVERADO,driver_144,route_075,0,15
CHEVROLET_SILVERADO,driver_144,route_075,1,15
CHEVROLET_SILVERADO,driver_144,route_075,2,15
CHEVROLET_SILVERADO,driver_144,route_076,0,15
CHEVROLET_SILVERADO,driver_144,route_077,0,15
CHEVROLET_SILVERADO,driver_144,route_077,1,15
CHEVROLET_SILVERADO,driver_144,route_077,2,15
CHEVROLET_SILVERADO,driver_144,route_077,3,15
CHEVROLET_SILVERADO,driver_144,route_077,4,15
CHEVROLET_SILVERADO,driver_144,route_078,0,15
CHEVROLET_SILVERADO,driver_144,route_078,1,15
CHEVROLET_SILVERADO,driver_144,route_079,0,15
CHEVROLET_SILVERADO,driver_144,route_079,1,15
CHEVROLET_SILVERADO,driver_144,route_079,2,15
CHEVROLET_SILVERADO,driver_285,route_002,0,15
CHEVROLET_SILVERADO,driver_285,route_004,0,15
CHEVROLET_SILVERADO,driver_285,route_004,1,15
CHEVROLET_SILVERADO,driver_285,route_004,2,15
CHEVROLET_SILVERADO,driver_285,route_004,3,15
CHEVROLET_SILVERADO,driver_285,route_004,4,15
CHEVROLET_SILVERADO,driver_285,route_004,5,15
CHEVROLET_SILVERADO,driver_285,route_004,6,15
CHEVROLET_SILVERADO,driver_285,route_004,7,15
CHEVROLET_SILVERADO,driver_285,route_004,8,15
CHEVROLET_SILVERADO,driver_285,route_006,0,15
CHEVROLET_SILVERADO,driver_285,route_006,1,15
CHEVROLET_SILVERADO,driver_285,route_006,2,15
CHEVROLET_SILVERADO,driver_285,route_006,3,15
CHEVROLET_SILVERADO,driver_285,route_006,4,15
CHEVROLET_SILVERADO,driver_285,route_006,5,15
CHEVROLET_SILVERADO,driver_285,route_006,6,15
CHEVROLET_SILVERADO,driver_285,route_006,7,15
CHEVROLET_SILVERADO,driver_285,route_006,8,15
CHEVROLET_SILVERADO,driver_285,route_006,9,15
CHEVROLET_SILVERADO,driver_285,route_006,10,15
CHEVROLET_SILVERADO,driver_285,route_006,11,15
CHEVROLET_SILVERADO,driver_285,route_006,12,15
CHEVROLET_SILVERADO,driver_285,route_006,13,15
CHEVROLET_SILVERADO,driver_285,route_006,14,15
CHEVROLET_SILVERADO,driver_285,route_006,15,15
CHEVROLET_SILVERADO,driver_285,route_006,16,15
CHEVROLET_SILVERADO,driver_285,route_006,17,15
CHEVROLET_SILVERADO,driver_285,route_006,18,15
CHEVROLET_SILVERADO,driver_285,route_006,19,15
CHEVROLET_SILVERADO,driver_285,route_006,20,15
CHEVROLET_SILVERADO,driver_285,route_007,0,10
CHEVROLET_SILVERADO,driver_285,route_007,1,10
CHEVROLET_SILVERADO,driver_285,route_007,2,10
CHEVROLET_SILVERADO,driver_285,route_008,0,15
CHEVROLET_SILVERADO,driver_285,route_008,1,15
CHEVROLET_SILVERADO,driver_285,route_008,2,15
CHEVROLET_SILVERADO,driver_285,route_009,0,10
CHEVROLET_SILVERADO,driver_285,route_009,1,10
CHEVROLET_SILVERADO,driver_285,route_009,2,10
CHEVROLET_SILVERADO,driver_285,route_009,3,10
CHEVROLET_SILVERADO,driver_285,route_011,0,15
CHEVROLET_SILVERADO,driver_285,route_011,1,15
CHEVROLET_SILVERADO,driver_285,route_011,2,15
CHEVROLET_SILVERADO,driver_285,route_014,0,10
CHEVROLET_SILVERADO,driver_285,route_014,1,10
CHEVROLET_SILVERADO,driver_285,route_014,2,10
CHEVROLET_SILVERADO,driver_285,route_014,3,10
CHEVROLET_SILVERADO,driver_285,route_014,4,10
CHEVROLET_SILVERADO,driver_285,route_014,5,10
CHEVROLET_SILVERADO,driver_285,route_014,6,10
CHEVROLET_SILVERADO,driver_285,route_014,7,10
CHEVROLET_SILVERADO,driver_285,route_014,8,10
CHEVROLET_SILVERADO,driver_285,route_014,9,10
CHEVROLET_SILVERADO,driver_285,route_014,10,10
CHEVROLET_SILVERADO,driver_285,route_014,11,10
CHEVROLET_SILVERADO,driver_285,route_014,12,10
CHEVROLET_SILVERADO,driver_285,route_014,13,10
CHEVROLET_SILVERADO,driver_285,route_014,14,10
CHEVROLET_SILVERADO,driver_285,route_015,0,15
CHEVROLET_SILVERADO,driver_285,route_015,1,15
CHEVROLET_SILVERADO,driver_285,route_015,2,15
CHEVROLET_SILVERADO,driver_285,route_015,3,15
CHEVROLET_SILVERADO,driver_285,route_015,4,15
CHEVROLET_SILVERADO,driver_285,route_015,5,15
CHEVROLET_SILVERADO,driver_285,route_015,6,15
CHEVROLET_SILVERADO,driver_285,route_015,7,15
CHEVROLET_SILVERADO,driver_285,route_015,8,15
CHEVROLET_SILVERADO,driver_285,route_015,9,15
CHEVROLET_SILVERADO,driver_285,route_015,10,15
CHEVROLET_SILVERADO,driver_285,route_015,11,15
CHEVROLET_SILVERADO,driver_285,route_015,12,15
CHEVROLET_SILVERADO,driver_285,route_015,13,15
CHEVROLET_SILVERADO,driver_285,route_015,14,15
CHEVROLET_SILVERADO,driver_285,route_015,15,10
CHEVROLET_SILVERADO,driver_285,route_015,16,10
CHEVROLET_SILVERADO,driver_285,route_016,0,15
CHEVROLET_SILVERADO,driver_285,route_016,1,15
CHEVROLET_SILVERADO,driver_285,route_016,2,15
CHEVROLET_SILVERADO,driver_285,route_016,3,15
CHEVROLET_SILVERADO,driver_285,route_016,4,15
CHEVROLET_SILVERADO,driver_285,route_016,5,15
CHEVROLET_SILVERADO,driver_285,route_016,6,15
CHEVROLET_SILVERADO,driver_285,route_016,7,15
CHEVROLET_SILVERADO,driver_285,route_016,8,15
CHEVROLET_SILVERADO,driver_285,route_016,9,15
CHEVROLET_SILVERADO,driver_285,route_016,10,15
CHEVROLET_SILVERADO,driver_285,route_016,11,10
CHEVROLET_SILVERADO,driver_285,route_016,12,10
CHEVROLET_SILVERADO,driver_285,route_016,13,10
CHEVROLET_SILVERADO,driver_285,route_017,0,15
CHEVROLET_SILVERADO,driver_285,route_017,1,15
CHEVROLET_SILVERADO,driver_285,route_017,2,15
CHEVROLET_SILVERADO,driver_285,route_017,3,15
CHEVROLET_SILVERADO,driver_285,route_017,4,15
CHEVROLET_SILVERADO,driver_285,route_017,5,15
CHEVROLET_SILVERADO,driver_285,route_017,6,15
CHEVROLET_SILVERADO,driver_285,route_018,0,15
CHEVROLET_SILVERADO,driver_285,route_018,1,15
CHEVROLET_SILVERADO,driver_285,route_018,2,15
CHEVROLET_SILVERADO,driver_285,route_018,3,15
CHEVROLET_SILVERADO,driver_285,route_018,4,15
CHEVROLET_SILVERADO,driver_285,route_018,5,15
CHEVROLET_SILVERADO,driver_285,route_018,6,15
CHEVROLET_SILVERADO,driver_285,route_019,0,15
CHEVROLET_SILVERADO,driver_285,route_019,1,15
CHEVROLET_SILVERADO,driver_285,route_019,2,15
CHEVROLET_SILVERADO,driver_285,route_019,3,15
CHEVROLET_SILVERADO,driver_285,route_019,4,15
CHEVROLET_SILVERADO,driver_285,route_019,5,15
CHEVROLET_SILVERADO,driver_285,route_019,6,15
CHEVROLET_SILVERADO,driver_285,route_019,7,15
CHEVROLET_SILVERADO,driver_285,route_019,8,15
CHEVROLET_SILVERADO,driver_285,route_020,0,15
CHEVROLET_SILVERADO,driver_285,route_020,1,15
CHEVROLET_SILVERADO,driver_285,route_020,2,15
CHEVROLET_SILVERADO,driver_285,route_020,3,15
CHEVROLET_SILVERADO,driver_285,route_020,4,15
CHEVROLET_SILVERADO,driver_285,route_020,5,15
CHEVROLET_SILVERADO,driver_285,route_020,6,15
CHEVROLET_SILVERADO,driver_285,route_020,7,15
CHEVROLET_SILVERADO,driver_285,route_020,8,15
CHEVROLET_SILVERADO,driver_285,route_020,9,15
CHEVROLET_SILVERADO,driver_285,route_020,10,15
CHEVROLET_SILVERADO,driver_285,route_020,11,15
CHEVROLET_SILVERADO,driver_285,route_020,12,15
CHEVROLET_SILVERADO,driver_285,route_020,13,15
CHEVROLET_SILVERADO,driver_285,route_021,0,15
CHEVROLET_SILVERADO,driver_285,route_021,1,15
CHEVROLET_SILVERADO,driver_285,route_021,2,15
CHEVROLET_SILVERADO,driver_285,route_021,3,15
CHEVROLET_SILVERADO,driver_285,route_021,4,15
CHEVROLET_SILVERADO,driver_285,route_021,5,15
CHEVROLET_SILVERADO,driver_285,route_021,6,15
CHEVROLET_SILVERADO,driver_285,route_021,7,15
CHEVROLET_SILVERADO,driver_285,route_021,8,15
CHEVROLET_SILVERADO,driver_285,route_021,9,15
CHEVROLET_SILVERADO,driver_285,route_021,10,15
CHEVROLET_SILVERADO,driver_285,route_021,11,15
CHEVROLET_SILVERADO,driver_285,route_021,12,15
CHEVROLET_SILVERADO,driver_285,route_021,13,15
CHEVROLET_SILVERADO,driver_285,route_022,0,15
CHEVROLET_SILVERADO,driver_285,route_022,1,15
CHEVROLET_SILVERADO,driver_285,route_022,2,15
CHEVROLET_SILVERADO,driver_285,route_022,3,15
CHEVROLET_SILVERADO,driver_285,route_022,4,15
CHEVROLET_SILVERADO,driver_285,route_023,0,15
CHEVROLET_SILVERADO,driver_285,route_023,1,15
CHEVROLET_SILVERADO,driver_285,route_023,2,15
CHEVROLET_SILVERADO,driver_285,route_023,3,15
CHEVROLET_SILVERADO,driver_285,route_024,0,10
CHEVROLET_SILVERADO,driver_285,route_024,1,10
CHEVROLET_SILVERADO,driver_285,route_024,2,10
CHEVROLET_SILVERADO,driver_285,route_024,3,10
CHEVROLET_SILVERADO,driver_285,route_024,4,10
CHEVROLET_SILVERADO,driver_285,route_024,5,10
CHEVROLET_SILVERADO,driver_285,route_024,6,10
CHEVROLET_SILVERADO,driver_285,route_024,7,10
CHEVROLET_SILVERADO,driver_285,route_025,0,15
CHEVROLET_SILVERADO,driver_285,route_025,1,15
CHEVROLET_SILVERADO,driver_285,route_025,2,15
CHEVROLET_SILVERADO,driver_285,route_025,3,15
CHEVROLET_SILVERADO,driver_285,route_025,4,15
CHEVROLET_SILVERADO,driver_285,route_025,5,15
CHEVROLET_SILVERADO,driver_285,route_025,6,15
CHEVROLET_SILVERADO,driver_285,route_025,7,15
CHEVROLET_SILVERADO,driver_285,route_025,8,15
CHEVROLET_SILVERADO,driver_285,route_025,9,15
CHEVROLET_SILVERADO,driver_285,route_025,10,15
CHEVROLET_SILVERADO,driver_285,route_026,0,15
CHEVROLET_SILVERADO,driver_285,route_026,1,15
CHEVROLET_SILVERADO,driver_285,route_026,2,15
CHEVROLET_SILVERADO,driver_285,route_026,3,15
CHEVROLET_SILVERADO,driver_285,route_026,4,15
CHEVROLET_SILVERADO,driver_285,route_026,5,15
CHEVROLET_SILVERADO,driver_285,route_026,6,15
CHEVROLET_SILVERADO,driver_285,route_026,7,15
CHEVROLET_SILVERADO,driver_285,route_035,0,15
CHEVROLET_SILVERADO,driver_285,route_035,1,15
CHEVROLET_SILVERADO,driver_285,route_036,0,15
CHEVROLET_SILVERADO,driver_285,route_036,1,15
CHEVROLET_SILVERADO,driver_285,route_036,2,15
CHEVROLET_SILVERADO,driver_285,route_037,0,15
CHEVROLET_SILVERADO,driver_285,route_037,1,15
CHEVROLET_SILVERADO,driver_285,route_037,2,15
CHEVROLET_SILVERADO,driver_285,route_037,3,15
CHEVROLET_SILVERADO,driver_285,route_037,4,15
CHEVROLET_SILVERADO,driver_285,route_037,5,15
CHEVROLET_SILVERADO,driver_285,route_037,6,15
CHEVROLET_SILVERADO,driver_285,route_037,7,15
CHEVROLET_SILVERADO,driver_285,route_037,8,15
CHEVROLET_SILVERADO,driver_285,route_037,9,15
CHEVROLET_SILVERADO,driver_285,route_037,10,15
CHEVROLET_SILVERADO,driver_285,route_037,11,15
CHEVROLET_SILVERADO,driver_285,route_037,12,15
CHEVROLET_SILVERADO,driver_285,route_037,13,15
CHEVROLET_SILVERADO,driver_285,route_038,0,15
CHEVROLET_SILVERADO,driver_285,route_038,1,15
CHEVROLET_SILVERADO,driver_285,route_038,2,15
CHEVROLET_SILVERADO,driver_285,route_038,3,15
CHEVROLET_SILVERADO,driver_285,route_038,4,15
CHEVROLET_SILVERADO,driver_285,route_038,5,15
CHEVROLET_SILVERADO,driver_285,route_038,6,15
CHEVROLET_SILVERADO_1500_2020,driver_285,route_001,0,15
CHEVROLET_SILVERADO_1500_2020,driver_285,route_001,1,15
CHEVROLET_SILVERADO_1500_2020,driver_285,route_001,2,15
CHEVROLET_SILVERADO_1500_2020,driver_285,route_001,3,15
CHEVROLET_SILVERADO_1500_2020,driver_285,route_001,4,15
CHEVROLET_SILVERADO_1500_2020,driver_285,route_003,0,10
CHEVROLET_SILVERADO_1500_2020,driver_285,route_003,1,10
CHEVROLET_SILVERADO_1500_2020,driver_285,route_003,2,10
CHEVROLET_SILVERADO_1500_2020,driver_285,route_003,3,10
CHEVROLET_SILVERADO_1500_2020,driver_285,route_003,4,10
CHEVROLET_SILVERADO_1500_2020,driver_285,route_003,5,10
CHEVROLET_SILVERADO_1500_2020,driver_285,route_003,6,10
CHEVROLET_SILVERADO_1500_2020,driver_285,route_003,7,10
CHEVROLET_SILVERADO_1500_2020,driver_285,route_005,0,10
CHEVROLET_SILVERADO_1500_2020,driver_285,route_005,1,10
CHEVROLET_SILVERADO_1500_2020,driver_285,route_005,2,10
CHEVROLET_SILVERADO_1500_2020,driver_285,route_005,3,10
CHEVROLET_SILVERADO_1500_2020,driver_285,route_005,4,10
CHEVROLET_SILVERADO_1500_2020,driver_285,route_005,5,10
CHEVROLET_SILVERADO_1500_2020,driver_285,route_005,6,10
CHEVROLET_SILVERADO_1500_2020,driver_285,route_005,7,10
CHEVROLET_SILVERADO_1500_2020,driver_285,route_005,8,10
CHEVROLET_SILVERADO_1500_2020,driver_285,route_010,0,15
CHEVROLET_SILVERADO_1500_2020,driver_285,route_012,0,15
CHEVROLET_SILVERADO_1500_2020,driver_285,route_012,1,15
CHEVROLET_SILVERADO_1500_2020,driver_285,route_012,2,15
CHEVROLET_SILVERADO_1500_2020,driver_285,route_012,3,15
CHEVROLET_SILVERADO_1500_2020,driver_285,route_012,4,15
CHEVROLET_SILVERADO_1500_2020,driver_285,route_012,5,15
CHEVROLET_SILVERADO_1500_2020,driver_285,route_012,6,15
CHEVROLET_SILVERADO_1500_2020,driver_285,route_012,7,15
CHEVROLET_SILVERADO_1500_2020,driver_285,route_012,8,15
CHEVROLET_SILVERADO_1500_2020,driver_285,route_012,9,15
CHEVROLET_SILVERADO_1500_2020,driver_285,route_012,10,15
CHEVROLET_SILVERADO_1500_2020,driver_285,route_012,11,15
CHEVROLET_SILVERADO_1500_2020,driver_285,route_012,12,15
CHEVROLET_SILVERADO_1500_2020,driver_285,route_012,13,15
CHEVROLET_SILVERADO_1500_2020,driver_285,route_012,14,15
CHEVROLET_SILVERADO_1500_2020,driver_285,route_012,15,15
CHEVROLET_SILVERADO_1500_2020,driver_285,route_012,16,15
CHEVROLET_SILVERADO_1500_2020,driver_285,route_012,17,15
CHEVROLET_SILVERADO_1500_2020,driver_285,route_012,18,10
CHEVROLET_SILVERADO_1500_2020,driver_285,route_013,0,15
CHEVROLET_SILVERADO_1500_2020,driver_285,route_013,1,15
CHEVROLET_SILVERADO_1500_2020,driver_285,route_013,2,15
CHEVROLET_SILVERADO_1500_2020,driver_285,route_013,3,15
CHEVROLET_SILVERADO_1500_2020,driver_285,route_013,4,15
CHEVROLET_SILVERADO_1500_2020,driver_285,route_013,5,15
CHEVROLET_SILVERADO_1500_2020,driver_285,route_013,6,15
CHEVROLET_SILVERADO_1500_2020,driver_285,route_013,7,15
CHEVROLET_SILVERADO_1500_2020,driver_285,route_013,8,15
CHEVROLET_SILVERADO_1500_2020,driver_285,route_013,9,15
CHEVROLET_SILVERADO_1500_2020,driver_285,route_013,10,15
CHEVROLET_SILVERADO_1500_2020,driver_285,route_013,11,15
CHEVROLET_SILVERADO_1500_2020,driver_285,route_013,12,15
CHEVROLET_SILVERADO_1500_2020,driver_285,route_013,13,15
CHEVROLET_SILVERADO_1500_2020,driver_285,route_013,14,10
CHEVROLET_SILVERADO_1500_2020,driver_285,route_013,15,10
CHEVROLET_SILVERADO_1500_2020,driver_285,route_027,0,15
CHEVROLET_SILVERADO_1500_2020,driver_285,route_027,1,15
CHEVROLET_SILVERADO_1500_2020,driver_285,route_027,2,15
CHEVROLET_SILVERADO_1500_2020,driver_285,route_027,3,15
CHEVROLET_SILVERADO_1500_2020,driver_285,route_028,0,15
CHEVROLET_SILVERADO_1500_2020,driver_285,route_028,1,15
CHEVROLET_SILVERADO_1500_2020,driver_285,route_028,2,15
CHEVROLET_SILVERADO_1500_2020,driver_285,route_029,0,15
CHEVROLET_SILVERADO_1500_2020,driver_285,route_029,1,15
CHEVROLET_SILVERADO_1500_2020,driver_285,route_029,2,15
CHEVROLET_SILVERADO_1500_2020,driver_285,route_029,3,15
CHEVROLET_SILVERADO_1500_2020,driver_285,route_029,4,15
CHEVROLET_SILVERADO_1500_2020,driver_285,route_029,5,15
CHEVROLET_SILVERADO_1500_2020,driver_285,route_029,6,15
CHEVROLET_SILVERADO_1500_2020,driver_285,route_029,7,15
CHEVROLET_SILVERADO_1500_2020,driver_285,route_029,8,15
CHEVROLET_SILVERADO_1500_2020,driver_285,route_029,9,15
CHEVROLET_SILVERADO_1500_2020,driver_285,route_030,0,15
CHEVROLET_SILVERADO_1500_2020,driver_285,route_030,1,15
CHEVROLET_SILVERADO_1500_2020,driver_285,route_030,2,15
CHEVROLET_SILVERADO_1500_2020,driver_285,route_030,3,15
CHEVROLET_SILVERADO_1500_2020,driver_285,route_030,4,15
CHEVROLET_SILVERADO_1500_2020,driver_285,route_031,0,10
CHEVROLET_SILVERADO_1500_2020,driver_285,route_031,1,10
CHEVROLET_SILVERADO_1500_2020,driver_285,route_031,2,10
CHEVROLET_SILVERADO_1500_2020,driver_285,route_031,3,10
CHEVROLET_SILVERADO_1500_2020,driver_285,route_031,4,10
CHEVROLET_SILVERADO_1500_2020,driver_285,route_031,5,10
CHEVROLET_SILVERADO_1500_2020,driver_285,route_031,6,10
CHEVROLET_SILVERADO_1500_2020,driver_285,route_031,7,10
CHEVROLET_SILVERADO_1500_2020,driver_285,route_031,8,10
CHEVROLET_SILVERADO_1500_2020,driver_285,route_031,9,10
CHEVROLET_SILVERADO_1500_2020,driver_285,route_031,10,10
CHEVROLET_SILVERADO_1500_2020,driver_285,route_032,0,15
CHEVROLET_SILVERADO_1500_2020,driver_285,route_032,1,15
CHEVROLET_SILVERADO_1500_2020,driver_285,route_032,2,15
CHEVROLET_SILVERADO_1500_2020,driver_285,route_032,3,15
CHEVROLET_SILVERADO_1500_2020,driver_285,route_032,4,15
CHEVROLET_SILVERADO_1500_2020,driver_285,route_032,5,15
CHEVROLET_SILVERADO_1500_2020,driver_285,route_032,6,15
CHEVROLET_SILVERADO_1500_2020,driver_285,route_032,7,15
CHEVROLET_SILVERADO_1500_2020,driver_285,route_032,8,15
CHEVROLET_SILVERADO_1500_2020,driver_285,route_032,9,15
CHEVROLET_SILVERADO_1500_2020,driver_285,route_032,10,15
CHEVROLET_SILVERADO_1500_2020,driver_285,route_033,0,15
CHEVROLET_SILVERADO_1500_2020,driver_285,route_033,1,15
CHEVROLET_SILVERADO_1500_2020,driver_285,route_033,2,15
CHEVROLET_SILVERADO_1500_2020,driver_285,route_033,3,15
CHEVROLET_SILVERADO_1500_2020,driver_285,route_033,4,15
CHEVROLET_SILVERADO_1500_2020,driver_285,route_033,5,15
CHEVROLET_SILVERADO_1500_2020,driver_285,route_033,6,15
CHEVROLET_SILVERADO_1500_2020,driver_285,route_034,0,15
CHEVROLET_SILVERADO_1500_2020,driver_285,route_034,1,15
CHEVROLET_SILVERADO_1500_2020,driver_285,route_034,2,15
CHEVROLET_SILVERADO_1500_2020,driver_285,route_034,3,15
CHEVROLET_SILVERADO_1500_2020,driver_285,route_034,4,15
CHEVROLET_SILVERADO_1500_2020,driver_285,route_034,5,15
CHEVROLET_SILVERADO_1500_2020,driver_285,route_034,6,15
CHEVROLET_SILVERADO_1500_2020,driver_285,route_039,0,15
CHEVROLET_SILVERADO_1500_2020,driver_285,route_039,1,15
CHEVROLET_SILVERADO_1500_2020,driver_285,route_039,2,15
CHEVROLET_SILVERADO_1500_2020,driver_285,route_039,3,15
CHEVROLET_SILVERADO_1500_2020,driver_285,route_039,4,15
CHEVROLET_TRAILBLAZER,driver_063,route_001,0,15
CHEVROLET_TRAILBLAZER,driver_063,route_001,1,15
CHEVROLET_TRAILBLAZER,driver_063,route_001,2,15
CHEVROLET_TRAILBLAZER,driver_063,route_001,3,15
CHEVROLET_TRAILBLAZER,driver_063,route_001,4,15
CHEVROLET_TRAILBLAZER,driver_063,route_001,5,15
CHEVROLET_TRAILBLAZER,driver_063,route_001,6,15
CHEVROLET_TRAILBLAZER,driver_063,route_002,0,15
CHEVROLET_TRAILBLAZER,driver_063,route_002,1,15
CHEVROLET_TRAILBLAZER,driver_063,route_002,2,15
CHEVROLET_TRAILBLAZER,driver_063,route_002,3,15
CHEVROLET_TRAILBLAZER,driver_063,route_002,4,15
CHEVROLET_TRAILBLAZER,driver_063,route_002,5,15
CHEVROLET_TRAILBLAZER,driver_063,route_002,6,15
CHEVROLET_TRAILBLAZER,driver_063,route_002,7,15
CHEVROLET_TRAILBLAZER,driver_119,route_001,0,15
CHEVROLET_TRAILBLAZER,driver_119,route_001,1,15
CHEVROLET_TRAILBLAZER,driver_119,route_001,2,15
CHEVROLET_TRAILBLAZER,driver_119,route_001,3,15
CHEVROLET_TRAILBLAZER,driver_119,route_001,4,15
CHEVROLET_TRAILBLAZER,driver_119,route_001,5,15
CHEVROLET_TRAILBLAZER,driver_119,route_001,6,15
CHEVROLET_TRAILBLAZER,driver_119,route_001,7,15
CHEVROLET_TRAILBLAZER,driver_119,route_001,8,15
CHEVROLET_TRAILBLAZER,driver_119,route_001,9,15
CHEVROLET_TRAILBLAZER,driver_119,route_001,10,15
CHEVROLET_TRAILBLAZER,driver_119,route_001,11,15
CHEVROLET_TRAILBLAZER,driver_119,route_001,12,10
CHEVROLET_TRAILBLAZER,driver_119,route_001,13,10
CHEVROLET_TRAILBLAZER,driver_119,route_002,0,15
CHEVROLET_TRAILBLAZER,driver_119,route_002,1,15
CHEVROLET_TRAILBLAZER,driver_119,route_002,2,15
CHEVROLET_TRAILBLAZER,driver_119,route_002,3,15
CHEVROLET_TRAILBLAZER,driver_119,route_003,0,15
CHEVROLET_TRAILBLAZER,driver_119,route_004,0,15
CHEVROLET_TRAILBLAZER,driver_119,route_004,1,15
CHEVROLET_TRAILBLAZER,driver_119,route_004,2,15
CHEVROLET_TRAILBLAZER,driver_119,route_005,0,15
CHEVROLET_TRAILBLAZER,driver_119,route_005,1,15
CHEVROLET_TRAILBLAZER,driver_119,route_005,2,15
CHEVROLET_TRAILBLAZER,driver_119,route_005,3,15
CHEVROLET_TRAILBLAZER,driver_119,route_005,4,15
CHEVROLET_TRAILBLAZER,driver_119,route_005,5,15
CHEVROLET_TRAILBLAZER,driver_119,route_005,6,15
CHEVROLET_TRAILBLAZER,driver_119,route_005,7,15
CHEVROLET_TRAILBLAZER,driver_119,route_005,8,15
CHEVROLET_TRAILBLAZER,driver_119,route_005,9,15
CHEVROLET_TRAILBLAZER,driver_119,route_005,10,15
CHEVROLET_TRAILBLAZER,driver_119,route_005,11,15
CHEVROLET_TRAILBLAZER,driver_119,route_005,12,15
CHEVROLET_TRAILBLAZER,driver_119,route_005,13,15
CHEVROLET_TRAILBLAZER,driver_119,route_005,14,15
CHEVROLET_TRAILBLAZER,driver_119,route_005,15,15
CHEVROLET_TRAILBLAZER,driver_119,route_005,16,15
CHEVROLET_TRAILBLAZER,driver_119,route_005,17,15
CHEVROLET_TRAILBLAZER,driver_119,route_005,18,15
CHEVROLET_TRAILBLAZER,driver_119,route_005,19,15
CHEVROLET_TRAILBLAZER,driver_119,route_006,0,15
CHEVROLET_TRAILBLAZER,driver_119,route_006,1,15
CHEVROLET_TRAILBLAZER,driver_119,route_006,2,15
CHEVROLET_TRAILBLAZER,driver_119,route_006,3,15
CHEVROLET_TRAILBLAZER,driver_119,route_006,4,15
CHEVROLET_TRAILBLAZER,driver_119,route_006,5,15
CHEVROLET_TRAILBLAZER,driver_119,route_006,6,15
CHEVROLET_VOLT_ASCM,driver_042,route_006,0,15
CHEVROLET_VOLT_ASCM,driver_042,route_006,1,15
CHEVROLET_VOLT_ASCM,driver_042,route_007,0,15
CHEVROLET_VOLT_ASCM,driver_042,route_007,1,15
CHEVROLET_VOLT_ASCM,driver_042,route_008,0,15
CHEVROLET_VOLT_PREMIER_2017,driver_159,route_001,0,10
CHEVROLET_VOLT_PREMIER_2017,driver_159,route_001,1,10
CHEVROLET_VOLT_PREMIER_2017,driver_159,route_002,0,15
CHEVROLET_VOLT_PREMIER_2017,driver_159,route_002,1,15
CHEVROLET_VOLT_PREMIER_2017,driver_159,route_002,2,15
CHEVROLET_VOLT_PREMIER_2017,driver_159,route_003,0,15
CHEVROLET_VOLT_PREMIER_2017,driver_279,route_001,0,15
CHEVROLET_VOLT_PREMIER_2017,driver_279,route_001,1,15
CHEVROLET_VOLT_PREMIER_2017,driver_279,route_001,2,15
CHEVROLET_VOLT_PREMIER_2017,driver_279,route_001,3,15
CHEVROLET_VOLT_PREMIER_2017,driver_279,route_001,4,15
CHEVROLET_VOLT_PREMIER_2017,driver_279,route_002,0,15
CHEVROLET_VOLT_PREMIER_2017,driver_279,route_002,1,15
CHEVROLET_VOLT_PREMIER_2017,driver_279,route_002,2,15
CHEVROLET_VOLT_PREMIER_2017,driver_279,route_002,3,15
CHEVROLET_VOLT_PREMIER_2017,driver_279,route_002,4,10
CHEVROLET_VOLT_PREMIER_2017,driver_279,route_003,0,15
CHEVROLET_VOLT_PREMIER_2017,driver_279,route_003,1,10
CHEVROLET_VOLT_PREMIER_2018,driver_127,route_001,0,15
CHEVROLET_VOLT_PREMIER_2018,driver_127,route_001,1,15
CHEVROLET_VOLT_PREMIER_2018,driver_127,route_001,2,15
CHEVROLET_VOLT_PREMIER_2018,driver_127,route_001,3,15
CHEVROLET_VOLT_PREMIER_2018,driver_127,route_001,4,15
CHEVROLET_VOLT_PREMIER_2018,driver_254,route_001,0,15
CHEVROLET_VOLT_PREMIER_2018,driver_254,route_001,1,15
CHEVROLET_VOLT_PREMIER_2018,driver_254,route_001,2,15
CHEVROLET_VOLT_PREMIER_2018,driver_254,route_001,3,15
CHEVROLET_VOLT_PREMIER_2018,driver_254,route_001,4,15
CHEVROLET_VOLT_PREMIER_2018,driver_254,route_001,5,15
CHEVROLET_VOLT_PREMIER_2018,driver_254,route_001,6,15
CHEVROLET_VOLT_PREMIER_2018,driver_254,route_002,0,15
CHEVROLET_VOLT_PREMIER_2018,driver_254,route_002,1,15
CHEVROLET_VOLT_PREMIER_2018,driver_254,route_002,2,15
CHEVROLET_VOLT_PREMIER_2018,driver_254,route_002,3,15
CHEVROLET_VOLT_PREMIER_2018,driver_254,route_002,4,15
CHEVROLET_VOLT_PREMIER_2018,driver_254,route_002,5,15
CHEVROLET_VOLT_PREMIER_2018,driver_254,route_002,6,15
CHEVROLET_VOLT_PREMIER_2018,driver_254,route_002,7,15
CHEVROLET_VOLT_PREMIER_2018,driver_254,route_002,8,15
CHEVROLET_VOLT_PREMIER_2018,driver_254,route_002,9,15
CHEVROLET_VOLT_PREMIER_2018,driver_254,route_003,0,15
CHEVROLET_VOLT_PREMIER_2018,driver_254,route_003,1,15
CHEVROLET_VOLT_PREMIER_2018,driver_254,route_003,2,15
CHEVROLET_VOLT_PREMIER_2018,driver_254,route_003,3,15
CHEVROLET_VOLT_PREMIER_2018,driver_254,route_003,4,15
CHEVROLET_VOLT_PREMIER_2018,driver_254,route_003,5,15
CHEVROLET_VOLT_PREMIER_2018,driver_254,route_003,6,10
CHEVROLET_VOLT_PREMIER_2018,driver_254,route_003,7,15
CHEVROLET_VOLT_PREMIER_2018,driver_254,route_003,8,15
CHEVROLET_VOLT_PREMIER_2018,driver_254,route_003,9,15
CHEVROLET_VOLT_PREMIER_2018,driver_254,route_003,10,15
CHEVROLET_VOLT_PREMIER_2018,driver_254,route_003,11,15
CHEVROLET_VOLT_PREMIER_2018,driver_254,route_003,12,15
CHEVROLET_VOLT_PREMIER_2018,driver_254,route_003,13,15
CHEVROLET_VOLT_PREMIER_2018,driver_254,route_003,14,15
CHEVROLET_VOLT_PREMIER_2018,driver_254,route_003,15,15
CHEVROLET_VOLT_PREMIER_2018,driver_254,route_003,16,15
CHEVROLET_VOLT_PREMIER_2018,driver_254,route_003,17,15
CHEVROLET_VOLT_PREMIER_2018,driver_254,route_003,18,15
CHEVROLET_VOLT_PREMIER_2018,driver_254,route_003,19,15
CHEVROLET_VOLT_PREMIER_2018,driver_254,route_003,20,15
CHEVROLET_VOLT_PREMIER_2018,driver_254,route_003,21,15
CHEVROLET_VOLT_PREMIER_2018,driver_254,route_003,22,15
CHEVROLET_VOLT_PREMIER_2018,driver_254,route_003,23,15
CHEVROLET_VOLT_PREMIER_2018,driver_254,route_003,24,15
CHEVROLET_VOLT_PREMIER_2018,driver_254,route_003,25,15
CHEVROLET_VOLT_PREMIER_2018,driver_254,route_003,26,10
CHEVROLET_VOLT_PREMIER_2018,driver_254,route_003,27,10
CHEVROLET_VOLT_PREMIER_2018,driver_254,route_003,28,10
CHEVROLET_VOLT_PREMIER_2018,driver_254,route_003,29,10
CHEVROLET_VOLT_PREMIER_2018,driver_254,route_003,30,10
CHEVROLET_VOLT_PREMIER_2018,driver_254,route_003,31,10
CHEVROLET_VOLT_PREMIER_2018,driver_254,route_003,32,10
CHEVROLET_VOLT_PREMIER_2018,driver_254,route_004,0,15
CHEVROLET_VOLT_PREMIER_2018,driver_254,route_004,1,15
CHEVROLET_VOLT_PREMIER_2018,driver_254,route_004,2,15
CHEVROLET_VOLT_PREMIER_2018,driver_254,route_005,0,15
CHEVROLET_VOLT_PREMIER_2018,driver_254,route_005,1,15
CHEVROLET_VOLT_PREMIER_2018,driver_254,route_005,2,15
CHEVROLET_VOLT_PREMIER_2018,driver_254,route_005,3,15
CHEVROLET_VOLT_PREMIER_2018,driver_254,route_005,4,15
CHEVROLET_VOLT_PREMIER_2018,driver_254,route_005,5,15
CHEVROLET_VOLT_PREMIER_2018,driver_254,route_005,6,10
CHEVROLET_VOLT_PREMIER_2018,driver_254,route_005,7,15
CHEVROLET_VOLT_PREMIER_2018,driver_254,route_005,8,15
CHEVROLET_VOLT_PREMIER_2018,driver_254,route_005,9,15
CHEVROLET_VOLT_PREMIER_2018,driver_254,route_006,0,10
CHEVROLET_VOLT_PREMIER_2018,driver_254,route_006,1,10
CHEVROLET_VOLT_PREMIER_2018,driver_254,route_006,2,10
CHEVROLET_VOLT_PREMIER_2018,driver_254,route_006,3,10
CHEVROLET_VOLT_PREMIER_2018,driver_254,route_007,0,10
CHEVROLET_VOLT_PREMIER_2018,driver_254,route_007,1,10
CHEVROLET_VOLT_PREMIER_2018,driver_254,route_007,2,10
CHEVROLET_VOLT_PREMIER_2018,driver_254,route_007,3,10
CHEVROLET_VOLT_PREMIER_2018,driver_254,route_007,4,10
CHEVROLET_VOLT_PREMIER_2018,driver_254,route_008,0,15
CHEVROLET_VOLT_PREMIER_2018,driver_254,route_008,1,15
CHEVROLET_VOLT_PREMIER_2018,driver_254,route_008,2,15
CHEVROLET_VOLT_PREMIER_2018,driver_254,route_009,0,10
CHEVROLET_VOLT_PREMIER_2018,driver_254,route_009,1,10
CHEVROLET_VOLT_PREMIER_2018,driver_254,route_009,2,10
CHEVROLET_VOLT_PREMIER_2018,driver_254,route_009,3,10
CHEVROLET_VOLT_PREMIER_2018,driver_254,route_009,4,10
CHEVROLET_VOLT_PREMIER_2018,driver_254,route_009,5,10
CHEVROLET_VOLT_PREMIER_2018,driver_254,route_010,0,15
CHEVROLET_VOLT_PREMIER_2018,driver_254,route_010,1,15
CHEVROLET_VOLT_PREMIER_2018,driver_254,route_010,2,15
CHEVROLET_VOLT_PREMIER_2018,driver_254,route_010,3,10
CHEVROLET_VOLT_PREMIER_2018,driver_254,route_011,0,15
CHEVROLET_VOLT_PREMIER_2018,driver_254,route_011,1,15
CHEVROLET_VOLT_PREMIER_2018,driver_254,route_011,2,15
CHEVROLET_VOLT_PREMIER_2018,driver_254,route_012,0,15
CHEVROLET_VOLT_PREMIER_2018,driver_254,route_012,1,15
CHEVROLET_VOLT_PREMIER_2018,driver_254,route_012,2,15
CHEVROLET_VOLT_PREMIER_2018,driver_254,route_012,3,15
CHEVROLET_VOLT_PREMIER_2018,driver_254,route_013,0,15
CHEVROLET_VOLT_PREMIER_2018,driver_254,route_013,1,15
CHEVROLET_VOLT_PREMIER_2018,driver_254,route_013,2,15
CHEVROLET_VOLT_PREMIER_2018,driver_254,route_013,3,15
CHEVROLET_VOLT_PREMIER_2018,driver_254,route_013,4,15
FORD_BRONCO_SPORT_MK1,driver_062,route_001,0,15
FORD_BRONCO_SPORT_MK1,driver_062,route_001,1,15
FORD_BRONCO_SPORT_MK1,driver_062,route_001,2,15
FORD_BRONCO_SPORT_MK1,driver_062,route_001,3,15
FORD_BRONCO_SPORT_MK1,driver_062,route_002,0,15
FORD_BRONCO_SPORT_MK1,driver_062,route_002,1,15
FORD_BRONCO_SPORT_MK1,driver_161,route_001,0,15
FORD_BRONCO_SPORT_MK1,driver_161,route_001,1,15
FORD_BRONCO_SPORT_MK1,driver_161,route_001,2,15
FORD_BRONCO_SPORT_MK1,driver_161,route_001,3,15
FORD_BRONCO_SPORT_MK1,driver_161,route_001,4,15
FORD_BRONCO_SPORT_MK1,driver_161,route_002,0,15
FORD_BRONCO_SPORT_MK1,driver_161,route_002,1,15
FORD_BRONCO_SPORT_MK1,driver_282,route_001,0,15
FORD_BRONCO_SPORT_MK1,driver_282,route_001,1,15
FORD_BRONCO_SPORT_MK1,driver_282,route_001,2,15
FORD_BRONCO_SPORT_MK1,driver_282,route_001,3,15
FORD_BRONCO_SPORT_MK1,driver_282,route_001,4,15
FORD_BRONCO_SPORT_MK1,driver_282,route_001,5,15
FORD_BRONCO_SPORT_MK1,driver_282,route_001,6,15
FORD_BRONCO_SPORT_MK1,driver_282,route_001,7,15
FORD_BRONCO_SPORT_MK1,driver_282,route_001,8,15
FORD_BRONCO_SPORT_MK1,driver_282,route_001,9,15
FORD_BRONCO_SPORT_MK1,driver_282,route_001,10,15
FORD_BRONCO_SPORT_MK1,driver_282,route_001,11,15
FORD_BRONCO_SPORT_MK1,driver_282,route_001,12,15
FORD_BRONCO_SPORT_MK1,driver_282,route_001,13,10
FORD_BRONCO_SPORT_MK1,driver_282,route_001,14,10
FORD_BRONCO_SPORT_MK1,driver_282,route_001,15,10
FORD_BRONCO_SPORT_MK1,driver_334,route_001,0,15
FORD_BRONCO_SPORT_MK1,driver_334,route_001,1,15
FORD_BRONCO_SPORT_MK1,driver_334,route_001,2,15
FORD_ESCAPE_MK4_5,driver_250,route_001,0,15
FORD_ESCAPE_MK4_5,driver_250,route_001,1,15
FORD_ESCAPE_MK4_5,driver_250,route_002,0,15
FORD_ESCAPE_MK4_5,driver_250,route_002,1,15
FORD_ESCAPE_MK4_5,driver_250,route_003,0,15
FORD_ESCAPE_MK4_5,driver_250,route_003,1,15
FORD_ESCAPE_MK4_5,driver_250,route_003,2,15
FORD_ESCAPE_MK4_5,driver_250,route_003,3,15
FORD_ESCAPE_MK4_5,driver_250,route_003,4,15
FORD_ESCAPE_MK4_5,driver_250,route_003,5,15
FORD_ESCAPE_MK4_5,driver_250,route_004,0,15
FORD_ESCAPE_MK4_5,driver_250,route_004,1,15
FORD_ESCAPE_MK4_5,driver_250,route_004,2,15
FORD_ESCAPE_MK4_5,driver_250,route_004,3,15
FORD_ESCAPE_MK4_5,driver_250,route_004,4,15
FORD_ESCAPE_MK4_5,driver_250,route_004,5,15
FORD_ESCAPE_MK4_5,driver_250,route_005,0,15
FORD_ESCAPE_MK4_5,driver_250,route_005,1,15
FORD_ESCAPE_MK4_5,driver_250,route_005,2,15
FORD_ESCAPE_MK4_5,driver_250,route_005,3,15
FORD_ESCAPE_MK4_5,driver_250,route_005,4,15
FORD_ESCAPE_MK4_5,driver_250,route_005,5,15
FORD_ESCAPE_MK4_5,driver_250,route_005,6,15
FORD_ESCAPE_MK4_5,driver_250,route_005,7,15
FORD_ESCAPE_MK4_5,driver_250,route_006,0,15
FORD_ESCAPE_MK4_5,driver_250,route_006,1,15
FORD_ESCAPE_MK4_5,driver_250,route_006,2,15
FORD_ESCAPE_MK4_5,driver_250,route_006,3,15
FORD_ESCAPE_MK4_5,driver_250,route_006,4,15
FORD_ESCAPE_MK4_5,driver_250,route_006,5,15
FORD_ESCAPE_MK4_5,driver_250,route_006,6,15
FORD_ESCAPE_MK4_5,driver_250,route_006,7,15
FORD_ESCAPE_MK4_5,driver_250,route_007,0,15
FORD_ESCAPE_MK4_5,driver_250,route_007,1,15
FORD_ESCAPE_MK4_5,driver_250,route_007,2,15
FORD_ESCAPE_MK4_5,driver_250,route_008,0,15
FORD_ESCAPE_MK4_5,driver_250,route_009,0,15
FORD_ESCAPE_MK4_5,driver_250,route_010,0,15
FORD_ESCAPE_MK4_5,driver_250,route_010,1,15
FORD_ESCAPE_MK4_5,driver_250,route_010,2,15
FORD_ESCAPE_MK4_5,driver_250,route_010,3,15
FORD_ESCAPE_MK4_5,driver_250,route_010,4,15
FORD_ESCAPE_MK4_5,driver_250,route_011,0,10
FORD_ESCAPE_MK4_5,driver_250,route_011,1,10
FORD_ESCAPE_MK4_5,driver_250,route_011,2,10
FORD_ESCAPE_MK4_5,driver_250,route_011,3,10
FORD_ESCAPE_MK4_5,driver_250,route_011,4,10
FORD_ESCAPE_MK4_5,driver_250,route_011,5,10
FORD_ESCAPE_MK4_5,driver_250,route_011,6,10
FORD_ESCAPE_MK4_5,driver_250,route_011,7,10
FORD_ESCAPE_MK4_5,driver_250,route_012,0,15
FORD_ESCAPE_MK4_5,driver_250,route_012,1,15
FORD_ESCAPE_MK4_5,driver_250,route_012,2,15
FORD_ESCAPE_MK4_5,driver_250,route_012,3,15
FORD_ESCAPE_MK4_5,driver_250,route_012,4,15
FORD_ESCAPE_MK4_5,driver_250,route_012,5,15
FORD_ESCAPE_MK4_5,driver_250,route_012,6,15
FORD_ESCAPE_MK4_5,driver_250,route_012,7,15
FORD_ESCAPE_MK4_5,driver_250,route_013,0,15
FORD_ESCAPE_MK4_5,driver_250,route_013,1,15
FORD_ESCAPE_MK4_5,driver_250,route_013,2,15
FORD_ESCAPE_MK4_5,driver_250,route_013,3,15
FORD_ESCAPE_MK4_5,driver_250,route_013,4,15
FORD_ESCAPE_MK4_5,driver_250,route_014,0,15
FORD_ESCAPE_MK4_5,driver_250,route_014,1,15
FORD_ESCAPE_MK4_5,driver_250,route_014,2,15
FORD_ESCAPE_MK4_5,driver_250,route_014,3,15
FORD_ESCAPE_MK4_5,driver_250,route_015,0,15
FORD_ESCAPE_MK4_5,driver_250,route_015,1,15
FORD_ESCAPE_MK4_5,driver_250,route_015,2,15
FORD_ESCAPE_MK4_5,driver_250,route_015,3,15
FORD_ESCAPE_MK4_5,driver_250,route_015,4,15
FORD_ESCAPE_MK4_5,driver_250,route_016,0,15
FORD_ESCAPE_MK4_5,driver_250,route_016,1,15
FORD_ESCAPE_MK4_5,driver_250,route_016,2,15
FORD_ESCAPE_MK4_5,driver_250,route_017,0,15
FORD_ESCAPE_MK4_5,driver_250,route_017,1,15
FORD_ESCAPE_MK4_5,driver_250,route_017,2,15
FORD_ESCAPE_MK4_5,driver_250,route_018,0,10
FORD_ESCAPE_MK4_5,driver_250,route_018,1,10
FORD_ESCAPE_MK4_5,driver_250,route_018,2,10
FORD_ESCAPE_MK4_5,driver_250,route_018,3,10
FORD_ESCAPE_MK4_5,driver_250,route_018,4,10
FORD_ESCAPE_MK4_5,driver_250,route_018,5,10
FORD_ESCAPE_MK4_5,driver_250,route_018,6,10
FORD_ESCAPE_MK4_5,driver_250,route_018,7,10
FORD_ESCAPE_MK4_5,driver_250,route_018,8,10
FORD_ESCAPE_MK4_5,driver_250,route_018,9,10
FORD_ESCAPE_MK4_5,driver_250,route_018,10,10
FORD_ESCAPE_MK4_5,driver_250,route_019,0,15
FORD_ESCAPE_MK4_5,driver_250,route_019,1,15
FORD_ESCAPE_MK4_5,driver_250,route_019,2,15
FORD_ESCAPE_MK4_5,driver_250,route_019,3,15
FORD_ESCAPE_MK4_5,driver_250,route_020,0,15
FORD_ESCAPE_MK4_5,driver_250,route_020,1,15
FORD_ESCAPE_MK4_5,driver_250,route_020,2,15
FORD_ESCAPE_MK4_5,driver_250,route_020,3,15
FORD_ESCAPE_MK4_5,driver_250,route_020,4,15
FORD_ESCAPE_MK4_5,driver_250,route_020,5,15
FORD_ESCAPE_MK4_5,driver_250,route_020,6,15
FORD_ESCAPE_MK4_5,driver_250,route_020,7,15
FORD_ESCAPE_MK4_5,driver_250,route_020,8,15
FORD_ESCAPE_MK4_5,driver_250,route_021,0,15
FORD_ESCAPE_MK4_5,driver_250,route_021,1,15
FORD_ESCAPE_MK4_5,driver_250,route_021,2,15
FORD_ESCAPE_MK4_5,driver_250,route_021,3,15
FORD_ESCAPE_MK4_5,driver_250,route_022,0,15
FORD_ESCAPE_MK4_5,driver_250,route_022,1,15
FORD_ESCAPE_MK4_5,driver_250,route_022,2,15
FORD_ESCAPE_MK4_5,driver_250,route_022,3,15
FORD_ESCAPE_MK4_5,driver_250,route_023,0,15
FORD_ESCAPE_MK4_5,driver_250,route_023,1,15
FORD_ESCAPE_MK4_5,driver_250,route_023,2,15
FORD_ESCAPE_MK4_5,driver_250,route_023,3,15
FORD_ESCAPE_MK4_5,driver_250,route_023,4,15
FORD_ESCAPE_MK4_5,driver_250,route_023,5,15
FORD_ESCAPE_MK4_5,driver_250,route_023,6,15
FORD_ESCAPE_MK4_5,driver_250,route_023,7,15
FORD_ESCAPE_MK4_5,driver_250,route_024,0,15
FORD_ESCAPE_MK4_5,driver_250,route_024,1,15
FORD_ESCAPE_MK4_5,driver_250,route_024,2,15
FORD_ESCAPE_MK4_5,driver_250,route_024,3,15
FORD_ESCAPE_MK4_5,driver_250,route_024,4,15
FORD_ESCAPE_MK4_5,driver_250,route_024,5,15
FORD_ESCAPE_MK4_5,driver_250,route_025,0,15
FORD_ESCAPE_MK4_5,driver_250,route_025,1,15
FORD_ESCAPE_MK4_5,driver_250,route_025,2,15
FORD_ESCAPE_MK4_5,driver_250,route_026,0,15
FORD_ESCAPE_MK4_5,driver_250,route_026,1,15
FORD_ESCAPE_MK4_5,driver_250,route_026,2,15
FORD_ESCAPE_MK4_5,driver_250,route_027,0,15
FORD_ESCAPE_MK4_5,driver_250,route_027,1,15
FORD_ESCAPE_MK4_5,driver_250,route_028,0,15
FORD_ESCAPE_MK4_5,driver_250,route_028,1,15
FORD_ESCAPE_MK4_5,driver_250,route_028,2,15
FORD_ESCAPE_MK4_5,driver_250,route_028,3,15
FORD_ESCAPE_MK4_5,driver_250,route_028,4,15
FORD_ESCAPE_MK4_5,driver_250,route_028,5,15
FORD_ESCAPE_MK4_5,driver_250,route_028,6,15
FORD_ESCAPE_MK4_5,driver_250,route_029,0,15
FORD_ESCAPE_MK4_5,driver_250,route_029,1,15
FORD_ESCAPE_MK4_5,driver_250,route_029,2,15
FORD_ESCAPE_MK4_5,driver_250,route_029,3,15
FORD_ESCAPE_MK4_5,driver_250,route_029,4,15
FORD_ESCAPE_MK4_5,driver_250,route_029,5,15
FORD_ESCAPE_MK4_5,driver_250,route_029,6,15
FORD_ESCAPE_MK4_5,driver_250,route_029,7,15
FORD_ESCAPE_MK4_5,driver_250,route_029,8,15
FORD_ESCAPE_MK4_5,driver_250,route_029,9,15
FORD_EXPLORER_MK6,driver_222,route_001,0,15
FORD_EXPLORER_MK6,driver_222,route_001,1,15
FORD_EXPLORER_MK6,driver_222,route_001,2,15
FORD_EXPLORER_MK6,driver_222,route_001,3,15
FORD_EXPLORER_MK6,driver_222,route_001,4,15
FORD_EXPLORER_MK6,driver_222,route_001,5,15
FORD_EXPLORER_MK6,driver_222,route_001,6,15
FORD_EXPLORER_MK6,driver_222,route_001,7,15
FORD_EXPLORER_MK6,driver_222,route_001,8,15
FORD_EXPLORER_MK6,driver_222,route_001,9,10
FORD_F_150_LIGHTNING_MK1,driver_016,route_001,0,15
FORD_F_150_LIGHTNING_MK1,driver_016,route_001,1,15
FORD_F_150_LIGHTNING_MK1,driver_016,route_001,2,15
FORD_F_150_LIGHTNING_MK1,driver_029,route_001,0,15
FORD_F_150_LIGHTNING_MK1,driver_029,route_002,0,15
FORD_F_150_LIGHTNING_MK1,driver_029,route_002,1,15
FORD_F_150_LIGHTNING_MK1,driver_029,route_003,0,15
FORD_F_150_LIGHTNING_MK1,driver_029,route_003,1,15
FORD_F_150_LIGHTNING_MK1,driver_029,route_004,0,10
FORD_F_150_LIGHTNING_MK1,driver_029,route_004,1,10
FORD_F_150_LIGHTNING_MK1,driver_029,route_004,2,10
FORD_F_150_LIGHTNING_MK1,driver_029,route_005,0,10
FORD_F_150_LIGHTNING_MK1,driver_029,route_005,1,10
FORD_F_150_LIGHTNING_MK1,driver_029,route_005,2,10
FORD_F_150_LIGHTNING_MK1,driver_029,route_006,0,15
FORD_F_150_LIGHTNING_MK1,driver_029,route_006,1,15
FORD_F_150_LIGHTNING_MK1,driver_029,route_007,0,15
FORD_F_150_LIGHTNING_MK1,driver_029,route_008,0,15
FORD_F_150_LIGHTNING_MK1,driver_029,route_008,1,15
FORD_F_150_LIGHTNING_MK1,driver_029,route_008,2,15
FORD_F_150_LIGHTNING_MK1,driver_029,route_008,3,10
FORD_F_150_LIGHTNING_MK1,driver_029,route_009,0,15
FORD_F_150_LIGHTNING_MK1,driver_029,route_009,1,15
FORD_F_150_LIGHTNING_MK1,driver_029,route_009,2,15
FORD_F_150_LIGHTNING_MK1,driver_029,route_009,3,15
FORD_F_150_LIGHTNING_MK1,driver_029,route_009,4,15
FORD_F_150_LIGHTNING_MK1,driver_029,route_009,5,15
FORD_F_150_LIGHTNING_MK1,driver_029,route_009,6,15
FORD_F_150_LIGHTNING_MK1,driver_029,route_009,7,15
FORD_F_150_LIGHTNING_MK1,driver_029,route_009,8,15
FORD_F_150_LIGHTNING_MK1,driver_029,route_009,9,15
FORD_F_150_LIGHTNING_MK1,driver_029,route_009,10,15
FORD_F_150_LIGHTNING_MK1,driver_029,route_009,11,15
FORD_F_150_LIGHTNING_MK1,driver_029,route_009,12,15
FORD_F_150_LIGHTNING_MK1,driver_029,route_009,13,15
FORD_F_150_LIGHTNING_MK1,driver_029,route_009,14,15
FORD_F_150_LIGHTNING_MK1,driver_029,route_009,15,15
FORD_F_150_LIGHTNING_MK1,driver_029,route_009,16,15
FORD_F_150_LIGHTNING_MK1,driver_029,route_010,0,15
FORD_F_150_LIGHTNING_MK1,driver_029,route_010,1,15
FORD_F_150_LIGHTNING_MK1,driver_029,route_011,0,15
FORD_F_150_LIGHTNING_MK1,driver_029,route_011,1,15
FORD_F_150_LIGHTNING_MK1,driver_029,route_012,0,15
FORD_F_150_LIGHTNING_MK1,driver_029,route_012,1,15
FORD_F_150_MK14,driver_003,route_001,0,15
FORD_F_150_MK14,driver_003,route_001,1,15
FORD_F_150_MK14,driver_003,route_001,2,15
FORD_F_150_MK14,driver_003,route_001,3,15
FORD_F_150_MK14,driver_003,route_001,4,15
FORD_F_150_MK14,driver_003,route_001,5,15
FORD_F_150_MK14,driver_003,route_002,0,15
FORD_F_150_MK14,driver_003,route_002,1,15
FORD_F_150_MK14,driver_003,route_002,2,15
FORD_F_150_MK14,driver_003,route_002,3,15
FORD_F_150_MK14,driver_003,route_002,4,15
FORD_F_150_MK14,driver_003,route_002,5,15
FORD_F_150_MK14,driver_003,route_002,6,15
FORD_F_150_MK14,driver_003,route_002,7,15
FORD_F_150_MK14,driver_003,route_002,8,15
FORD_F_150_MK14,driver_003,route_002,9,15
FORD_F_150_MK14,driver_003,route_002,10,15
FORD_F_150_MK14,driver_003,route_002,11,15
FORD_F_150_MK14,driver_003,route_002,12,15
FORD_F_150_MK14,driver_003,route_002,13,15
FORD_F_150_MK14,driver_003,route_002,14,15
FORD_F_150_MK14,driver_003,route_002,15,15
FORD_F_150_MK14,driver_003,route_002,16,10
FORD_F_150_MK14,driver_003,route_002,17,10
FORD_F_150_MK14,driver_015,route_001,0,15
FORD_F_150_MK14,driver_049,route_001,0,15
FORD_F_150_MK14,driver_049,route_002,0,15
FORD_F_150_MK14,driver_049,route_002,1,15
FORD_F_150_MK14,driver_049,route_002,2,15
FORD_F_150_MK14,driver_049,route_003,0,15
FORD_F_150_MK14,driver_049,route_003,1,15
FORD_F_150_MK14,driver_049,route_003,2,15
FORD_F_150_MK14,driver_049,route_003,3,15
FORD_F_150_MK14,driver_049,route_003,4,15
FORD_F_150_MK14,driver_049,route_003,5,15
FORD_F_150_MK14,driver_049,route_003,6,15
FORD_F_150_MK14,driver_049,route_003,7,15
FORD_F_150_MK14,driver_049,route_003,8,15
FORD_F_150_MK14,driver_049,route_003,9,15
FORD_F_150_MK14,driver_049,route_003,10,15
FORD_F_150_MK14,driver_049,route_004,0,15
FORD_F_150_MK14,driver_049,route_004,1,15
FORD_F_150_MK14,driver_049,route_004,2,15
FORD_F_150_MK14,driver_049,route_004,3,15
FORD_F_150_MK14,driver_049,route_004,4,15
FORD_F_150_MK14,driver_049,route_005,0,15
FORD_F_150_MK14,driver_049,route_005,1,15
FORD_F_150_MK14,driver_049,route_005,2,15
FORD_F_150_MK14,driver_049,route_005,3,15
FORD_F_150_MK14,driver_049,route_005,4,15
FORD_F_150_MK14,driver_049,route_005,5,15
FORD_F_150_MK14,driver_049,route_006,0,15
FORD_F_150_MK14,driver_049,route_006,1,15
FORD_F_150_MK14,driver_049,route_006,2,15
FORD_F_150_MK14,driver_049,route_006,3,15
FORD_F_150_MK14,driver_049,route_006,4,15
FORD_F_150_MK14,driver_049,route_006,5,15
FORD_F_150_MK14,driver_049,route_007,0,15
FORD_F_150_MK14,driver_049,route_007,1,15
FORD_F_150_MK14,driver_049,route_007,2,15
FORD_F_150_MK14,driver_049,route_008,0,15
FORD_F_150_MK14,driver_049,route_008,1,15
FORD_F_150_MK14,driver_049,route_008,2,15
FORD_F_150_MK14,driver_049,route_009,0,15
FORD_F_150_MK14,driver_049,route_009,1,15
FORD_F_150_MK14,driver_049,route_009,2,15
FORD_F_150_MK14,driver_049,route_009,3,15
FORD_F_150_MK14,driver_049,route_009,4,15
FORD_F_150_MK14,driver_049,route_009,5,15
FORD_F_150_MK14,driver_049,route_010,0,15
FORD_F_150_MK14,driver_049,route_010,1,15
FORD_F_150_MK14,driver_049,route_010,2,15
FORD_F_150_MK14,driver_049,route_010,3,15
FORD_F_150_MK14,driver_049,route_010,4,15
FORD_F_150_MK14,driver_049,route_010,5,15
FORD_F_150_MK14,driver_049,route_011,0,15
FORD_F_150_MK14,driver_049,route_011,1,15
FORD_F_150_MK14,driver_049,route_011,2,15
FORD_F_150_MK14,driver_049,route_011,3,15
FORD_F_150_MK14,driver_049,route_011,4,15
FORD_F_150_MK14,driver_049,route_012,0,15
FORD_F_150_MK14,driver_049,route_012,1,15
FORD_F_150_MK14,driver_049,route_012,2,15
FORD_F_150_MK14,driver_049,route_013,0,15
FORD_F_150_MK14,driver_049,route_013,1,15
FORD_F_150_MK14,driver_049,route_014,0,15
FORD_F_150_MK14,driver_049,route_014,1,15
FORD_F_150_MK14,driver_049,route_014,2,15
FORD_F_150_MK14,driver_049,route_014,3,15
FORD_F_150_MK14,driver_049,route_015,0,15
FORD_F_150_MK14,driver_049,route_015,1,15
FORD_F_150_MK14,driver_049,route_015,2,15
FORD_F_150_MK14,driver_049,route_015,3,15
FORD_F_150_MK14,driver_049,route_015,4,15
FORD_F_150_MK14,driver_049,route_015,5,15
FORD_F_150_MK14,driver_049,route_015,6,15
FORD_F_150_MK14,driver_049,route_015,7,15
FORD_F_150_MK14,driver_049,route_015,8,10
FORD_F_150_MK14,driver_049,route_016,0,10
FORD_F_150_MK14,driver_049,route_016,1,10
FORD_F_150_MK14,driver_049,route_016,2,10
FORD_F_150_MK14,driver_049,route_016,3,10
FORD_F_150_MK14,driver_049,route_016,4,10
FORD_F_150_MK14,driver_049,route_016,5,10
FORD_F_150_MK14,driver_049,route_016,6,10
FORD_F_150_MK14,driver_049,route_017,0,15
FORD_F_150_MK14,driver_049,route_017,1,15
FORD_F_150_MK14,driver_049,route_017,2,15
FORD_F_150_MK14,driver_049,route_017,3,15
FORD_F_150_MK14,driver_049,route_017,4,15
FORD_F_150_MK14,driver_049,route_017,5,15
FORD_F_150_MK14,driver_049,route_017,6,15
FORD_F_150_MK14,driver_049,route_017,7,15
FORD_F_150_MK14,driver_049,route_017,8,10
FORD_F_150_MK14,driver_049,route_017,9,10
FORD_F_150_MK14,driver_049,route_018,0,10
FORD_F_150_MK14,driver_049,route_018,1,10
FORD_F_150_MK14,driver_049,route_018,2,10
FORD_F_150_MK14,driver_049,route_018,3,10
FORD_F_150_MK14,driver_049,route_018,4,10
FORD_F_150_MK14,driver_049,route_018,5,10
FORD_F_150_MK14,driver_049,route_018,6,10
FORD_F_150_MK14,driver_049,route_019,0,15
FORD_F_150_MK14,driver_049,route_019,1,15
FORD_F_150_MK14,driver_049,route_019,2,15
FORD_F_150_MK14,driver_049,route_020,0,15
FORD_F_150_MK14,driver_049,route_020,1,15
FORD_F_150_MK14,driver_049,route_020,2,15
FORD_F_150_MK14,driver_049,route_021,0,15
FORD_F_150_MK14,driver_049,route_021,1,15
FORD_F_150_MK14,driver_049,route_021,2,15
FORD_F_150_MK14,driver_049,route_021,3,15
FORD_F_150_MK14,driver_049,route_022,0,15
FORD_F_150_MK14,driver_049,route_022,1,15
FORD_F_150_MK14,driver_049,route_022,2,15
FORD_F_150_MK14,driver_049,route_022,3,15
FORD_F_150_MK14,driver_049,route_022,4,15
FORD_F_150_MK14,driver_049,route_022,5,15
FORD_F_150_MK14,driver_049,route_022,6,15
FORD_F_150_MK14,driver_049,route_022,7,15
FORD_F_150_MK14,driver_049,route_023,0,15
FORD_F_150_MK14,driver_049,route_023,1,15
FORD_F_150_MK14,driver_049,route_023,2,15
FORD_F_150_MK14,driver_049,route_023,3,15
FORD_F_150_MK14,driver_049,route_023,4,15
FORD_F_150_MK14,driver_049,route_023,5,15
FORD_F_150_MK14,driver_049,route_024,0,15
FORD_F_150_MK14,driver_049,route_024,1,15
FORD_F_150_MK14,driver_049,route_024,2,15
FORD_F_150_MK14,driver_049,route_024,3,15
FORD_F_150_MK14,driver_049,route_024,4,15
FORD_F_150_MK14,driver_049,route_024,5,15
FORD_F_150_MK14,driver_049,route_024,6,15
FORD_F_150_MK14,driver_049,route_024,7,10
FORD_F_150_MK14,driver_049,route_025,0,15
FORD_F_150_MK14,driver_049,route_025,1,15
FORD_F_150_MK14,driver_049,route_025,2,15
FORD_F_150_MK14,driver_049,route_025,3,15
FORD_F_150_MK14,driver_049,route_025,4,15
FORD_F_150_MK14,driver_049,route_025,5,15
FORD_F_150_MK14,driver_049,route_025,6,15
FORD_F_150_MK14,driver_049,route_025,7,10
FORD_F_150_MK14,driver_049,route_026,0,15
FORD_F_150_MK14,driver_049,route_026,1,15
FORD_F_150_MK14,driver_049,route_026,2,15
FORD_F_150_MK14,driver_049,route_027,0,15
FORD_F_150_MK14,driver_049,route_027,1,15
FORD_F_150_MK14,driver_049,route_027,2,15
FORD_F_150_MK14,driver_049,route_028,0,15
FORD_F_150_MK14,driver_049,route_029,0,15
FORD_F_150_MK14,driver_049,route_029,1,15
FORD_F_150_MK14,driver_049,route_029,2,15
FORD_F_150_MK14,driver_049,route_029,3,15
FORD_F_150_MK14,driver_049,route_029,4,15
FORD_F_150_MK14,driver_049,route_029,5,15
FORD_F_150_MK14,driver_049,route_029,6,15
FORD_F_150_MK14,driver_049,route_029,7,15
FORD_F_150_MK14,driver_049,route_030,0,15
FORD_F_150_MK14,driver_049,route_030,1,15
FORD_F_150_MK14,driver_049,route_030,2,15
FORD_F_150_MK14,driver_049,route_030,3,15
FORD_F_150_MK14,driver_049,route_030,4,15
FORD_F_150_MK14,driver_049,route_030,5,15
FORD_F_150_MK14,driver_049,route_030,6,15
FORD_F_150_MK14,driver_049,route_030,7,15
FORD_F_150_MK14,driver_049,route_030,8,15
FORD_F_150_MK14,driver_049,route_030,9,15
FORD_F_150_MK14,driver_049,route_030,10,15
FORD_F_150_MK14,driver_049,route_030,11,15
FORD_F_150_MK14,driver_049,route_030,12,10
FORD_F_150_MK14,driver_049,route_030,13,10
FORD_F_150_MK14,driver_049,route_030,14,10
FORD_F_150_MK14,driver_049,route_031,0,15
FORD_F_150_MK14,driver_049,route_031,1,15
FORD_F_150_MK14,driver_049,route_031,2,15
FORD_F_150_MK14,driver_049,route_031,3,15
FORD_F_150_MK14,driver_049,route_031,4,15
FORD_F_150_MK14,driver_049,route_031,5,15
FORD_F_150_MK14,driver_049,route_031,6,15
FORD_F_150_MK14,driver_049,route_031,7,15
FORD_F_150_MK14,driver_049,route_031,8,15
FORD_F_150_MK14,driver_049,route_031,9,15
FORD_F_150_MK14,driver_049,route_031,10,15
FORD_F_150_MK14,driver_049,route_031,11,15
FORD_F_150_MK14,driver_049,route_031,12,15
FORD_F_150_MK14,driver_049,route_031,13,15
FORD_F_150_MK14,driver_049,route_031,14,15
FORD_F_150_MK14,driver_049,route_031,15,15
FORD_F_150_MK14,driver_049,route_031,16,10
FORD_F_150_MK14,driver_049,route_031,17,10
FORD_F_150_MK14,driver_049,route_031,18,10
FORD_F_150_MK14,driver_049,route_031,19,10
FORD_F_150_MK14,driver_049,route_031,20,10
FORD_F_150_MK14,driver_049,route_032,0,15
FORD_F_150_MK14,driver_049,route_032,1,15
FORD_F_150_MK14,driver_049,route_032,2,15
FORD_F_150_MK14,driver_049,route_032,3,15
FORD_F_150_MK14,driver_049,route_032,4,15
FORD_F_150_MK14,driver_049,route_032,5,15
FORD_F_150_MK14,driver_049,route_032,6,15
FORD_F_150_MK14,driver_049,route_033,0,15
FORD_F_150_MK14,driver_049,route_033,1,15
FORD_F_150_MK14,driver_049,route_033,2,15
FORD_F_150_MK14,driver_049,route_033,3,15
FORD_F_150_MK14,driver_049,route_033,4,10
FORD_F_150_MK14,driver_049,route_034,0,15
FORD_F_150_MK14,driver_049,route_034,1,15
FORD_F_150_MK14,driver_049,route_034,2,15
FORD_F_150_MK14,driver_049,route_034,3,15
FORD_F_150_MK14,driver_049,route_034,4,15
FORD_F_150_MK14,driver_049,route_034,5,15
FORD_F_150_MK14,driver_049,route_034,6,15
FORD_F_150_MK14,driver_049,route_034,7,15
FORD_F_150_MK14,driver_049,route_034,8,15
FORD_F_150_MK14,driver_049,route_034,9,15
FORD_F_150_MK14,driver_049,route_034,10,15
FORD_F_150_MK14,driver_049,route_034,11,10
FORD_F_150_MK14,driver_049,route_035,0,15
FORD_F_150_MK14,driver_049,route_035,1,15
FORD_F_150_MK14,driver_049,route_035,2,15
FORD_F_150_MK14,driver_049,route_035,3,15
FORD_F_150_MK14,driver_049,route_035,4,15
FORD_F_150_MK14,driver_049,route_035,5,15
FORD_F_150_MK14,driver_049,route_035,6,15
FORD_F_150_MK14,driver_049,route_035,7,10
FORD_F_150_MK14,driver_049,route_036,0,15
FORD_F_150_MK14,driver_049,route_036,1,15
FORD_F_150_MK14,driver_049,route_037,0,15
FORD_F_150_MK14,driver_049,route_037,1,15
FORD_F_150_MK14,driver_049,route_038,0,15
FORD_F_150_MK14,driver_049,route_039,0,15
FORD_F_150_MK14,driver_049,route_039,1,15
FORD_F_150_MK14,driver_049,route_039,2,15
FORD_F_150_MK14,driver_049,route_039,3,15
FORD_F_150_MK14,driver_049,route_039,4,15
FORD_F_150_MK14,driver_049,route_039,5,15
FORD_F_150_MK14,driver_049,route_039,6,15
FORD_F_150_MK14,driver_049,route_039,7,15
FORD_F_150_MK14,driver_049,route_040,0,15
FORD_F_150_MK14,driver_049,route_040,1,15
FORD_F_150_MK14,driver_049,route_040,2,15
FORD_F_150_MK14,driver_049,route_040,3,15
FORD_F_150_MK14,driver_049,route_040,4,10
FORD_F_150_MK14,driver_049,route_040,5,10
FORD_F_150_MK14,driver_049,route_041,0,15
FORD_F_150_MK14,driver_049,route_041,1,15
FORD_F_150_MK14,driver_049,route_041,2,15
FORD_F_150_MK14,driver_049,route_041,3,15
FORD_F_150_MK14,driver_049,route_041,4,15
FORD_F_150_MK14,driver_049,route_041,5,15
FORD_F_150_MK14,driver_049,route_041,6,15
FORD_F_150_MK14,driver_049,route_041,7,15
FORD_F_150_MK14,driver_049,route_041,8,10
FORD_F_150_MK14,driver_049,route_042,0,15
FORD_F_150_MK14,driver_049,route_042,1,15
FORD_F_150_MK14,driver_049,route_042,2,15
FORD_F_150_MK14,driver_049,route_042,3,15
FORD_F_150_MK14,driver_049,route_042,4,15
FORD_F_150_MK14,driver_049,route_042,5,15
FORD_F_150_MK14,driver_049,route_042,6,15
FORD_F_150_MK14,driver_049,route_042,7,15
FORD_F_150_MK14,driver_049,route_043,0,15
FORD_F_150_MK14,driver_049,route_043,1,15
FORD_F_150_MK14,driver_049,route_043,2,15
FORD_F_150_MK14,driver_049,route_043,3,15
FORD_F_150_MK14,driver_049,route_043,4,15
FORD_F_150_MK14,driver_049,route_043,5,15
FORD_F_150_MK14,driver_049,route_043,6,15
FORD_F_150_MK14,driver_049,route_043,7,15
FORD_F_150_MK14,driver_049,route_043,8,15
FORD_F_150_MK14,driver_049,route_043,9,15
FORD_F_150_MK14,driver_049,route_043,10,15
FORD_F_150_MK14,driver_049,route_043,11,15
FORD_F_150_MK14,driver_049,route_043,12,15
FORD_F_150_MK14,driver_049,route_043,13,15
FORD_F_150_MK14,driver_049,route_044,0,15
FORD_F_150_MK14,driver_049,route_044,1,15
FORD_F_150_MK14,driver_049,route_044,2,15
FORD_F_150_MK14,driver_049,route_044,3,15
FORD_F_150_MK14,driver_049,route_044,4,15
FORD_F_150_MK14,driver_049,route_044,5,15
FORD_F_150_MK14,driver_049,route_044,6,15
FORD_F_150_MK14,driver_049,route_044,7,15
FORD_F_150_MK14,driver_049,route_044,8,15
FORD_F_150_MK14,driver_049,route_044,9,15
FORD_F_150_MK14,driver_049,route_044,10,10
FORD_F_150_MK14,driver_049,route_045,0,10
FORD_F_150_MK14,driver_049,route_045,1,10
FORD_F_150_MK14,driver_049,route_045,2,10
FORD_F_150_MK14,driver_049,route_045,3,10
FORD_F_150_MK14,driver_049,route_045,4,10
FORD_F_150_MK14,driver_049,route_045,5,10
FORD_F_150_MK14,driver_049,route_045,6,10
FORD_F_150_MK14,driver_049,route_045,7,10
FORD_F_150_MK14,driver_049,route_045,8,10
FORD_F_150_MK14,driver_049,route_046,0,15
FORD_F_150_MK14,driver_049,route_046,1,15
FORD_F_150_MK14,driver_049,route_046,2,15
FORD_F_150_MK14,driver_049,route_046,3,15
FORD_F_150_MK14,driver_049,route_046,4,15
FORD_F_150_MK14,driver_049,route_046,5,15
FORD_F_150_MK14,driver_049,route_046,6,15
FORD_F_150_MK14,driver_049,route_046,7,15
FORD_F_150_MK14,driver_049,route_047,0,10
FORD_F_150_MK14,driver_049,route_047,1,10
FORD_F_150_MK14,driver_049,route_047,2,10
FORD_F_150_MK14,driver_049,route_047,3,10
FORD_F_150_MK14,driver_049,route_047,4,10
FORD_F_150_MK14,driver_049,route_047,5,10
FORD_F_150_MK14,driver_049,route_047,6,10
FORD_F_150_MK14,driver_049,route_047,7,10
FORD_F_150_MK14,driver_049,route_048,0,15
FORD_F_150_MK14,driver_049,route_048,1,15
FORD_F_150_MK14,driver_049,route_048,2,15
FORD_F_150_MK14,driver_049,route_048,3,15
FORD_F_150_MK14,driver_049,route_048,4,15
FORD_F_150_MK14,driver_049,route_048,5,15
FORD_F_150_MK14,driver_049,route_048,6,10
FORD_F_150_MK14,driver_049,route_049,0,10
FORD_F_150_MK14,driver_049,route_049,1,10
FORD_F_150_MK14,driver_049,route_049,2,10
FORD_F_150_MK14,driver_049,route_049,3,10
FORD_F_150_MK14,driver_049,route_049,4,10
FORD_F_150_MK14,driver_049,route_049,5,10
FORD_F_150_MK14,driver_049,route_049,6,10
FORD_F_150_MK14,driver_049,route_049,7,10
FORD_F_150_MK14,driver_049,route_049,8,10
FORD_F_150_MK14,driver_049,route_049,9,10
FORD_F_150_MK14,driver_049,route_050,0,15
FORD_F_150_MK14,driver_049,route_050,1,15
FORD_F_150_MK14,driver_049,route_050,2,15
FORD_F_150_MK14,driver_049,route_050,3,15
FORD_F_150_MK14,driver_049,route_050,4,15
FORD_F_150_MK14,driver_049,route_050,5,15
FORD_F_150_MK14,driver_049,route_050,6,15
FORD_F_150_MK14,driver_049,route_050,7,15
FORD_F_150_MK14,driver_049,route_050,8,10
FORD_F_150_MK14,driver_049,route_051,0,15
FORD_F_150_MK14,driver_049,route_051,1,15
FORD_F_150_MK14,driver_049,route_051,2,15
FORD_F_150_MK14,driver_049,route_051,3,15
FORD_F_150_MK14,driver_049,route_051,4,15
FORD_F_150_MK14,driver_049,route_051,5,15
FORD_F_150_MK14,driver_049,route_051,6,15
FORD_F_150_MK14,driver_049,route_052,0,15
FORD_F_150_MK14,driver_049,route_052,1,15
FORD_F_150_MK14,driver_049,route_052,2,15
FORD_F_150_MK14,driver_049,route_052,3,15
FORD_F_150_MK14,driver_049,route_052,4,15
FORD_F_150_MK14,driver_049,route_052,5,15
FORD_F_150_MK14,driver_049,route_052,6,15
FORD_F_150_MK14,driver_049,route_052,7,15
FORD_F_150_MK14,driver_049,route_052,8,10
FORD_F_150_MK14,driver_049,route_053,0,15
FORD_F_150_MK14,driver_049,route_053,1,15
FORD_F_150_MK14,driver_049,route_053,2,15
FORD_F_150_MK14,driver_049,route_053,3,15
FORD_F_150_MK14,driver_049,route_053,4,15
FORD_F_150_MK14,driver_049,route_053,5,15
FORD_F_150_MK14,driver_049,route_053,6,10
FORD_F_150_MK14,driver_049,route_053,7,10
FORD_F_150_MK14,driver_049,route_054,0,15
FORD_F_150_MK14,driver_049,route_055,0,15
FORD_F_150_MK14,driver_049,route_055,1,15
FORD_F_150_MK14,driver_049,route_055,2,15
FORD_F_150_MK14,driver_049,route_055,3,15
FORD_F_150_MK14,driver_049,route_055,4,15
FORD_F_150_MK14,driver_049,route_055,5,15
FORD_F_150_MK14,driver_049,route_056,0,15
FORD_F_150_MK14,driver_049,route_056,1,15
FORD_F_150_MK14,driver_049,route_056,2,15
FORD_F_150_MK14,driver_049,route_056,3,15
FORD_F_150_MK14,driver_049,route_056,4,15
FORD_F_150_MK14,driver_049,route_057,0,15
FORD_F_150_MK14,driver_049,route_057,1,15
FORD_F_150_MK14,driver_049,route_057,2,15
FORD_F_150_MK14,driver_049,route_057,3,15
FORD_F_150_MK14,driver_049,route_057,4,15
FORD_F_150_MK14,driver_049,route_057,5,15
FORD_F_150_MK14,driver_049,route_057,6,15
FORD_F_150_MK14,driver_049,route_058,0,15
FORD_F_150_MK14,driver_049,route_058,1,15
FORD_F_150_MK14,driver_049,route_058,2,15
FORD_F_150_MK14,driver_049,route_058,3,15
FORD_F_150_MK14,driver_049,route_059,0,15
FORD_F_150_MK14,driver_049,route_059,1,15
FORD_F_150_MK14,driver_049,route_059,2,15
FORD_F_150_MK14,driver_049,route_059,3,15
FORD_F_150_MK14,driver_049,route_059,4,15
FORD_F_150_MK14,driver_049,route_059,5,15
FORD_F_150_MK14,driver_049,route_059,6,15
FORD_F_150_MK14,driver_049,route_059,7,15
FORD_F_150_MK14,driver_049,route_059,8,15
FORD_F_150_MK14,driver_050,route_001,0,15
FORD_F_150_MK14,driver_050,route_001,1,15
FORD_F_150_MK14,driver_050,route_001,2,15
FORD_F_150_MK14,driver_115,route_001,0,15
FORD_F_150_MK14,driver_115,route_001,1,15
FORD_F_150_MK14,driver_115,route_001,2,15
FORD_F_150_MK14,driver_115,route_001,3,15
FORD_F_150_MK14,driver_115,route_001,4,15
FORD_F_150_MK14,driver_115,route_001,5,15
FORD_F_150_MK14,driver_115,route_001,6,15
FORD_F_150_MK14,driver_115,route_001,7,15
FORD_F_150_MK14,driver_115,route_001,8,15
FORD_F_150_MK14,driver_115,route_001,9,15
FORD_F_150_MK14,driver_115,route_001,10,15
FORD_F_150_MK14,driver_115,route_001,11,15
FORD_F_150_MK14,driver_115,route_001,12,10
FORD_F_150_MK14,driver_115,route_002,0,15
FORD_F_150_MK14,driver_115,route_002,1,15
FORD_F_150_MK14,driver_115,route_002,2,15
FORD_F_150_MK14,driver_115,route_002,3,15
FORD_F_150_MK14,driver_115,route_002,4,15
FORD_F_150_MK14,driver_115,route_002,5,15
FORD_F_150_MK14,driver_115,route_002,6,15
FORD_F_150_MK14,driver_115,route_003,0,15
FORD_F_150_MK14,driver_115,route_003,1,15
FORD_F_150_MK14,driver_115,route_003,2,15
FORD_F_150_MK14,driver_115,route_003,3,15
FORD_F_150_MK14,driver_115,route_003,4,15
FORD_F_150_MK14,driver_115,route_003,5,15
FORD_F_150_MK14,driver_115,route_003,6,15
FORD_F_150_MK14,driver_115,route_003,7,15
FORD_F_150_MK14,driver_115,route_003,8,15
FORD_F_150_MK14,driver_115,route_003,9,15
FORD_F_150_MK14,driver_115,route_003,10,15
FORD_F_150_MK14,driver_115,route_003,11,15
FORD_F_150_MK14,driver_115,route_003,12,15
FORD_F_150_MK14,driver_115,route_003,13,15
FORD_F_150_MK14,driver_115,route_003,14,15
FORD_F_150_MK14,driver_115,route_003,15,15
FORD_F_150_MK14,driver_115,route_003,16,15
FORD_F_150_MK14,driver_115,route_003,17,15
FORD_F_150_MK14,driver_115,route_003,18,15
FORD_F_150_MK14,driver_115,route_003,19,15
FORD_F_150_MK14,driver_115,route_003,20,15
FORD_F_150_MK14,driver_115,route_003,21,15
FORD_F_150_MK14,driver_115,route_003,22,15
FORD_F_150_MK14,driver_115,route_003,23,15
FORD_F_150_MK14,driver_115,route_003,24,15
FORD_F_150_MK14,driver_115,route_003,25,15
FORD_F_150_MK14,driver_115,route_003,26,10
FORD_F_150_MK14,driver_115,route_004,0,15
FORD_F_150_MK14,driver_115,route_005,0,15
FORD_F_150_MK14,driver_115,route_005,1,15
FORD_F_150_MK14,driver_115,route_005,2,15
FORD_F_150_MK14,driver_115,route_005,3,15
FORD_F_150_MK14,driver_115,route_005,4,15
FORD_F_150_MK14,driver_115,route_005,5,15
FORD_F_150_MK14,driver_115,route_005,6,15
FORD_F_150_MK14,driver_115,route_005,7,15
FORD_F_150_MK14,driver_115,route_005,8,15
FORD_F_150_MK14,driver_115,route_005,9,15
FORD_F_150_MK14,driver_115,route_005,10,15
FORD_F_150_MK14,driver_115,route_005,11,15
FORD_F_150_MK14,driver_115,route_005,12,15
FORD_F_150_MK14,driver_115,route_005,13,10
FORD_F_150_MK14,driver_115,route_006,0,15
FORD_F_150_MK14,driver_115,route_006,1,15
FORD_F_150_MK14,driver_115,route_006,2,15
FORD_F_150_MK14,driver_115,route_006,3,15
FORD_F_150_MK14,driver_115,route_006,4,15
FORD_F_150_MK14,driver_115,route_006,5,15
FORD_F_150_MK14,driver_115,route_007,0,15
FORD_F_150_MK14,driver_115,route_007,1,15
FORD_F_150_MK14,driver_115,route_007,2,15
FORD_F_150_MK14,driver_115,route_007,3,15
FORD_F_150_MK14,driver_115,route_007,4,15
FORD_F_150_MK14,driver_115,route_007,5,15
FORD_F_150_MK14,driver_115,route_007,6,15
FORD_F_150_MK14,driver_115,route_007,7,15
FORD_F_150_MK14,driver_115,route_007,8,10
FORD_F_150_MK14,driver_115,route_007,9,10
FORD_F_150_MK14,driver_115,route_007,10,10
FORD_F_150_MK14,driver_115,route_008,0,15
FORD_F_150_MK14,driver_115,route_008,1,15
FORD_F_150_MK14,driver_115,route_009,0,15
FORD_F_150_MK14,driver_115,route_009,1,15
FORD_F_150_MK14,driver_115,route_009,2,15
FORD_F_150_MK14,driver_115,route_009,3,15
FORD_F_150_MK14,driver_115,route_009,4,15
FORD_F_150_MK14,driver_115,route_009,5,15
FORD_F_150_MK14,driver_115,route_009,6,15
FORD_F_150_MK14,driver_115,route_009,7,15
FORD_F_150_MK14,driver_115,route_009,8,15
FORD_F_150_MK14,driver_115,route_009,9,15
FORD_F_150_MK14,driver_115,route_009,10,15
FORD_F_150_MK14,driver_115,route_009,11,15
FORD_F_150_MK14,driver_115,route_009,12,15
FORD_F_150_MK14,driver_115,route_009,13,15
FORD_F_150_MK14,driver_115,route_009,14,15
FORD_F_150_MK14,driver_115,route_009,15,15
FORD_F_150_MK14,driver_115,route_009,16,15
FORD_F_150_MK14,driver_115,route_009,17,15
FORD_F_150_MK14,driver_115,route_009,18,15
FORD_F_150_MK14,driver_115,route_009,19,15
FORD_F_150_MK14,driver_115,route_009,20,15
FORD_F_150_MK14,driver_115,route_009,21,15
FORD_F_150_MK14,driver_115,route_009,22,15
FORD_F_150_MK14,driver_115,route_009,23,15
FORD_F_150_MK14,driver_115,route_009,24,10
FORD_F_150_MK14,driver_115,route_009,25,10
FORD_F_150_MK14,driver_115,route_009,26,10
FORD_F_150_MK14,driver_115,route_009,27,10
FORD_F_150_MK14,driver_115,route_009,28,10
FORD_F_150_MK14,driver_115,route_009,29,10
FORD_F_150_MK14,driver_115,route_009,30,10
FORD_F_150_MK14,driver_115,route_009,31,10
FORD_F_150_MK14,driver_115,route_009,32,10
FORD_F_150_MK14,driver_115,route_009,33,10
FORD_F_150_MK14,driver_115,route_009,34,10
FORD_F_150_MK14,driver_115,route_009,35,10
FORD_F_150_MK14,driver_115,route_009,36,10
FORD_F_150_MK14,driver_115,route_009,37,10
FORD_F_150_MK14,driver_115,route_009,38,10
FORD_F_150_MK14,driver_115,route_009,39,10
FORD_F_150_MK14,driver_115,route_010,0,15
FORD_F_150_MK14,driver_115,route_010,1,15
FORD_F_150_MK14,driver_115,route_011,0,15
FORD_F_150_MK14,driver_115,route_012,0,15
FORD_F_150_MK14,driver_115,route_012,1,15
FORD_F_150_MK14,driver_115,route_012,2,15
FORD_F_150_MK14,driver_115,route_012,3,15
FORD_F_150_MK14,driver_115,route_012,4,15
FORD_F_150_MK14,driver_115,route_012,5,15
FORD_F_150_MK14,driver_115,route_013,0,15
FORD_F_150_MK14,driver_115,route_013,1,15
FORD_F_150_MK14,driver_115,route_013,2,15
FORD_F_150_MK14,driver_115,route_013,3,15
FORD_F_150_MK14,driver_115,route_013,4,15
FORD_F_150_MK14,driver_115,route_013,5,15
FORD_F_150_MK14,driver_115,route_013,6,15
FORD_F_150_MK14,driver_115,route_014,0,15
FORD_F_150_MK14,driver_115,route_015,0,15
FORD_F_150_MK14,driver_115,route_015,1,15
FORD_F_150_MK14,driver_115,route_015,2,15
FORD_F_150_MK14,driver_115,route_016,0,15
FORD_F_150_MK14,driver_115,route_016,1,15
FORD_F_150_MK14,driver_115,route_016,2,15
FORD_F_150_MK14,driver_115,route_016,3,15
FORD_F_150_MK14,driver_115,route_016,4,15
FORD_F_150_MK14,driver_115,route_016,5,15
FORD_F_150_MK14,driver_115,route_016,6,15
FORD_F_150_MK14,driver_115,route_016,7,15
FORD_F_150_MK14,driver_115,route_016,8,15
FORD_F_150_MK14,driver_115,route_016,9,15
FORD_F_150_MK14,driver_115,route_016,10,15
FORD_F_150_MK14,driver_115,route_016,11,15
FORD_F_150_MK14,driver_115,route_016,12,15
FORD_F_150_MK14,driver_115,route_016,13,15
FORD_F_150_MK14,driver_115,route_016,14,15
FORD_F_150_MK14,driver_115,route_016,15,15
FORD_F_150_MK14,driver_115,route_016,16,15
FORD_F_150_MK14,driver_115,route_016,17,15
FORD_F_150_MK14,driver_115,route_017,0,15
FORD_F_150_MK14,driver_115,route_017,1,15
FORD_F_150_MK14,driver_115,route_017,2,15
FORD_F_150_MK14,driver_115,route_017,3,15
FORD_F_150_MK14,driver_115,route_017,4,15
FORD_F_150_MK14,driver_115,route_017,5,15
FORD_F_150_MK14,driver_115,route_017,6,15
FORD_F_150_MK14,driver_115,route_017,7,15
FORD_F_150_MK14,driver_115,route_017,8,15
FORD_F_150_MK14,driver_115,route_017,9,15
FORD_F_150_MK14,driver_115,route_017,10,15
FORD_F_150_MK14,driver_115,route_018,0,15
FORD_F_150_MK14,driver_115,route_018,1,15
FORD_F_150_MK14,driver_115,route_018,2,15
FORD_F_150_MK14,driver_115,route_018,3,15
FORD_F_150_MK14,driver_115,route_018,4,15
FORD_F_150_MK14,driver_115,route_019,0,15
FORD_F_150_MK14,driver_115,route_019,1,15
FORD_F_150_MK14,driver_115,route_019,2,15
FORD_F_150_MK14,driver_115,route_019,3,15
FORD_F_150_MK14,driver_115,route_019,4,15
FORD_F_150_MK14,driver_115,route_019,5,15
FORD_F_150_MK14,driver_115,route_019,6,15
FORD_F_150_MK14,driver_115,route_019,7,15
FORD_F_150_MK14,driver_115,route_019,8,15
FORD_F_150_MK14,driver_115,route_019,9,15
FORD_F_150_MK14,driver_115,route_019,10,15
FORD_F_150_MK14,driver_115,route_019,11,15
FORD_F_150_MK14,driver_115,route_019,12,15
FORD_F_150_MK14,driver_115,route_019,13,15
FORD_F_150_MK14,driver_115,route_019,14,15
FORD_F_150_MK14,driver_115,route_019,15,15
FORD_F_150_MK14,driver_115,route_019,16,15
FORD_F_150_MK14,driver_115,route_020,0,15
FORD_F_150_MK14,driver_115,route_020,1,15
FORD_F_150_MK14,driver_115,route_020,2,15
FORD_F_150_MK14,driver_115,route_020,3,15
FORD_F_150_MK14,driver_115,route_020,4,15
FORD_F_150_MK14,driver_115,route_020,5,10
FORD_F_150_MK14,driver_115,route_021,0,15
FORD_F_150_MK14,driver_115,route_021,1,15
FORD_F_150_MK14,driver_115,route_021,2,15
FORD_F_150_MK14,driver_115,route_021,3,15
FORD_F_150_MK14,driver_115,route_021,4,15
FORD_F_150_MK14,driver_115,route_021,5,15
FORD_F_150_MK14,driver_115,route_021,6,15
FORD_F_150_MK14,driver_115,route_022,0,15
FORD_F_150_MK14,driver_115,route_022,1,15
FORD_F_150_MK14,driver_115,route_022,2,15
FORD_F_150_MK14,driver_115,route_022,3,15
FORD_F_150_MK14,driver_115,route_022,4,15
FORD_F_150_MK14,driver_115,route_022,5,15
FORD_F_150_MK14,driver_115,route_022,6,15
FORD_F_150_MK14,driver_115,route_022,7,15
FORD_F_150_MK14,driver_115,route_022,8,15
FORD_F_150_MK14,driver_115,route_023,0,15
FORD_F_150_MK14,driver_115,route_023,1,15
FORD_F_150_MK14,driver_115,route_023,2,15
FORD_F_150_MK14,driver_115,route_023,3,15
FORD_F_150_MK14,driver_115,route_023,4,15
FORD_F_150_MK14,driver_115,route_023,5,15
FORD_F_150_MK14,driver_115,route_024,0,15
FORD_F_150_MK14,driver_115,route_024,1,15
FORD_F_150_MK14,driver_115,route_024,2,15
FORD_F_150_MK14,driver_115,route_025,0,15
FORD_F_150_MK14,driver_115,route_025,1,15
FORD_F_150_MK14,driver_115,route_026,0,15
FORD_F_150_MK14,driver_115,route_026,1,15
FORD_F_150_MK14,driver_115,route_026,2,15
FORD_F_150_MK14,driver_115,route_026,3,15
FORD_F_150_MK14,driver_115,route_026,4,15
FORD_F_150_MK14,driver_115,route_027,0,15
FORD_F_150_MK14,driver_115,route_027,1,15
FORD_F_150_MK14,driver_115,route_027,2,15
FORD_F_150_MK14,driver_115,route_027,3,15
FORD_F_150_MK14,driver_115,route_028,0,15
FORD_F_150_MK14,driver_115,route_028,1,15
FORD_F_150_MK14,driver_115,route_028,2,15
FORD_F_150_MK14,driver_115,route_028,3,15
FORD_F_150_MK14,driver_115,route_029,0,15
FORD_F_150_MK14,driver_115,route_029,1,15
FORD_F_150_MK14,driver_115,route_030,0,15
FORD_F_150_MK14,driver_115,route_031,0,15
FORD_F_150_MK14,driver_115,route_031,1,15
FORD_F_150_MK14,driver_115,route_031,2,15
FORD_F_150_MK14,driver_115,route_031,3,15
FORD_F_150_MK14,driver_115,route_031,4,15
FORD_F_150_MK14,driver_115,route_031,5,15
FORD_F_150_MK14,driver_115,route_031,6,15
FORD_F_150_MK14,driver_115,route_031,7,15
FORD_F_150_MK14,driver_115,route_031,8,15
FORD_F_150_MK14,driver_115,route_031,9,15
FORD_F_150_MK14,driver_115,route_031,10,15
FORD_F_150_MK14,driver_115,route_031,11,15
FORD_F_150_MK14,driver_115,route_031,12,15
FORD_F_150_MK14,driver_115,route_031,13,15
FORD_F_150_MK14,driver_115,route_031,14,15
FORD_F_150_MK14,driver_115,route_031,15,15
FORD_F_150_MK14,driver_115,route_031,16,15
FORD_F_150_MK14,driver_115,route_031,17,15
FORD_F_150_MK14,driver_115,route_031,18,15
FORD_F_150_MK14,driver_115,route_031,19,15
FORD_F_150_MK14,driver_115,route_031,20,15
FORD_F_150_MK14,driver_115,route_031,21,15
FORD_F_150_MK14,driver_115,route_031,22,15
FORD_F_150_MK14,driver_115,route_031,23,15
FORD_F_150_MK14,driver_115,route_031,24,15
FORD_F_150_MK14,driver_115,route_031,25,15
FORD_F_150_MK14,driver_115,route_031,26,15
FORD_F_150_MK14,driver_115,route_031,27,15
FORD_F_150_MK14,driver_115,route_031,28,15
FORD_F_150_MK14,driver_115,route_031,29,15
FORD_F_150_MK14,driver_115,route_031,30,15
FORD_F_150_MK14,driver_115,route_031,31,15
FORD_F_150_MK14,driver_115,route_031,32,15
FORD_F_150_MK14,driver_115,route_031,33,15
FORD_F_150_MK14,driver_115,route_031,34,15
FORD_F_150_MK14,driver_115,route_031,35,15
FORD_F_150_MK14,driver_115,route_031,36,15
FORD_F_150_MK14,driver_115,route_031,37,15
FORD_F_150_MK14,driver_115,route_031,38,15
FORD_F_150_MK14,driver_115,route_031,39,15
FORD_F_150_MK14,driver_115,route_031,40,15
FORD_F_150_MK14,driver_115,route_031,41,15
FORD_F_150_MK14,driver_115,route_031,42,15
FORD_F_150_MK14,driver_115,route_031,43,15
FORD_F_150_MK14,driver_115,route_031,44,15
FORD_F_150_MK14,driver_115,route_031,45,15
FORD_F_150_MK14,driver_115,route_031,46,15
FORD_F_150_MK14,driver_115,route_031,47,15
FORD_F_150_MK14,driver_115,route_031,48,15
FORD_F_150_MK14,driver_115,route_031,49,15
FORD_F_150_MK14,driver_115,route_031,50,15
FORD_F_150_MK14,driver_115,route_031,51,10
FORD_F_150_MK14,driver_115,route_031,52,10
FORD_F_150_MK14,driver_115,route_031,53,10
FORD_F_150_MK14,driver_115,route_031,54,10
FORD_F_150_MK14,driver_115,route_031,55,10
FORD_F_150_MK14,driver_115,route_031,56,10
FORD_F_150_MK14,driver_115,route_031,57,10
FORD_F_150_MK14,driver_115,route_031,58,10
FORD_F_150_MK14,driver_115,route_031,59,10
FORD_F_150_MK14,driver_115,route_032,0,10
FORD_F_150_MK14,driver_115,route_032,1,10
FORD_F_150_MK14,driver_115,route_032,2,10
FORD_F_150_MK14,driver_115,route_032,3,10
FORD_F_150_MK14,driver_115,route_032,4,10
FORD_F_150_MK14,driver_115,route_032,5,10
FORD_F_150_MK14,driver_115,route_033,0,15
FORD_F_150_MK14,driver_115,route_033,1,15
FORD_F_150_MK14,driver_115,route_033,2,15
FORD_F_150_MK14,driver_115,route_033,3,15
FORD_F_150_MK14,driver_115,route_033,4,15
FORD_F_150_MK14,driver_115,route_033,5,15
FORD_F_150_MK14,driver_115,route_033,6,15
FORD_F_150_MK14,driver_115,route_033,7,15
FORD_F_150_MK14,driver_115,route_033,8,15
FORD_F_150_MK14,driver_115,route_033,9,15
FORD_F_150_MK14,driver_115,route_033,10,15
FORD_F_150_MK14,driver_115,route_033,11,15
FORD_F_150_MK14,driver_115,route_033,12,15
FORD_F_150_MK14,driver_115,route_033,13,15
FORD_F_150_MK14,driver_115,route_033,14,15
FORD_F_150_MK14,driver_115,route_033,15,15
FORD_F_150_MK14,driver_115,route_033,16,10
FORD_F_150_MK14,driver_115,route_033,17,10
FORD_F_150_MK14,driver_115,route_033,18,10
FORD_F_150_MK14,driver_115,route_034,0,15
FORD_F_150_MK14,driver_115,route_034,1,15
FORD_F_150_MK14,driver_115,route_034,2,15
FORD_F_150_MK14,driver_115,route_034,3,15
FORD_F_150_MK14,driver_115,route_034,4,15
FORD_F_150_MK14,driver_115,route_034,5,15
FORD_F_150_MK14,driver_115,route_034,6,15
FORD_F_150_MK14,driver_115,route_034,7,15
FORD_F_150_MK14,driver_115,route_034,8,10
FORD_F_150_MK14,driver_115,route_034,9,10
FORD_F_150_MK14,driver_115,route_035,0,15
FORD_F_150_MK14,driver_115,route_035,1,15
FORD_F_150_MK14,driver_115,route_035,2,15
FORD_F_150_MK14,driver_115,route_035,3,15
FORD_F_150_MK14,driver_115,route_035,4,15
FORD_F_150_MK14,driver_115,route_035,5,15
FORD_F_150_MK14,driver_115,route_035,6,15
FORD_F_150_MK14,driver_115,route_035,7,15
FORD_F_150_MK14,driver_115,route_035,8,15
FORD_F_150_MK14,driver_115,route_035,9,15
FORD_F_150_MK14,driver_115,route_035,10,15
FORD_F_150_MK14,driver_115,route_035,11,15
FORD_F_150_MK14,driver_115,route_035,12,15
FORD_F_150_MK14,driver_115,route_035,13,15
FORD_F_150_MK14,driver_115,route_035,14,15
FORD_F_150_MK14,driver_115,route_035,15,15
FORD_F_150_MK14,driver_115,route_035,16,15
FORD_F_150_MK14,driver_115,route_035,17,15
FORD_F_150_MK14,driver_115,route_035,18,15
FORD_F_150_MK14,driver_115,route_035,19,15
FORD_F_150_MK14,driver_115,route_035,20,15
FORD_F_150_MK14,driver_115,route_035,21,15
FORD_F_150_MK14,driver_115,route_035,22,15
FORD_F_150_MK14,driver_115,route_035,23,15
FORD_F_150_MK14,driver_115,route_035,24,15
FORD_F_150_MK14,driver_115,route_035,25,15
FORD_F_150_MK14,driver_115,route_035,26,15
FORD_F_150_MK14,driver_115,route_035,27,15
FORD_F_150_MK14,driver_115,route_035,28,15
FORD_F_150_MK14,driver_115,route_035,29,15
FORD_F_150_MK14,driver_115,route_035,30,15
FORD_F_150_MK14,driver_115,route_035,31,15
FORD_F_150_MK14,driver_115,route_035,32,15
FORD_F_150_MK14,driver_115,route_035,33,15
FORD_F_150_MK14,driver_115,route_035,34,10
FORD_F_150_MK14,driver_115,route_035,35,10
FORD_F_150_MK14,driver_115,route_035,36,10
FORD_F_150_MK14,driver_115,route_036,0,15
FORD_F_150_MK14,driver_115,route_036,1,15
FORD_F_150_MK14,driver_115,route_036,2,15
FORD_F_150_MK14,driver_115,route_036,3,15
FORD_F_150_MK14,driver_115,route_036,4,15
FORD_F_150_MK14,driver_115,route_036,5,15
FORD_F_150_MK14,driver_115,route_036,6,15
FORD_F_150_MK14,driver_115,route_036,7,15
FORD_F_150_MK14,driver_115,route_036,8,15
FORD_F_150_MK14,driver_115,route_036,9,10
FORD_F_150_MK14,driver_115,route_036,10,10
FORD_F_150_MK14,driver_115,route_037,0,15
FORD_F_150_MK14,driver_115,route_037,1,15
FORD_F_150_MK14,driver_115,route_037,2,15
FORD_F_150_MK14,driver_115,route_037,3,15
FORD_F_150_MK14,driver_115,route_037,4,15
FORD_F_150_MK14,driver_115,route_037,5,15
FORD_F_150_MK14,driver_115,route_037,6,15
FORD_F_150_MK14,driver_115,route_037,7,15
FORD_F_150_MK14,driver_115,route_037,8,15
FORD_F_150_MK14,driver_115,route_037,9,15
FORD_F_150_MK14,driver_115,route_037,10,15
FORD_F_150_MK14,driver_115,route_037,11,15
FORD_F_150_MK14,driver_115,route_037,12,15
FORD_F_150_MK14,driver_115,route_037,13,15
FORD_F_150_MK14,driver_115,route_037,14,15
FORD_F_150_MK14,driver_115,route_037,15,15
FORD_F_150_MK14,driver_115,route_037,16,15
FORD_F_150_MK14,driver_115,route_037,17,10
FORD_F_150_MK14,driver_115,route_038,0,15
FORD_F_150_MK14,driver_115,route_038,1,15
FORD_F_150_MK14,driver_115,route_038,2,15
FORD_F_150_MK14,driver_115,route_038,3,15
FORD_F_150_MK14,driver_115,route_039,0,15
FORD_F_150_MK14,driver_115,route_039,1,15
FORD_F_150_MK14,driver_115,route_039,2,15
FORD_F_150_MK14,driver_115,route_039,3,15
FORD_F_150_MK14,driver_115,route_039,4,15
FORD_F_150_MK14,driver_115,route_039,5,15
FORD_F_150_MK14,driver_115,route_039,6,10
FORD_F_150_MK14,driver_115,route_039,7,10
FORD_F_150_MK14,driver_115,route_040,0,15
FORD_F_150_MK14,driver_115,route_040,1,15
FORD_F_150_MK14,driver_115,route_040,2,15
FORD_F_150_MK14,driver_115,route_040,3,15
FORD_F_150_MK14,driver_115,route_040,4,15
FORD_F_150_MK14,driver_115,route_040,5,15
FORD_F_150_MK14,driver_115,route_040,6,15
FORD_F_150_MK14,driver_115,route_040,7,10
FORD_F_150_MK14,driver_115,route_041,0,15
FORD_F_150_MK14,driver_115,route_041,1,15
FORD_F_150_MK14,driver_115,route_041,2,15
FORD_F_150_MK14,driver_115,route_041,3,15
FORD_F_150_MK14,driver_115,route_041,4,15
FORD_F_150_MK14,driver_115,route_041,5,15
FORD_F_150_MK14,driver_115,route_041,6,15
FORD_F_150_MK14,driver_115,route_041,7,15
FORD_F_150_MK14,driver_115,route_041,8,15
FORD_F_150_MK14,driver_115,route_041,9,15
FORD_F_150_MK14,driver_115,route_041,10,15
FORD_F_150_MK14,driver_115,route_041,11,15
FORD_F_150_MK14,driver_115,route_041,12,15
FORD_F_150_MK14,driver_115,route_041,13,15
FORD_F_150_MK14,driver_115,route_041,14,15
FORD_F_150_MK14,driver_115,route_041,15,15
FORD_F_150_MK14,driver_115,route_041,16,15
FORD_F_150_MK14,driver_115,route_041,17,15
FORD_F_150_MK14,driver_115,route_041,18,15
FORD_F_150_MK14,driver_115,route_041,19,15
FORD_F_150_MK14,driver_115,route_041,20,15
FORD_F_150_MK14,driver_115,route_041,21,15
FORD_F_150_MK14,driver_115,route_041,22,15
FORD_F_150_MK14,driver_115,route_041,23,15
FORD_F_150_MK14,driver_115,route_041,24,15
FORD_F_150_MK14,driver_115,route_041,25,15
FORD_F_150_MK14,driver_115,route_041,26,15
FORD_F_150_MK14,driver_115,route_041,27,15
FORD_F_150_MK14,driver_115,route_041,28,15
FORD_F_150_MK14,driver_115,route_041,29,15
FORD_F_150_MK14,driver_115,route_041,30,15
FORD_F_150_MK14,driver_115,route_041,31,15
FORD_F_150_MK14,driver_115,route_041,32,15
FORD_F_150_MK14,driver_115,route_041,33,15
FORD_F_150_MK14,driver_115,route_041,34,10
FORD_F_150_MK14,driver_115,route_041,35,10
FORD_F_150_MK14,driver_115,route_041,36,10
FORD_F_150_MK14,driver_115,route_041,37,10
FORD_F_150_MK14,driver_115,route_042,0,15
FORD_F_150_MK14,driver_115,route_042,1,15
FORD_F_150_MK14,driver_115,route_042,2,15
FORD_F_150_MK14,driver_115,route_042,3,15
FORD_F_150_MK14,driver_115,route_042,4,15
FORD_F_150_MK14,driver_115,route_042,5,15
FORD_F_150_MK14,driver_115,route_042,6,15
FORD_F_150_MK14,driver_115,route_042,7,15
FORD_F_150_MK14,driver_115,route_042,8,15
FORD_F_150_MK14,driver_115,route_042,9,15
FORD_F_150_MK14,driver_115,route_042,10,15
FORD_F_150_MK14,driver_115,route_042,11,15
FORD_F_150_MK14,driver_115,route_042,12,15
FORD_F_150_MK14,driver_115,route_042,13,10
FORD_F_150_MK14,driver_115,route_043,0,10
FORD_F_150_MK14,driver_115,route_043,1,10
FORD_F_150_MK14,driver_115,route_043,2,10
FORD_F_150_MK14,driver_115,route_043,3,10
FORD_F_150_MK14,driver_115,route_043,4,10
FORD_F_150_MK14,driver_115,route_043,5,10
FORD_F_150_MK14,driver_115,route_043,6,10
FORD_F_150_MK14,driver_115,route_043,7,10
FORD_F_150_MK14,driver_115,route_043,8,10
FORD_F_150_MK14,driver_115,route_043,9,10
FORD_F_150_MK14,driver_115,route_043,10,10
FORD_F_150_MK14,driver_115,route_043,11,10
FORD_F_150_MK14,driver_115,route_043,12,10
FORD_F_150_MK14,driver_115,route_043,13,10
FORD_F_150_MK14,driver_115,route_043,14,10
FORD_F_150_MK14,driver_115,route_043,15,10
FORD_F_150_MK14,driver_115,route_043,16,10
FORD_F_150_MK14,driver_115,route_043,17,10
FORD_F_150_MK14,driver_115,route_043,18,10
FORD_F_150_MK14,driver_115,route_043,19,10
FORD_F_150_MK14,driver_115,route_043,20,10
FORD_F_150_MK14,driver_115,route_043,21,10
FORD_F_150_MK14,driver_115,route_043,22,10
FORD_F_150_MK14,driver_115,route_044,0,15
FORD_F_150_MK14,driver_115,route_044,1,15
FORD_F_150_MK14,driver_115,route_044,2,15
FORD_F_150_MK14,driver_115,route_044,3,15
FORD_F_150_MK14,driver_115,route_044,4,15
FORD_F_150_MK14,driver_115,route_044,5,15
FORD_F_150_MK14,driver_115,route_044,6,15
FORD_F_150_MK14,driver_115,route_044,7,15
FORD_F_150_MK14,driver_115,route_044,8,15
FORD_F_150_MK14,driver_115,route_044,9,15
FORD_F_150_MK14,driver_115,route_044,10,10
FORD_F_150_MK14,driver_115,route_044,11,10
FORD_F_150_MK14,driver_115,route_045,0,15
FORD_F_150_MK14,driver_115,route_045,1,15
FORD_F_150_MK14,driver_115,route_045,2,15
FORD_F_150_MK14,driver_115,route_045,3,15
FORD_F_150_MK14,driver_115,route_045,4,15
FORD_F_150_MK14,driver_115,route_045,5,15
FORD_F_150_MK14,driver_115,route_045,6,15
FORD_F_150_MK14,driver_115,route_045,7,15
FORD_F_150_MK14,driver_115,route_045,8,15
FORD_F_150_MK14,driver_115,route_045,9,15
FORD_F_150_MK14,driver_115,route_045,10,15
FORD_F_150_MK14,driver_115,route_045,11,15
FORD_F_150_MK14,driver_115,route_045,12,15
FORD_F_150_MK14,driver_115,route_046,0,15
FORD_F_150_MK14,driver_115,route_046,1,15
FORD_F_150_MK14,driver_115,route_046,2,15
FORD_F_150_MK14,driver_115,route_047,0,15
FORD_F_150_MK14,driver_115,route_047,1,15
FORD_F_150_MK14,driver_115,route_047,2,15
FORD_F_150_MK14,driver_115,route_047,3,15
FORD_F_150_MK14,driver_115,route_047,4,15
FORD_F_150_MK14,driver_115,route_048,0,10
FORD_F_150_MK14,driver_115,route_048,1,10
FORD_F_150_MK14,driver_115,route_048,2,10
FORD_F_150_MK14,driver_115,route_048,3,10
FORD_F_150_MK14,driver_115,route_048,4,10
FORD_F_150_MK14,driver_115,route_048,5,10
FORD_F_150_MK14,driver_115,route_048,6,10
FORD_F_150_MK14,driver_115,route_048,7,10
FORD_F_150_MK14,driver_115,route_048,8,10
FORD_F_150_MK14,driver_115,route_048,9,10
FORD_F_150_MK14,driver_115,route_048,10,10
FORD_F_150_MK14,driver_115,route_048,11,10
FORD_F_150_MK14,driver_115,route_048,12,10
FORD_F_150_MK14,driver_115,route_048,13,10
FORD_F_150_MK14,driver_115,route_048,14,10
FORD_F_150_MK14,driver_115,route_048,15,10
FORD_F_150_MK14,driver_115,route_049,0,15
FORD_F_150_MK14,driver_115,route_049,1,15
FORD_F_150_MK14,driver_115,route_049,2,15
FORD_F_150_MK14,driver_115,route_049,3,15
FORD_F_150_MK14,driver_115,route_049,4,15
FORD_F_150_MK14,driver_115,route_049,5,15
FORD_F_150_MK14,driver_115,route_049,6,15
FORD_F_150_MK14,driver_115,route_049,7,15
FORD_F_150_MK14,driver_115,route_049,8,15
FORD_F_150_MK14,driver_115,route_049,9,15
FORD_F_150_MK14,driver_115,route_049,10,15
FORD_F_150_MK14,driver_115,route_049,11,10
FORD_F_150_MK14,driver_115,route_050,0,15
FORD_F_150_MK14,driver_115,route_050,1,15
FORD_F_150_MK14,driver_115,route_050,2,15
FORD_F_150_MK14,driver_115,route_050,3,15
FORD_F_150_MK14,driver_115,route_050,4,15
FORD_F_150_MK14,driver_115,route_050,5,15
FORD_F_150_MK14,driver_115,route_050,6,15
FORD_F_150_MK14,driver_115,route_050,7,15
FORD_F_150_MK14,driver_115,route_050,8,15
FORD_F_150_MK14,driver_115,route_050,9,15
FORD_F_150_MK14,driver_115,route_050,10,15
FORD_F_150_MK14,driver_115,route_050,11,15
FORD_F_150_MK14,driver_115,route_050,12,15
FORD_F_150_MK14,driver_115,route_050,13,10
FORD_F_150_MK14,driver_115,route_050,14,10
FORD_F_150_MK14,driver_115,route_050,15,10
FORD_F_150_MK14,driver_115,route_051,0,15
FORD_F_150_MK14,driver_115,route_051,1,15
FORD_F_150_MK14,driver_115,route_051,2,15
FORD_F_150_MK14,driver_115,route_051,3,15
FORD_F_150_MK14,driver_115,route_051,4,15
FORD_F_150_MK14,driver_115,route_051,5,15
FORD_F_150_MK14,driver_115,route_052,0,15
FORD_F_150_MK14,driver_115,route_052,1,15
FORD_F_150_MK14,driver_115,route_052,2,15
FORD_F_150_MK14,driver_115,route_052,3,15
FORD_F_150_MK14,driver_115,route_052,4,15
FORD_F_150_MK14,driver_115,route_052,5,15
FORD_F_150_MK14,driver_115,route_053,0,15
FORD_F_150_MK14,driver_115,route_053,1,15
FORD_F_150_MK14,driver_115,route_053,2,15
FORD_F_150_MK14,driver_115,route_053,3,15
FORD_F_150_MK14,driver_115,route_053,4,15
FORD_F_150_MK14,driver_115,route_053,5,15
FORD_F_150_MK14,driver_115,route_053,6,15
FORD_F_150_MK14,driver_115,route_053,7,15
FORD_F_150_MK14,driver_115,route_053,8,15
FORD_F_150_MK14,driver_115,route_053,9,15
FORD_F_150_MK14,driver_115,route_053,10,15
FORD_F_150_MK14,driver_115,route_053,11,15
FORD_F_150_MK14,driver_115,route_053,12,15
FORD_F_150_MK14,driver_115,route_053,13,15
FORD_F_150_MK14,driver_115,route_053,14,15
FORD_F_150_MK14,driver_115,route_053,15,10
FORD_F_150_MK14,driver_115,route_053,16,10
FORD_F_150_MK14,driver_115,route_053,17,10
FORD_F_150_MK14,driver_115,route_054,0,15
FORD_F_150_MK14,driver_115,route_054,1,15
FORD_F_150_MK14,driver_115,route_054,2,15
FORD_F_150_MK14,driver_115,route_054,3,15
FORD_F_150_MK14,driver_115,route_054,4,15
FORD_F_150_MK14,driver_115,route_055,0,15
FORD_F_150_MK14,driver_115,route_055,1,15
FORD_F_150_MK14,driver_115,route_055,2,15
FORD_F_150_MK14,driver_115,route_055,3,15
FORD_F_150_MK14,driver_115,route_055,4,15
FORD_F_150_MK14,driver_115,route_055,5,15
FORD_F_150_MK14,driver_115,route_055,6,15
FORD_F_150_MK14,driver_115,route_055,7,15
FORD_F_150_MK14,driver_115,route_055,8,15
FORD_F_150_MK14,driver_115,route_055,9,15
FORD_F_150_MK14,driver_115,route_055,10,15
FORD_F_150_MK14,driver_115,route_055,11,15
FORD_F_150_MK14,driver_115,route_055,12,15
FORD_F_150_MK14,driver_115,route_055,13,15
FORD_F_150_MK14,driver_115,route_055,14,15
FORD_F_150_MK14,driver_115,route_055,15,15
FORD_F_150_MK14,driver_115,route_055,16,15
FORD_F_150_MK14,driver_115,route_055,17,15
FORD_F_150_MK14,driver_115,route_055,18,15
FORD_F_150_MK14,driver_115,route_055,19,15
FORD_F_150_MK14,driver_115,route_056,0,15
FORD_F_150_MK14,driver_115,route_056,1,15
FORD_F_150_MK14,driver_115,route_056,2,15
FORD_F_150_MK14,driver_115,route_056,3,15
FORD_F_150_MK14,driver_115,route_056,4,15
FORD_F_150_MK14,driver_115,route_056,5,15
FORD_F_150_MK14,driver_115,route_056,6,15
FORD_F_150_MK14,driver_115,route_056,7,15
FORD_F_150_MK14,driver_115,route_056,8,15
FORD_F_150_MK14,driver_115,route_056,9,15
FORD_F_150_MK14,driver_115,route_056,10,15
FORD_F_150_MK14,driver_115,route_056,11,15
FORD_F_150_MK14,driver_115,route_056,12,15
FORD_F_150_MK14,driver_115,route_056,13,15
FORD_F_150_MK14,driver_162,route_001,0,15
FORD_F_150_MK14,driver_162,route_001,1,15
FORD_F_150_MK14,driver_162,route_001,2,15
FORD_F_150_MK14,driver_162,route_001,3,15
FORD_F_150_MK14,driver_162,route_001,4,15
FORD_F_150_MK14,driver_162,route_001,5,15
FORD_F_150_MK14,driver_162,route_001,6,15
FORD_F_150_MK14,driver_162,route_001,7,15
FORD_F_150_MK14,driver_189,route_001,0,15
FORD_F_150_MK14,driver_189,route_002,0,15
FORD_F_150_MK14,driver_189,route_002,1,15
FORD_F_150_MK14,driver_189,route_002,2,15
FORD_F_150_MK14,driver_189,route_002,3,15
FORD_F_150_MK14,driver_189,route_002,4,15
FORD_F_150_MK14,driver_189,route_002,5,15
FORD_F_150_MK14,driver_189,route_002,6,15
FORD_F_150_MK14,driver_189,route_003,0,10
FORD_F_150_MK14,driver_189,route_003,1,10
FORD_F_150_MK14,driver_189,route_004,0,15
FORD_F_150_MK14,driver_189,route_004,1,15
FORD_F_150_MK14,driver_189,route_004,2,15
FORD_F_150_MK14,driver_189,route_004,3,15
FORD_F_150_MK14,driver_189,route_004,4,10
FORD_F_150_MK14,driver_189,route_005,0,10
FORD_F_150_MK14,driver_189,route_005,1,10
FORD_F_150_MK14,driver_189,route_005,2,10
FORD_F_150_MK14,driver_189,route_005,3,10
FORD_F_150_MK14,driver_189,route_006,0,15
FORD_F_150_MK14,driver_189,route_006,1,15
FORD_F_150_MK14,driver_189,route_006,2,15
FORD_F_150_MK14,driver_189,route_007,0,15
FORD_F_150_MK14,driver_189,route_007,1,15
FORD_F_150_MK14,driver_189,route_007,2,15
FORD_F_150_MK14,driver_189,route_007,3,15
FORD_F_150_MK14,driver_189,route_008,0,15
FORD_F_150_MK14,driver_189,route_008,1,15
FORD_F_150_MK14,driver_189,route_008,2,15
FORD_F_150_MK14,driver_189,route_008,3,15
FORD_F_150_MK14,driver_189,route_008,4,15
FORD_F_150_MK14,driver_189,route_008,5,15
FORD_F_150_MK14,driver_189,route_008,6,15
FORD_F_150_MK14,driver_189,route_008,7,10
FORD_F_150_MK14,driver_189,route_009,0,15
FORD_F_150_MK14,driver_189,route_009,1,15
FORD_F_150_MK14,driver_189,route_009,2,15
FORD_F_150_MK14,driver_189,route_009,3,15
FORD_F_150_MK14,driver_189,route_009,4,15
FORD_F_150_MK14,driver_189,route_009,5,15
FORD_F_150_MK14,driver_189,route_010,0,15
FORD_F_150_MK14,driver_189,route_010,1,15
FORD_F_150_MK14,driver_189,route_010,2,15
FORD_F_150_MK14,driver_189,route_010,3,15
FORD_F_150_MK14,driver_189,route_010,4,15
FORD_F_150_MK14,driver_189,route_010,5,15
FORD_F_150_MK14,driver_189,route_010,6,15
FORD_F_150_MK14,driver_189,route_010,7,15
FORD_F_150_MK14,driver_189,route_011,0,15
FORD_F_150_MK14,driver_189,route_011,1,15
FORD_F_150_MK14,driver_189,route_012,0,15
FORD_F_150_MK14,driver_189,route_012,1,15
FORD_F_150_MK14,driver_189,route_012,2,15
FORD_F_150_MK14,driver_189,route_013,0,15
FORD_F_150_MK14,driver_189,route_013,1,15
FORD_F_150_MK14,driver_189,route_013,2,15
FORD_F_150_MK14,driver_189,route_013,3,15
FORD_F_150_MK14,driver_189,route_014,0,15
FORD_F_150_MK14,driver_189,route_014,1,15
FORD_F_150_MK14,driver_189,route_015,0,15
FORD_F_150_MK14,driver_189,route_015,1,15
FORD_F_150_MK14,driver_189,route_015,2,15
FORD_F_150_MK14,driver_189,route_015,3,15
FORD_F_150_MK14,driver_189,route_016,0,15
FORD_F_150_MK14,driver_189,route_016,1,15
FORD_F_150_MK14,driver_189,route_016,2,15
FORD_F_150_MK14,driver_189,route_016,3,15
FORD_F_150_MK14,driver_189,route_016,4,15
FORD_F_150_MK14,driver_189,route_016,5,10
FORD_F_150_MK14,driver_189,route_017,0,15
FORD_F_150_MK14,driver_189,route_017,1,15
FORD_F_150_MK14,driver_189,route_017,2,15
FORD_F_150_MK14,driver_189,route_017,3,15
FORD_F_150_MK14,driver_189,route_018,0,15
FORD_F_150_MK14,driver_189,route_018,1,15
FORD_F_150_MK14,driver_189,route_018,2,15
FORD_F_150_MK14,driver_189,route_018,3,15
FORD_F_150_MK14,driver_189,route_018,4,15
FORD_F_150_MK14,driver_189,route_018,5,15
FORD_F_150_MK14,driver_189,route_018,6,15
FORD_F_150_MK14,driver_189,route_018,7,15
FORD_F_150_MK14,driver_189,route_018,8,15
FORD_F_150_MK14,driver_189,route_018,9,10
FORD_F_150_MK14,driver_189,route_018,10,10
FORD_F_150_MK14,driver_189,route_019,0,10
FORD_F_150_MK14,driver_189,route_019,1,10
FORD_F_150_MK14,driver_189,route_019,2,10
FORD_F_150_MK14,driver_189,route_019,3,10
FORD_F_150_MK14,driver_189,route_019,4,10
FORD_F_150_MK14,driver_189,route_019,5,10
FORD_F_150_MK14,driver_189,route_019,6,10
FORD_F_150_MK14,driver_189,route_019,7,10
FORD_F_150_MK14,driver_189,route_019,8,10
FORD_F_150_MK14,driver_189,route_019,9,10
FORD_F_150_MK14,driver_189,route_019,10,10
FORD_F_150_MK14,driver_189,route_019,11,10
FORD_F_150_MK14,driver_189,route_020,0,15
FORD_F_150_MK14,driver_189,route_020,1,15
FORD_F_150_MK14,driver_189,route_020,2,15
FORD_F_150_MK14,driver_189,route_020,3,15
FORD_F_150_MK14,driver_189,route_020,4,15
FORD_F_150_MK14,driver_189,route_020,5,15
FORD_F_150_MK14,driver_189,route_020,6,15
FORD_F_150_MK14,driver_189,route_021,0,15
FORD_F_150_MK14,driver_189,route_022,0,15
FORD_F_150_MK14,driver_189,route_022,1,15
FORD_F_150_MK14,driver_189,route_022,2,15
FORD_F_150_MK14,driver_189,route_022,3,15
FORD_F_150_MK14,driver_189,route_022,4,15
FORD_F_150_MK14,driver_189,route_022,5,15
FORD_F_150_MK14,driver_189,route_022,6,15
FORD_F_150_MK14,driver_189,route_022,7,15
FORD_F_150_MK14,driver_189,route_022,8,15
FORD_F_150_MK14,driver_189,route_022,9,15
FORD_F_150_MK14,driver_189,route_022,10,10
FORD_F_150_MK14,driver_189,route_022,11,10
FORD_F_150_MK14,driver_189,route_022,12,10
FORD_F_150_MK14,driver_189,route_023,0,10
FORD_F_150_MK14,driver_189,route_023,1,10
FORD_F_150_MK14,driver_189,route_024,0,15
FORD_F_150_MK14,driver_189,route_025,0,15
FORD_F_150_MK14,driver_189,route_025,1,15
FORD_F_150_MK14,driver_189,route_026,0,15
FORD_F_150_MK14,driver_189,route_026,1,15
FORD_F_150_MK14,driver_189,route_026,2,15
FORD_F_150_MK14,driver_189,route_026,3,15
FORD_F_150_MK14,driver_189,route_027,0,15
FORD_F_150_MK14,driver_189,route_027,1,15
FORD_F_150_MK14,driver_189,route_027,2,15
FORD_F_150_MK14,driver_189,route_027,3,15
FORD_F_150_MK14,driver_189,route_027,4,15
FORD_F_150_MK14,driver_189,route_027,5,15
FORD_F_150_MK14,driver_189,route_027,6,15
FORD_F_150_MK14,driver_189,route_027,7,15
FORD_F_150_MK14,driver_189,route_027,8,15
FORD_F_150_MK14,driver_189,route_027,9,15
FORD_F_150_MK14,driver_189,route_028,0,15
FORD_F_150_MK14,driver_189,route_028,1,15
FORD_F_150_MK14,driver_189,route_028,2,15
FORD_F_150_MK14,driver_189,route_028,3,15
FORD_F_150_MK14,driver_189,route_028,4,15
FORD_F_150_MK14,driver_189,route_029,0,15
FORD_F_150_MK14,driver_189,route_029,1,15
FORD_F_150_MK14,driver_189,route_029,2,15
FORD_F_150_MK14,driver_189,route_029,3,15
FORD_F_150_MK14,driver_189,route_029,4,15
FORD_F_150_MK14,driver_189,route_029,5,15
FORD_F_150_MK14,driver_189,route_029,6,15
FORD_F_150_MK14,driver_189,route_029,7,15
FORD_F_150_MK14,driver_189,route_029,8,15
FORD_F_150_MK14,driver_189,route_029,9,15
FORD_F_150_MK14,driver_189,route_029,10,15
FORD_F_150_MK14,driver_189,route_029,11,15
FORD_F_150_MK14,driver_189,route_030,0,15
FORD_F_150_MK14,driver_189,route_030,1,15
FORD_F_150_MK14,driver_189,route_031,0,15
FORD_F_150_MK14,driver_189,route_031,1,15
FORD_F_150_MK14,driver_189,route_031,2,15
FORD_F_150_MK14,driver_189,route_031,3,15
FORD_F_150_MK14,driver_189,route_032,0,15
FORD_F_150_MK14,driver_189,route_032,1,15
FORD_F_150_MK14,driver_189,route_032,2,15
FORD_F_150_MK14,driver_189,route_032,3,15
FORD_F_150_MK14,driver_189,route_032,4,15
FORD_F_150_MK14,driver_189,route_032,5,15
FORD_F_150_MK14,driver_189,route_033,0,15
FORD_F_150_MK14,driver_189,route_033,1,15
FORD_F_150_MK14,driver_189,route_034,0,15
FORD_F_150_MK14,driver_189,route_035,0,15
FORD_F_150_MK14,driver_189,route_036,0,15
FORD_F_150_MK14,driver_189,route_037,0,15
FORD_F_150_MK14,driver_189,route_037,1,15
FORD_F_150_MK14,driver_189,route_037,2,15
FORD_F_150_MK14,driver_189,route_037,3,15
FORD_F_150_MK14,driver_189,route_037,4,15
FORD_F_150_MK14,driver_189,route_037,5,15
FORD_F_150_MK14,driver_189,route_037,6,15
FORD_F_150_MK14,driver_189,route_037,7,15
FORD_F_150_MK14,driver_189,route_037,8,15
FORD_F_150_MK14,driver_189,route_038,0,10
FORD_F_150_MK14,driver_189,route_038,1,10
FORD_F_150_MK14,driver_189,route_038,2,10
FORD_F_150_MK14,driver_189,route_038,3,10
FORD_F_150_MK14,driver_189,route_039,0,15
FORD_F_150_MK14,driver_189,route_039,1,15
FORD_F_150_MK14,driver_189,route_040,0,15
FORD_F_150_MK14,driver_189,route_040,1,15
FORD_F_150_MK14,driver_189,route_041,0,15
FORD_F_150_MK14,driver_189,route_041,1,15
FORD_F_150_MK14,driver_189,route_042,0,15
FORD_F_150_MK14,driver_189,route_043,0,15
FORD_F_150_MK14,driver_189,route_043,1,15
FORD_F_150_MK14,driver_189,route_043,2,15
FORD_F_150_MK14,driver_189,route_044,0,15
FORD_F_150_MK14,driver_189,route_044,1,15
FORD_F_150_MK14,driver_189,route_044,2,15
FORD_F_150_MK14,driver_189,route_044,3,15
FORD_F_150_MK14,driver_189,route_044,4,15
FORD_F_150_MK14,driver_189,route_044,5,15
FORD_F_150_MK14,driver_189,route_044,6,15
FORD_F_150_MK14,driver_189,route_044,7,15
FORD_F_150_MK14,driver_189,route_044,8,15
FORD_F_150_MK14,driver_189,route_044,9,15
FORD_F_150_MK14,driver_189,route_044,10,15
FORD_F_150_MK14,driver_189,route_045,0,15
FORD_F_150_MK14,driver_189,route_046,0,15
FORD_F_150_MK14,driver_189,route_046,1,15
FORD_F_150_MK14,driver_189,route_046,2,15
FORD_F_150_MK14,driver_218,route_001,0,15
FORD_F_150_MK14,driver_218,route_001,1,15
FORD_F_150_MK14,driver_218,route_001,2,15
FORD_F_150_MK14,driver_218,route_001,3,15
FORD_F_150_MK14,driver_218,route_001,4,15
FORD_F_150_MK14,driver_218,route_001,5,15
FORD_F_150_MK14,driver_218,route_001,6,15
FORD_F_150_MK14,driver_218,route_001,7,15
FORD_F_150_MK14,driver_218,route_001,8,15
FORD_F_150_MK14,driver_218,route_001,9,15
FORD_F_150_MK14,driver_218,route_001,10,10
FORD_F_150_MK14,driver_218,route_001,11,10
FORD_F_150_MK14,driver_218,route_001,12,10
FORD_F_150_MK14,driver_218,route_002,0,15
FORD_F_150_MK14,driver_223,route_011,0,15
FORD_F_150_MK14,driver_223,route_011,1,15
FORD_F_150_MK14,driver_223,route_011,2,15
FORD_F_150_MK14,driver_223,route_011,3,15
FORD_F_150_MK14,driver_292,route_001,0,15
FORD_F_150_MK14,driver_292,route_002,0,15
FORD_F_150_MK14,driver_292,route_002,1,15
FORD_F_150_MK14,driver_292,route_002,2,15
FORD_F_150_MK14,driver_292,route_002,3,15
FORD_F_150_MK14,driver_292,route_002,4,15
FORD_F_150_MK14,driver_292,route_002,5,15
FORD_F_150_MK14,driver_292,route_003,0,15
FORD_F_150_MK14,driver_292,route_003,1,15
FORD_F_150_MK14,driver_292,route_003,2,15
FORD_F_150_MK14,driver_292,route_003,3,15
FORD_F_150_MK14,driver_292,route_003,4,15
FORD_F_150_MK14,driver_292,route_004,0,15
FORD_F_150_MK14,driver_292,route_004,1,15
FORD_F_150_MK14,driver_292,route_004,2,15
FORD_F_150_MK14,driver_292,route_005,0,15
FORD_F_150_MK14,driver_292,route_005,1,15
FORD_F_150_MK14,driver_319,route_001,0,15
FORD_F_150_MK14,driver_319,route_001,1,15
FORD_F_150_MK14,driver_319,route_002,0,15
FORD_F_150_MK14,driver_319,route_002,1,15
FORD_F_150_MK14,driver_319,route_002,2,15
FORD_F_150_MK14,driver_346,route_001,0,15
FORD_F_150_MK14,driver_346,route_002,0,15
FORD_F_150_MK14,driver_346,route_003,0,15
FORD_F_150_MK14,driver_346,route_004,0,15
FORD_F_150_MK14,driver_346,route_004,1,15
FORD_MAVERICK_MK1,driver_059,route_001,0,15
FORD_MAVERICK_MK1,driver_059,route_001,1,15
FORD_MAVERICK_MK1,driver_059,route_001,2,15
FORD_MAVERICK_MK1,driver_059,route_001,3,15
FORD_MAVERICK_MK1,driver_059,route_001,4,15
FORD_MAVERICK_MK1,driver_059,route_001,5,15
FORD_MAVERICK_MK1,driver_059,route_001,6,15
FORD_MAVERICK_MK1,driver_059,route_001,7,15
FORD_MAVERICK_MK1,driver_059,route_001,8,10
FORD_MAVERICK_MK1,driver_059,route_002,0,15
FORD_MAVERICK_MK1,driver_059,route_002,1,15
FORD_MAVERICK_MK1,driver_059,route_002,2,15
FORD_MAVERICK_MK1,driver_059,route_002,3,15
FORD_MAVERICK_MK1,driver_059,route_002,4,15
FORD_MAVERICK_MK1,driver_059,route_002,5,15
FORD_MAVERICK_MK1,driver_059,route_002,6,15
FORD_MAVERICK_MK1,driver_059,route_002,7,15
FORD_MAVERICK_MK1,driver_059,route_002,8,15
FORD_MAVERICK_MK1,driver_059,route_002,9,15
FORD_MAVERICK_MK1,driver_059,route_002,10,15
FORD_MAVERICK_MK1,driver_059,route_002,11,15
FORD_MAVERICK_MK1,driver_059,route_002,12,15
FORD_MAVERICK_MK1,driver_059,route_002,13,15
FORD_MAVERICK_MK1,driver_059,route_002,14,15
FORD_MAVERICK_MK1,driver_059,route_002,15,15
FORD_MAVERICK_MK1,driver_059,route_002,16,15
FORD_MAVERICK_MK1,driver_059,route_002,17,15
FORD_MAVERICK_MK1,driver_059,route_002,18,15
FORD_MAVERICK_MK1,driver_059,route_002,19,15
FORD_MAVERICK_MK1,driver_059,route_002,20,15
FORD_MAVERICK_MK1,driver_059,route_002,21,15
FORD_MAVERICK_MK1,driver_059,route_002,22,15
FORD_MAVERICK_MK1,driver_059,route_002,23,10
FORD_MAVERICK_MK1,driver_059,route_002,24,10
FORD_MAVERICK_MK1,driver_059,route_002,25,10
FORD_MAVERICK_MK1,driver_059,route_002,26,10
FORD_MAVERICK_MK1,driver_124,route_013,0,10
FORD_MAVERICK_MK1,driver_124,route_013,1,10
FORD_MAVERICK_MK1,driver_124,route_013,2,10
FORD_MAVERICK_MK1,driver_124,route_013,3,10
FORD_MAVERICK_MK1,driver_124,route_013,4,10
FORD_MAVERICK_MK1,driver_124,route_047,0,15
FORD_MAVERICK_MK1,driver_249,route_001,0,15
FORD_MAVERICK_MK1,driver_249,route_001,1,15
FORD_MAVERICK_MK1,driver_249,route_001,2,15
FORD_MAVERICK_MK1,driver_249,route_001,3,15
FORD_MAVERICK_MK1,driver_249,route_001,4,15
FORD_MAVERICK_MK1,driver_249,route_001,5,15
FORD_MAVERICK_MK1,driver_249,route_001,6,15
FORD_MAVERICK_MK1,driver_249,route_001,7,15
FORD_MAVERICK_MK1,driver_249,route_001,8,15
FORD_MAVERICK_MK1,driver_249,route_001,9,15
FORD_MAVERICK_MK1,driver_249,route_001,10,15
FORD_MAVERICK_MK1,driver_249,route_001,11,15
FORD_MAVERICK_MK1,driver_249,route_001,12,15
FORD_MAVERICK_MK1,driver_249,route_001,13,15
FORD_MAVERICK_MK1,driver_249,route_001,14,15
FORD_MAVERICK_MK1,driver_249,route_001,15,15
FORD_MAVERICK_MK1,driver_249,route_001,16,15
FORD_MAVERICK_MK1,driver_249,route_001,17,10
FORD_MAVERICK_MK1,driver_249,route_001,18,10
FORD_MAVERICK_MK1,driver_249,route_002,0,15
FORD_MAVERICK_MK1,driver_249,route_002,1,15
FORD_MAVERICK_MK1,driver_249,route_002,2,15
FORD_MAVERICK_MK1,driver_249,route_002,3,15
FORD_MAVERICK_MK1,driver_249,route_002,4,15
FORD_MAVERICK_MK1,driver_249,route_002,5,15
FORD_MAVERICK_MK1,driver_249,route_002,6,15
FORD_MAVERICK_MK1,driver_249,route_002,7,15
FORD_MAVERICK_MK1,driver_249,route_002,8,15
FORD_MAVERICK_MK1,driver_249,route_003,0,15
FORD_MAVERICK_MK1,driver_249,route_003,1,15
FORD_MAVERICK_MK1,driver_249,route_003,2,15
FORD_MAVERICK_MK1,driver_249,route_003,3,15
FORD_MAVERICK_MK1,driver_249,route_004,0,15
FORD_MAVERICK_MK1,driver_249,route_004,1,15
FORD_MAVERICK_MK1,driver_249,route_004,2,15
FORD_MAVERICK_MK1,driver_249,route_004,3,15
FORD_MAVERICK_MK1,driver_249,route_004,4,15
FORD_MAVERICK_MK1,driver_249,route_004,5,15
FORD_MAVERICK_MK1,driver_249,route_004,6,15
FORD_MAVERICK_MK1,driver_249,route_005,0,15
FORD_MAVERICK_MK1,driver_249,route_005,1,15
FORD_MAVERICK_MK1,driver_249,route_005,2,15
FORD_MAVERICK_MK1,driver_249,route_005,3,15
FORD_MAVERICK_MK1,driver_249,route_006,0,15
FORD_MAVERICK_MK1,driver_249,route_006,1,15
FORD_MAVERICK_MK1,driver_249,route_006,2,15
FORD_MAVERICK_MK1,driver_249,route_006,3,15
FORD_MAVERICK_MK1,driver_249,route_006,4,15
FORD_MAVERICK_MK1,driver_249,route_006,5,15
FORD_MAVERICK_MK1,driver_249,route_006,6,15
FORD_MAVERICK_MK1,driver_249,route_006,7,15
FORD_MAVERICK_MK1,driver_249,route_006,8,15
FORD_MAVERICK_MK1,driver_249,route_006,9,15
FORD_MAVERICK_MK1,driver_249,route_006,10,15
FORD_MAVERICK_MK1,driver_249,route_006,11,15
FORD_MAVERICK_MK1,driver_249,route_006,12,15
FORD_MAVERICK_MK1,driver_249,route_006,13,15
FORD_MAVERICK_MK1,driver_249,route_006,14,15
FORD_MAVERICK_MK1,driver_249,route_006,15,15
FORD_MAVERICK_MK1,driver_249,route_006,16,15
FORD_MAVERICK_MK1,driver_249,route_006,17,15
FORD_MAVERICK_MK1,driver_249,route_006,18,15
FORD_MAVERICK_MK1,driver_249,route_006,19,15
FORD_MAVERICK_MK1,driver_249,route_006,20,15
FORD_MAVERICK_MK1,driver_249,route_006,21,15
FORD_MAVERICK_MK1,driver_249,route_006,22,15
FORD_MAVERICK_MK1,driver_249,route_006,23,15
FORD_MAVERICK_MK1,driver_249,route_006,24,15
FORD_MAVERICK_MK1,driver_249,route_006,25,15
FORD_MAVERICK_MK1,driver_249,route_006,26,15
FORD_MAVERICK_MK1,driver_249,route_006,27,15
FORD_MAVERICK_MK1,driver_249,route_006,28,15
FORD_MAVERICK_MK1,driver_249,route_006,29,15
FORD_MAVERICK_MK1,driver_249,route_006,30,15
FORD_MAVERICK_MK1,driver_249,route_006,31,15
FORD_MAVERICK_MK1,driver_249,route_006,32,15
FORD_MAVERICK_MK1,driver_249,route_006,33,10
FORD_MAVERICK_MK1,driver_249,route_006,34,10
FORD_MAVERICK_MK1,driver_249,route_007,0,15
FORD_MAVERICK_MK1,driver_249,route_007,1,15
FORD_MAVERICK_MK1,driver_249,route_007,2,15
FORD_MAVERICK_MK1,driver_249,route_007,3,15
FORD_MAVERICK_MK1,driver_249,route_007,4,15
FORD_MAVERICK_MK1,driver_249,route_007,5,15
FORD_MAVERICK_MK1,driver_249,route_007,6,15
FORD_MAVERICK_MK1,driver_249,route_007,7,15
FORD_MAVERICK_MK1,driver_249,route_007,8,15
FORD_MAVERICK_MK1,driver_249,route_007,9,15
FORD_MAVERICK_MK1,driver_249,route_007,10,15
FORD_MAVERICK_MK1,driver_249,route_007,11,15
FORD_MAVERICK_MK1,driver_249,route_007,12,15
FORD_MAVERICK_MK1,driver_249,route_007,13,15
FORD_MAVERICK_MK1,driver_249,route_007,14,15
FORD_MAVERICK_MK1,driver_249,route_007,15,15
FORD_MAVERICK_MK1,driver_249,route_007,16,15
FORD_MAVERICK_MK1,driver_249,route_007,17,15
FORD_MAVERICK_MK1,driver_249,route_007,18,15
FORD_MAVERICK_MK1,driver_249,route_007,19,15
FORD_MAVERICK_MK1,driver_249,route_008,0,15
FORD_MAVERICK_MK1,driver_249,route_008,1,15
FORD_MAVERICK_MK1,driver_249,route_008,2,15
FORD_MAVERICK_MK1,driver_249,route_008,3,15
FORD_MAVERICK_MK1,driver_249,route_008,4,15
FORD_MAVERICK_MK1,driver_249,route_008,5,15
FORD_MAVERICK_MK1,driver_249,route_008,6,15
FORD_MAVERICK_MK1,driver_249,route_008,7,15
FORD_MAVERICK_MK1,driver_249,route_009,0,15
FORD_MAVERICK_MK1,driver_249,route_009,1,15
FORD_MAVERICK_MK1,driver_249,route_009,2,15
FORD_MAVERICK_MK1,driver_249,route_009,3,15
FORD_MAVERICK_MK1,driver_249,route_009,4,15
FORD_MAVERICK_MK1,driver_249,route_009,5,15
FORD_MAVERICK_MK1,driver_249,route_009,6,15
FORD_MAVERICK_MK1,driver_249,route_009,7,15
FORD_MAVERICK_MK1,driver_249,route_010,0,15
FORD_MAVERICK_MK1,driver_249,route_010,1,15
FORD_MAVERICK_MK1,driver_249,route_010,2,15
FORD_MAVERICK_MK1,driver_249,route_010,3,15
FORD_MAVERICK_MK1,driver_249,route_010,4,15
FORD_MAVERICK_MK1,driver_249,route_010,5,15
FORD_MAVERICK_MK1,driver_249,route_010,6,15
FORD_MAVERICK_MK1,driver_249,route_010,7,15
FORD_MAVERICK_MK1,driver_249,route_010,8,15
FORD_MAVERICK_MK1,driver_249,route_011,0,10
FORD_MAVERICK_MK1,driver_249,route_011,1,10
FORD_MAVERICK_MK1,driver_249,route_011,2,10
FORD_MAVERICK_MK1,driver_249,route_011,3,10
FORD_MAVERICK_MK1,driver_249,route_011,4,10
FORD_MAVERICK_MK1,driver_249,route_012,0,15
FORD_MAVERICK_MK1,driver_249,route_012,1,15
FORD_MAVERICK_MK1,driver_249,route_012,2,15
FORD_MAVERICK_MK1,driver_249,route_012,3,15
FORD_MAVERICK_MK1,driver_249,route_012,4,15
FORD_MAVERICK_MK1,driver_249,route_012,5,15
FORD_MAVERICK_MK1,driver_249,route_012,6,15
FORD_MAVERICK_MK1,driver_249,route_013,0,15
FORD_MAVERICK_MK1,driver_249,route_013,1,15
FORD_MAVERICK_MK1,driver_249,route_013,2,15
FORD_MAVERICK_MK1,driver_249,route_013,3,15
FORD_MAVERICK_MK1,driver_249,route_013,4,15
FORD_MAVERICK_MK1,driver_249,route_013,5,15
FORD_MAVERICK_MK1,driver_249,route_013,6,15
FORD_MAVERICK_MK1,driver_249,route_013,7,15
FORD_MAVERICK_MK1,driver_249,route_013,8,15
FORD_MAVERICK_MK1,driver_249,route_013,9,10
FORD_MAVERICK_MK1,driver_249,route_013,10,10
FORD_MAVERICK_MK1,driver_249,route_013,11,10
FORD_MAVERICK_MK1,driver_249,route_013,12,10
FORD_MAVERICK_MK1,driver_249,route_014,0,15
FORD_MAVERICK_MK1,driver_249,route_014,1,15
FORD_MAVERICK_MK1,driver_249,route_014,2,15
FORD_MAVERICK_MK1,driver_249,route_014,3,15
FORD_MAVERICK_MK1,driver_249,route_014,4,15
FORD_MAVERICK_MK1,driver_249,route_014,5,15
FORD_MAVERICK_MK1,driver_249,route_014,6,15
FORD_MAVERICK_MK1,driver_249,route_014,7,10
FORD_MAVERICK_MK1,driver_249,route_015,0,15
FORD_MAVERICK_MK1,driver_249,route_015,1,15
FORD_MAVERICK_MK1,driver_249,route_015,2,15
FORD_MAVERICK_MK1,driver_249,route_015,3,15
FORD_MAVERICK_MK1,driver_249,route_015,4,15
FORD_MAVERICK_MK1,driver_249,route_016,0,15
FORD_MAVERICK_MK1,driver_249,route_016,1,15
FORD_MAVERICK_MK1,driver_249,route_016,2,15
FORD_MAVERICK_MK1,driver_249,route_016,3,15
FORD_MAVERICK_MK1,driver_249,route_016,4,15
FORD_MAVERICK_MK1,driver_249,route_016,5,15
FORD_MAVERICK_MK1,driver_249,route_016,6,15
FORD_MAVERICK_MK1,driver_249,route_016,7,15
FORD_MAVERICK_MK1,driver_249,route_016,8,15
FORD_MAVERICK_MK1,driver_249,route_016,9,15
FORD_MAVERICK_MK1,driver_249,route_016,10,15
FORD_MAVERICK_MK1,driver_249,route_016,11,15
FORD_MAVERICK_MK1,driver_249,route_017,0,15
FORD_MAVERICK_MK1,driver_249,route_017,1,15
FORD_MAVERICK_MK1,driver_249,route_017,2,15
FORD_MAVERICK_MK1,driver_249,route_017,3,15
FORD_MAVERICK_MK1,driver_249,route_017,4,15
FORD_MAVERICK_MK1,driver_249,route_017,5,15
FORD_MAVERICK_MK1,driver_249,route_017,6,15
FORD_MAVERICK_MK1,driver_249,route_017,7,15
FORD_MAVERICK_MK1,driver_249,route_017,8,15
FORD_MAVERICK_MK1,driver_249,route_017,9,15
FORD_MAVERICK_MK1,driver_249,route_017,10,15
FORD_MAVERICK_MK1,driver_249,route_017,11,15
FORD_MAVERICK_MK1,driver_249,route_017,12,15
FORD_MAVERICK_MK1,driver_249,route_017,13,15
FORD_MAVERICK_MK1,driver_249,route_017,14,15
FORD_MAVERICK_MK1,driver_249,route_017,15,15
FORD_MAVERICK_MK1,driver_249,route_017,16,15
FORD_MAVERICK_MK1,driver_249,route_017,17,15
FORD_MAVERICK_MK1,driver_249,route_017,18,15
FORD_MAVERICK_MK1,driver_249,route_017,19,15
FORD_MAVERICK_MK1,driver_249,route_018,0,15
FORD_MAVERICK_MK1,driver_249,route_018,1,15
FORD_MAVERICK_MK1,driver_249,route_018,2,15
FORD_MAVERICK_MK1,driver_249,route_018,3,15
FORD_MAVERICK_MK1,driver_249,route_018,4,15
FORD_MAVERICK_MK1,driver_249,route_018,5,15
FORD_MAVERICK_MK1,driver_249,route_018,6,15
FORD_MAVERICK_MK1,driver_249,route_019,0,15
FORD_MAVERICK_MK1,driver_249,route_019,1,15
FORD_MAVERICK_MK1,driver_249,route_019,2,15
FORD_MAVERICK_MK1,driver_249,route_020,0,15
FORD_MAVERICK_MK1,driver_249,route_020,1,15
FORD_MAVERICK_MK1,driver_249,route_020,2,15
FORD_MAVERICK_MK1,driver_249,route_021,0,15
FORD_MAVERICK_MK1,driver_249,route_021,1,15
FORD_MAVERICK_MK1,driver_249,route_021,2,15
FORD_MAVERICK_MK1,driver_249,route_021,3,15
FORD_MAVERICK_MK1,driver_249,route_021,4,15
FORD_MAVERICK_MK1,driver_249,route_021,5,15
FORD_MAVERICK_MK1,driver_249,route_021,6,15
FORD_MAVERICK_MK1,driver_249,route_021,7,15
FORD_MAVERICK_MK1,driver_249,route_021,8,15
FORD_MAVERICK_MK1,driver_249,route_021,9,15
FORD_MAVERICK_MK1,driver_249,route_021,10,15
FORD_MAVERICK_MK1,driver_249,route_021,11,15
FORD_MAVERICK_MK1,driver_249,route_021,12,15
FORD_MAVERICK_MK1,driver_249,route_021,13,15
FORD_MAVERICK_MK1,driver_249,route_021,14,15
FORD_MAVERICK_MK1,driver_249,route_021,15,15
FORD_MAVERICK_MK1,driver_249,route_021,16,15
FORD_MAVERICK_MK1,driver_249,route_021,17,15
FORD_MAVERICK_MK1,driver_249,route_021,18,15
FORD_MAVERICK_MK1,driver_249,route_021,19,15
FORD_MAVERICK_MK1,driver_249,route_021,20,15
FORD_MAVERICK_MK1,driver_249,route_021,21,15
FORD_MAVERICK_MK1,driver_249,route_021,22,15
FORD_MAVERICK_MK1,driver_249,route_021,23,10
FORD_MAVERICK_MK1,driver_249,route_021,24,10
FORD_MAVERICK_MK1,driver_249,route_021,25,10
FORD_MAVERICK_MK1,driver_249,route_021,26,10
FORD_MAVERICK_MK1,driver_249,route_021,27,10
FORD_MAVERICK_MK1,driver_249,route_021,28,10
FORD_MAVERICK_MK1,driver_249,route_021,29,10
FORD_MAVERICK_MK1,driver_249,route_021,30,10
FORD_MAVERICK_MK1,driver_249,route_021,31,10
FORD_MAVERICK_MK1,driver_249,route_021,32,10
FORD_MAVERICK_MK1,driver_249,route_021,33,10
FORD_MAVERICK_MK1,driver_249,route_022,0,15
FORD_MAVERICK_MK1,driver_249,route_022,1,15
FORD_MAVERICK_MK1,driver_249,route_022,2,15
FORD_MAVERICK_MK1,driver_249,route_022,3,15
FORD_MAVERICK_MK1,driver_249,route_022,4,15
FORD_MAVERICK_MK1,driver_249,route_022,5,15
FORD_MAVERICK_MK1,driver_249,route_022,6,15
FORD_MAVERICK_MK1,driver_249,route_022,7,15
FORD_MAVERICK_MK1,driver_249,route_022,8,10
FORD_MAVERICK_MK1,driver_249,route_022,9,10
FORD_MAVERICK_MK1,driver_249,route_023,0,15
FORD_MAVERICK_MK1,driver_249,route_023,1,15
FORD_MAVERICK_MK1,driver_249,route_023,2,15
FORD_MAVERICK_MK1,driver_249,route_023,3,10
FORD_MAVERICK_MK1,driver_249,route_023,4,10
FORD_MAVERICK_MK1,driver_249,route_023,5,10
FORD_MAVERICK_MK1,driver_249,route_023,6,10
FORD_MAVERICK_MK1,driver_249,route_023,7,10
FORD_MAVERICK_MK1,driver_249,route_023,8,10
FORD_MAVERICK_MK1,driver_249,route_024,0,15
FORD_MAVERICK_MK1,driver_249,route_024,1,15
FORD_MAVERICK_MK1,driver_249,route_024,2,15
FORD_MAVERICK_MK1,driver_249,route_024,3,15
FORD_MAVERICK_MK1,driver_249,route_024,4,15
FORD_MAVERICK_MK1,driver_249,route_024,5,15
FORD_MAVERICK_MK1,driver_249,route_024,6,15
FORD_MUSTANG_MACH_E_MK1,driver_124,route_005,0,15
FORD_MUSTANG_MACH_E_MK1,driver_124,route_007,0,15
FORD_MUSTANG_MACH_E_MK1,driver_124,route_014,0,15
FORD_MUSTANG_MACH_E_MK1,driver_124,route_014,1,15
FORD_MUSTANG_MACH_E_MK1,driver_124,route_014,2,15
FORD_MUSTANG_MACH_E_MK1,driver_124,route_015,0,15
FORD_MUSTANG_MACH_E_MK1,driver_124,route_015,1,15
FORD_MUSTANG_MACH_E_MK1,driver_124,route_015,2,15
FORD_MUSTANG_MACH_E_MK1,driver_124,route_015,3,15
FORD_MUSTANG_MACH_E_MK1,driver_124,route_016,0,15
FORD_MUSTANG_MACH_E_MK1,driver_124,route_017,0,15
FORD_MUSTANG_MACH_E_MK1,driver_124,route_018,0,15
FORD_MUSTANG_MACH_E_MK1,driver_124,route_018,1,15
FORD_MUSTANG_MACH_E_MK1,driver_124,route_018,2,15
FORD_MUSTANG_MACH_E_MK1,driver_124,route_019,0,15
FORD_MUSTANG_MACH_E_MK1,driver_124,route_019,1,15
FORD_MUSTANG_MACH_E_MK1,driver_124,route_020,0,15
FORD_MUSTANG_MACH_E_MK1,driver_124,route_020,1,15
FORD_MUSTANG_MACH_E_MK1,driver_124,route_020,2,15
FORD_MUSTANG_MACH_E_MK1,driver_124,route_020,3,15
FORD_MUSTANG_MACH_E_MK1,driver_124,route_020,4,15
FORD_MUSTANG_MACH_E_MK1,driver_124,route_021,0,15
FORD_MUSTANG_MACH_E_MK1,driver_124,route_021,1,15
FORD_MUSTANG_MACH_E_MK1,driver_124,route_021,2,15
FORD_MUSTANG_MACH_E_MK1,driver_124,route_021,3,15
FORD_MUSTANG_MACH_E_MK1,driver_124,route_022,0,15
FORD_MUSTANG_MACH_E_MK1,driver_124,route_023,0,15
FORD_MUSTANG_MACH_E_MK1,driver_124,route_023,1,15
FORD_MUSTANG_MACH_E_MK1,driver_124,route_023,2,15
FORD_MUSTANG_MACH_E_MK1,driver_124,route_023,3,15
FORD_MUSTANG_MACH_E_MK1,driver_124,route_023,4,15
FORD_MUSTANG_MACH_E_MK1,driver_124,route_023,5,15
FORD_MUSTANG_MACH_E_MK1,driver_124,route_024,0,15
FORD_MUSTANG_MACH_E_MK1,driver_124,route_024,1,15
FORD_MUSTANG_MACH_E_MK1,driver_124,route_025,0,10
FORD_MUSTANG_MACH_E_MK1,driver_124,route_025,1,10
FORD_MUSTANG_MACH_E_MK1,driver_124,route_026,0,15
FORD_MUSTANG_MACH_E_MK1,driver_124,route_026,1,15
FORD_MUSTANG_MACH_E_MK1,driver_124,route_026,2,15
FORD_MUSTANG_MACH_E_MK1,driver_124,route_026,3,15
FORD_MUSTANG_MACH_E_MK1,driver_124,route_026,4,15
FORD_MUSTANG_MACH_E_MK1,driver_124,route_026,5,15
FORD_MUSTANG_MACH_E_MK1,driver_124,route_026,6,15
FORD_MUSTANG_MACH_E_MK1,driver_124,route_026,7,15
FORD_MUSTANG_MACH_E_MK1,driver_124,route_026,8,15
FORD_MUSTANG_MACH_E_MK1,driver_124,route_026,9,15
FORD_MUSTANG_MACH_E_MK1,driver_124,route_026,10,15
FORD_MUSTANG_MACH_E_MK1,driver_124,route_026,11,15
FORD_MUSTANG_MACH_E_MK1,driver_124,route_026,12,15
FORD_MUSTANG_MACH_E_MK1,driver_124,route_026,13,15
FORD_MUSTANG_MACH_E_MK1,driver_124,route_026,14,15
FORD_MUSTANG_MACH_E_MK1,driver_124,route_027,0,15
FORD_MUSTANG_MACH_E_MK1,driver_124,route_028,0,15
FORD_MUSTANG_MACH_E_MK1,driver_124,route_028,1,15
FORD_MUSTANG_MACH_E_MK1,driver_124,route_028,2,15
FORD_MUSTANG_MACH_E_MK1,driver_124,route_028,3,15
FORD_MUSTANG_MACH_E_MK1,driver_124,route_029,0,15
FORD_MUSTANG_MACH_E_MK1,driver_124,route_029,1,15
FORD_MUSTANG_MACH_E_MK1,driver_124,route_029,2,15
FORD_MUSTANG_MACH_E_MK1,driver_124,route_030,0,15
FORD_MUSTANG_MACH_E_MK1,driver_124,route_030,1,15
FORD_MUSTANG_MACH_E_MK1,driver_124,route_030,2,15
FORD_MUSTANG_MACH_E_MK1,driver_124,route_030,3,15
FORD_MUSTANG_MACH_E_MK1,driver_124,route_030,4,15
FORD_MUSTANG_MACH_E_MK1,driver_124,route_031,0,15
FORD_MUSTANG_MACH_E_MK1,driver_124,route_031,1,15
FORD_MUSTANG_MACH_E_MK1,driver_124,route_031,2,15
FORD_MUSTANG_MACH_E_MK1,driver_124,route_031,3,15
FORD_MUSTANG_MACH_E_MK1,driver_124,route_032,0,15
FORD_MUSTANG_MACH_E_MK1,driver_124,route_032,1,15
FORD_MUSTANG_MACH_E_MK1,driver_124,route_032,2,15
FORD_MUSTANG_MACH_E_MK1,driver_124,route_032,3,15
FORD_MUSTANG_MACH_E_MK1,driver_124,route_032,4,15
FORD_MUSTANG_MACH_E_MK1,driver_124,route_049,0,15
FORD_MUSTANG_MACH_E_MK1,driver_273,route_001,0,15
FORD_MUSTANG_MACH_E_MK1,driver_273,route_001,1,15
FORD_MUSTANG_MACH_E_MK1,driver_273,route_001,2,15
FORD_MUSTANG_MACH_E_MK1,driver_273,route_002,0,15
FORD_MUSTANG_MACH_E_MK1,driver_273,route_002,1,15
FORD_MUSTANG_MACH_E_MK1,driver_273,route_002,2,15
FORD_MUSTANG_MACH_E_MK1,driver_356,route_001,0,15
FORD_MUSTANG_MACH_E_MK1,driver_356,route_001,1,15
FORD_RANGER_MK2,driver_076,route_001,0,15
FORD_RANGER_MK2,driver_076,route_001,1,15
FORD_RANGER_MK2,driver_076,route_001,2,15
FORD_RANGER_MK2,driver_076,route_001,3,15
FORD_RANGER_MK2,driver_076,route_001,4,15
FORD_RANGER_MK2,driver_076,route_002,0,15
FORD_RANGER_MK2,driver_076,route_002,1,15
FORD_RANGER_MK2,driver_076,route_002,2,15
FORD_RANGER_MK2,driver_076,route_002,3,15
FORD_RANGER_MK2,driver_076,route_002,4,15
FORD_RANGER_MK2,driver_076,route_002,5,10
FORD_RANGER_MK2,driver_192,route_001,0,15
FORD_RANGER_MK2,driver_192,route_001,1,15
FORD_RANGER_MK2,driver_192,route_002,0,15
GENESIS_G70_1ST_GEN_FL,driver_219,route_007,0,15
GENESIS_G70_1ST_GEN_FL,driver_219,route_007,1,15
GENESIS_G70_1ST_GEN_FL,driver_219,route_010,0,15
GENESIS_G70_1ST_GEN_FL,driver_219,route_010,1,15
GENESIS_G70_1ST_GEN_FL,driver_219,route_010,2,15
GENESIS_G70_1ST_GEN_FL,driver_219,route_010,3,15
GENESIS_G70_1ST_GEN_FL,driver_219,route_010,4,15
GENESIS_G70_1ST_GEN_FL,driver_219,route_010,5,15
GENESIS_G70_1ST_GEN_FL,driver_219,route_010,6,15
GENESIS_G70_1ST_GEN_FL,driver_219,route_010,7,15
GENESIS_G70_1ST_GEN_FL,driver_219,route_010,8,15
GENESIS_G70_1ST_GEN_FL,driver_219,route_014,0,10
GENESIS_G70_1ST_GEN_FL,driver_219,route_014,1,10
GENESIS_G70_1ST_GEN_FL,driver_219,route_014,2,10
GENESIS_G70_1ST_GEN_FL,driver_219,route_014,3,10
GENESIS_G70_1ST_GEN_FL,driver_219,route_014,4,10
GENESIS_G70_1ST_GEN_FL,driver_219,route_014,5,10
GENESIS_G70_1ST_GEN_FL,driver_219,route_014,6,10
GENESIS_G70_1ST_GEN_FL,driver_219,route_016,0,15
GENESIS_G70_1ST_GEN_FL,driver_219,route_016,1,15
GENESIS_G70_1ST_GEN_FL,driver_219,route_016,2,15
GENESIS_G70_1ST_GEN_FL,driver_219,route_016,3,15
GENESIS_G70_1ST_GEN_FL,driver_219,route_016,4,15
GENESIS_G70_1ST_GEN_FL,driver_219,route_016,5,15
GENESIS_G70_1ST_GEN_FL,driver_219,route_016,6,15
GENESIS_G70_1ST_GEN_FL,driver_219,route_019,0,15
GENESIS_G70_1ST_GEN_FL,driver_219,route_019,1,15
GENESIS_G70_1ST_GEN_FL,driver_219,route_025,0,15
GENESIS_G70_1ST_GEN_FL,driver_219,route_025,1,15
GENESIS_G70_1ST_GEN_FL,driver_219,route_025,2,15
GENESIS_G70_1ST_GEN_FL,driver_219,route_030,0,15
GENESIS_G70_1ST_GEN_FL,driver_219,route_030,1,15
GENESIS_G70_1ST_GEN_FL,driver_219,route_030,2,15
GENESIS_G70_1ST_GEN_FL,driver_219,route_030,3,15
GENESIS_G70_1ST_GEN_FL,driver_219,route_030,4,15
GENESIS_G70_1ST_GEN_FL,driver_219,route_031,0,15
GENESIS_G70_1ST_GEN_FL,driver_219,route_031,1,15
GENESIS_G70_1ST_GEN_FL,driver_219,route_031,2,15
GENESIS_G70_1ST_GEN_FL,driver_219,route_031,3,15
GENESIS_G70_1ST_GEN_FL,driver_219,route_031,4,15
GENESIS_G70_1ST_GEN_FL,driver_219,route_031,5,15
GENESIS_G70_1ST_GEN_FL,driver_219,route_032,0,15
GENESIS_G70_1ST_GEN_FL,driver_219,route_032,1,15
GENESIS_G70_2024,driver_219,route_001,0,15
GENESIS_G70_2024,driver_219,route_001,1,15
GENESIS_G70_2024,driver_219,route_001,2,15
GENESIS_G70_2024,driver_219,route_001,3,15
GENESIS_G70_2024,driver_219,route_001,4,15
GENESIS_G70_2024,driver_219,route_001,5,15
GENESIS_G70_2024,driver_219,route_001,6,15
GENESIS_G70_2024,driver_219,route_001,7,15
GENESIS_G70_2024,driver_219,route_001,8,15
GENESIS_G70_2024,driver_219,route_002,0,15
GENESIS_G70_2024,driver_219,route_002,1,15
GENESIS_G70_2024,driver_219,route_002,2,15
GENESIS_G70_2024,driver_219,route_002,3,15
GENESIS_G70_2024,driver_219,route_002,4,15
GENESIS_G70_2024,driver_219,route_002,5,15
GENESIS_G70_2024,driver_219,route_002,6,15
GENESIS_G70_2024,driver_219,route_002,7,15
GENESIS_G70_2024,driver_219,route_002,8,15
GENESIS_G70_2024,driver_219,route_002,9,15
GENESIS_G70_2024,driver_219,route_002,10,10
GENESIS_G70_2024,driver_219,route_003,0,15
GENESIS_G70_2024,driver_219,route_003,1,15
GENESIS_G70_2024,driver_219,route_003,2,15
GENESIS_G70_2024,driver_219,route_003,3,15
GENESIS_G70_2024,driver_219,route_003,4,10
GENESIS_G70_2024,driver_219,route_004,0,15
GENESIS_G70_2024,driver_219,route_004,1,15
GENESIS_G70_2024,driver_219,route_004,2,15
GENESIS_G70_2024,driver_219,route_004,3,15
GENESIS_G70_2024,driver_219,route_004,4,15
GENESIS_G70_2024,driver_219,route_005,0,15
GENESIS_G70_2024,driver_219,route_005,1,15
GENESIS_G70_2024,driver_219,route_005,2,15
GENESIS_G70_2024,driver_219,route_005,3,15
GENESIS_G70_2024,driver_219,route_005,4,15
GENESIS_G70_2024,driver_219,route_005,5,15
GENESIS_G70_2024,driver_219,route_005,6,15
GENESIS_G70_2024,driver_219,route_005,7,15
GENESIS_G70_2024,driver_219,route_005,8,15
GENESIS_G70_2024,driver_219,route_005,9,10
GENESIS_G70_2024,driver_219,route_006,0,15
GENESIS_G70_2024,driver_219,route_006,1,15
GENESIS_G70_2024,driver_219,route_006,2,15
GENESIS_G70_2024,driver_219,route_006,3,15
GENESIS_G70_2024,driver_219,route_008,0,15
GENESIS_G70_2024,driver_219,route_008,1,10
GENESIS_G70_2024,driver_219,route_009,0,15
GENESIS_G70_2024,driver_219,route_009,1,15
GENESIS_G70_2024,driver_219,route_009,2,15
GENESIS_G70_2024,driver_219,route_009,3,15
GENESIS_G70_2024,driver_219,route_011,0,15
GENESIS_G70_2024,driver_219,route_011,1,15
GENESIS_G70_2024,driver_219,route_011,2,10
GENESIS_G70_2024,driver_219,route_012,0,15
GENESIS_G70_2024,driver_219,route_012,1,15
GENESIS_G70_2024,driver_219,route_012,2,15
GENESIS_G70_2024,driver_219,route_012,3,10
GENESIS_G70_2024,driver_219,route_013,0,15
GENESIS_G70_2024,driver_219,route_013,1,15
GENESIS_G70_2024,driver_219,route_015,0,15
GENESIS_G70_2024,driver_219,route_015,1,15
GENESIS_G70_2024,driver_219,route_015,2,15
GENESIS_G70_2024,driver_219,route_015,3,15
GENESIS_G70_2024,driver_219,route_015,4,15
GENESIS_G70_2024,driver_219,route_015,5,15
GENESIS_G70_2024,driver_219,route_015,6,15
GENESIS_G70_2024,driver_219,route_015,7,15
GENESIS_G70_2024,driver_219,route_015,8,15
GENESIS_G70_2024,driver_219,route_015,9,15
GENESIS_G70_2024,driver_219,route_017,0,15
GENESIS_G70_2024,driver_219,route_017,1,15
GENESIS_G70_2024,driver_219,route_018,0,15
GENESIS_G70_2024,driver_219,route_018,1,15
GENESIS_G70_2024,driver_219,route_020,0,15
GENESIS_G70_2024,driver_219,route_021,0,15
GENESIS_G70_2024,driver_219,route_022,0,15
GENESIS_G70_2024,driver_219,route_022,1,15
GENESIS_G70_2024,driver_219,route_023,0,15
GENESIS_G70_2024,driver_219,route_023,1,15
GENESIS_G70_2024,driver_219,route_023,2,15
GENESIS_G70_2024,driver_219,route_023,3,15
GENESIS_G70_2024,driver_219,route_023,4,15
GENESIS_G70_2024,driver_219,route_023,5,15
GENESIS_G70_2024,driver_219,route_023,6,15
GENESIS_G70_2024,driver_219,route_024,0,15
GENESIS_G70_2024,driver_219,route_024,1,15
GENESIS_G70_2024,driver_219,route_024,2,15
GENESIS_G70_2024,driver_219,route_026,0,15
GENESIS_G70_2024,driver_219,route_026,1,15
GENESIS_G70_2024,driver_219,route_026,2,15
GENESIS_G70_2024,driver_219,route_026,3,15
GENESIS_G70_2024,driver_219,route_026,4,15
GENESIS_G70_2024,driver_219,route_026,5,15
GENESIS_G70_2024,driver_219,route_026,6,15
GENESIS_G70_2024,driver_219,route_027,0,15
GENESIS_G70_2024,driver_219,route_027,1,15
GENESIS_G70_2024,driver_219,route_027,2,15
GENESIS_G70_2024,driver_219,route_027,3,15
GENESIS_G70_2024,driver_219,route_027,4,15
GENESIS_G70_2024,driver_219,route_028,0,15
GENESIS_G70_2024,driver_219,route_028,1,15
GENESIS_G70_2024,driver_219,route_028,2,15
GENESIS_G70_2024,driver_219,route_028,3,15
GENESIS_G70_2024,driver_219,route_029,0,15
GENESIS_G70_2024,driver_219,route_029,1,15
GENESIS_G70_2024,driver_219,route_029,2,15
GENESIS_G70_2024,driver_219,route_029,3,15
GENESIS_G70_2024,driver_219,route_029,4,15
GENESIS_G70_2024,driver_219,route_029,5,15
GENESIS_G70_2024,driver_219,route_029,6,15
GENESIS_G70_2024,driver_248,route_001,0,15
GENESIS_G70_2024,driver_248,route_001,1,15
GENESIS_G70_2024,driver_248,route_001,2,15
GENESIS_G70_2024,driver_248,route_001,3,15
GENESIS_G70_2024,driver_248,route_001,4,15
GENESIS_GV60_EV_1ST_GEN,driver_236,route_001,0,15
GENESIS_GV60_EV_1ST_GEN,driver_236,route_001,1,15
GENESIS_GV60_EV_1ST_GEN,driver_236,route_001,2,15
GENESIS_GV60_EV_1ST_GEN,driver_236,route_002,0,15
GENESIS_GV60_EV_1ST_GEN,driver_236,route_002,1,15
GENESIS_GV60_EV_1ST_GEN,driver_236,route_003,0,15
GENESIS_GV60_EV_1ST_GEN,driver_236,route_003,1,15
GENESIS_GV60_EV_1ST_GEN,driver_236,route_003,2,15
GENESIS_GV60_EV_1ST_GEN,driver_236,route_003,3,15
GENESIS_GV60_EV_1ST_GEN,driver_236,route_004,0,15
GENESIS_GV60_EV_1ST_GEN,driver_236,route_004,1,15
GENESIS_GV60_EV_1ST_GEN,driver_236,route_004,2,15
GENESIS_GV60_EV_1ST_GEN,driver_236,route_004,3,15
GENESIS_GV60_EV_1ST_GEN,driver_236,route_004,4,15
GENESIS_GV60_EV_1ST_GEN,driver_236,route_004,5,15
GENESIS_GV60_EV_1ST_GEN,driver_236,route_004,6,15
GENESIS_GV60_EV_1ST_GEN,driver_236,route_004,7,15
GENESIS_GV60_EV_1ST_GEN,driver_236,route_005,0,15
GENESIS_GV60_EV_1ST_GEN,driver_236,route_005,1,15
GENESIS_GV60_EV_1ST_GEN,driver_236,route_005,2,15
GENESIS_GV60_EV_1ST_GEN,driver_236,route_005,3,15
GENESIS_GV60_EV_1ST_GEN,driver_236,route_005,4,15
GENESIS_GV60_EV_1ST_GEN,driver_236,route_005,5,15
GENESIS_GV60_EV_1ST_GEN,driver_236,route_005,6,15
GENESIS_GV60_EV_1ST_GEN,driver_236,route_005,7,15
GENESIS_GV60_EV_1ST_GEN,driver_236,route_006,0,15
GENESIS_GV60_EV_1ST_GEN,driver_236,route_006,1,15
GENESIS_GV60_EV_1ST_GEN,driver_236,route_006,2,15
GENESIS_GV60_EV_1ST_GEN,driver_236,route_006,3,15
GENESIS_GV60_EV_1ST_GEN,driver_236,route_006,4,15
GENESIS_GV60_EV_1ST_GEN,driver_236,route_006,5,15
GENESIS_GV60_EV_1ST_GEN,driver_236,route_006,6,15
GENESIS_GV60_EV_1ST_GEN,driver_236,route_007,0,15
GENESIS_GV60_EV_1ST_GEN,driver_236,route_007,1,15
GENESIS_GV60_EV_1ST_GEN,driver_236,route_007,2,15
GENESIS_GV60_EV_1ST_GEN,driver_236,route_007,3,15
GENESIS_GV60_EV_1ST_GEN,driver_236,route_007,4,15
GENESIS_GV60_EV_1ST_GEN,driver_236,route_007,5,15
GENESIS_GV60_EV_1ST_GEN,driver_236,route_007,6,15
GENESIS_GV60_EV_1ST_GEN,driver_236,route_007,7,15
GENESIS_GV60_EV_1ST_GEN,driver_236,route_007,8,15
GENESIS_GV60_EV_1ST_GEN,driver_236,route_007,9,15
GENESIS_GV60_EV_1ST_GEN,driver_236,route_007,10,15
GENESIS_GV60_EV_1ST_GEN,driver_236,route_007,11,15
GENESIS_GV60_EV_1ST_GEN,driver_236,route_008,0,15
GENESIS_GV60_EV_1ST_GEN,driver_236,route_008,1,15
GENESIS_GV60_EV_1ST_GEN,driver_236,route_009,0,15
GENESIS_GV60_EV_1ST_GEN,driver_236,route_009,1,15
GENESIS_GV60_EV_1ST_GEN,driver_236,route_009,2,15
GENESIS_GV60_EV_1ST_GEN,driver_236,route_009,3,15
GENESIS_GV60_EV_1ST_GEN,driver_236,route_009,4,15
GENESIS_GV60_EV_1ST_GEN,driver_236,route_009,5,15
GENESIS_GV60_EV_1ST_GEN,driver_236,route_009,6,15
GENESIS_GV60_EV_1ST_GEN,driver_236,route_009,7,15
GENESIS_GV60_EV_1ST_GEN,driver_236,route_010,0,15
GENESIS_GV60_EV_1ST_GEN,driver_236,route_010,1,15
GENESIS_GV60_EV_1ST_GEN,driver_236,route_010,2,15
GENESIS_GV60_EV_1ST_GEN,driver_236,route_010,3,15
GENESIS_GV60_EV_1ST_GEN,driver_236,route_010,4,15
GENESIS_GV70_1ST_GEN,driver_096,route_001,0,15
GENESIS_GV70_1ST_GEN,driver_096,route_001,1,15
GENESIS_GV70_1ST_GEN,driver_096,route_001,2,15
GENESIS_GV70_1ST_GEN,driver_096,route_001,3,15
GENESIS_GV70_1ST_GEN,driver_096,route_001,4,15
GENESIS_GV70_1ST_GEN,driver_096,route_001,5,15
GENESIS_GV70_1ST_GEN,driver_096,route_001,6,15
GENESIS_GV70_1ST_GEN,driver_096,route_001,7,15
GENESIS_GV70_1ST_GEN,driver_096,route_001,8,15
GENESIS_GV70_1ST_GEN,driver_096,route_001,9,15
GENESIS_GV70_1ST_GEN,driver_096,route_001,10,15
GENESIS_GV70_1ST_GEN,driver_096,route_001,11,15
GENESIS_GV70_1ST_GEN,driver_096,route_001,12,15
GENESIS_GV70_1ST_GEN,driver_096,route_001,13,15
GENESIS_GV70_1ST_GEN,driver_096,route_001,14,15
GENESIS_GV70_1ST_GEN,driver_096,route_001,15,15
GENESIS_GV70_1ST_GEN,driver_096,route_001,16,15
GENESIS_GV70_1ST_GEN,driver_096,route_002,0,15
GENESIS_GV70_1ST_GEN,driver_096,route_002,1,15
GENESIS_GV70_1ST_GEN,driver_096,route_002,2,15
GENESIS_GV70_1ST_GEN,driver_096,route_002,3,15
GENESIS_GV70_1ST_GEN,driver_096,route_002,4,15
GENESIS_GV70_1ST_GEN,driver_096,route_002,5,15
GENESIS_GV70_1ST_GEN,driver_096,route_002,6,15
GENESIS_GV70_1ST_GEN,driver_096,route_002,7,15
GENESIS_GV70_1ST_GEN,driver_096,route_002,8,15
GENESIS_GV70_1ST_GEN,driver_096,route_002,9,15
GENESIS_GV70_1ST_GEN,driver_329,route_001,0,15
GENESIS_GV70_1ST_GEN,driver_329,route_002,0,15
GENESIS_GV70_1ST_GEN,driver_329,route_002,1,15
GENESIS_GV70_1ST_GEN,driver_329,route_002,2,15
GENESIS_GV70_1ST_GEN,driver_329,route_003,0,15
GENESIS_GV80,driver_150,route_001,0,15
GENESIS_GV80,driver_150,route_001,1,15
GENESIS_GV80,driver_150,route_001,2,15
GENESIS_GV80,driver_150,route_001,3,15
GENESIS_GV80_2024,driver_081,route_001,0,15
GENESIS_GV80_2024,driver_081,route_001,1,15
GENESIS_GV80_2024,driver_081,route_001,2,15
GENESIS_GV80_2024,driver_081,route_001,3,10
GENESIS_GV80_2025,driver_058,route_001,0,15
GENESIS_GV80_2025,driver_058,route_002,0,15
GENESIS_GV80_2025,driver_058,route_002,1,15
GENESIS_GV80_2025,driver_058,route_002,2,15
GENESIS_GV80_2025,driver_058,route_002,3,15
HONDA_ACCORD,driver_035,route_001,0,15
HONDA_ACCORD,driver_035,route_001,1,15
HONDA_ACCORD,driver_035,route_001,2,15
HONDA_ACCORD,driver_035,route_001,3,15
HONDA_ACCORD,driver_035,route_001,4,15
HONDA_ACCORD,driver_035,route_001,5,15
HONDA_ACCORD,driver_035,route_001,6,15
HONDA_ACCORD,driver_035,route_001,7,15
HONDA_ACCORD,driver_035,route_001,8,15
HONDA_ACCORD,driver_035,route_001,9,15
HONDA_ACCORD,driver_035,route_001,10,15
HONDA_ACCORD,driver_035,route_001,11,15
HONDA_ACCORD,driver_035,route_001,12,15
HONDA_ACCORD,driver_035,route_001,13,15
HONDA_ACCORD,driver_035,route_001,14,15
HONDA_ACCORD,driver_035,route_001,15,15
HONDA_ACCORD,driver_035,route_001,16,15
HONDA_ACCORD,driver_035,route_001,17,15
HONDA_ACCORD,driver_035,route_001,18,15
HONDA_ACCORD,driver_035,route_001,19,15
HONDA_ACCORD,driver_035,route_001,20,15
HONDA_ACCORD,driver_035,route_001,21,15
HONDA_ACCORD,driver_035,route_001,22,15
HONDA_ACCORD,driver_035,route_001,23,15
HONDA_ACCORD,driver_035,route_001,24,15
HONDA_ACCORD,driver_035,route_001,25,15
HONDA_ACCORD,driver_035,route_001,26,15
HONDA_ACCORD,driver_257,route_001,0,15
HONDA_ACCORD,driver_257,route_001,1,15
HONDA_ACCORD,driver_257,route_001,2,15
HONDA_ACCORD,driver_257,route_001,3,15
HONDA_ACCORD,driver_257,route_001,4,15
HONDA_ACCORD,driver_257,route_001,5,15
HONDA_ACCORD,driver_257,route_001,6,15
HONDA_ACCORD,driver_257,route_001,7,15
HONDA_ACCORD,driver_257,route_001,8,15
HONDA_ACCORD,driver_257,route_001,9,15
HONDA_ACCORD,driver_257,route_001,10,15
HONDA_ACCORD,driver_257,route_001,11,15
HONDA_ACCORD,driver_257,route_001,12,15
HONDA_ACCORD,driver_257,route_001,13,15
HONDA_ACCORD,driver_257,route_001,14,10
HONDA_ACCORD,driver_257,route_001,15,10
HONDA_ACCORD,driver_257,route_002,0,15
HONDA_ACCORD,driver_257,route_002,1,15
HONDA_ACCORD,driver_257,route_003,0,15
HONDA_ACCORD,driver_310,route_001,0,15
HONDA_ACCORD,driver_310,route_001,1,15
HONDA_ACCORD,driver_310,route_001,2,15
HONDA_ACCORD,driver_310,route_001,3,15
HONDA_ACCORD_11G,driver_046,route_001,0,15
HONDA_ACCORD_11G,driver_046,route_001,1,15
HONDA_ACCORD_11G,driver_046,route_001,2,15
HONDA_ACCORD_11G,driver_046,route_001,3,15
HONDA_ACCORD_11G,driver_046,route_001,4,15
HONDA_ACCORD_11G,driver_046,route_001,5,15
HONDA_ACCORD_11G,driver_046,route_002,0,15
HONDA_ACCORD_11G,driver_046,route_002,1,15
HONDA_ACCORD_11G,driver_046,route_003,0,15
HONDA_ACCORD_11G,driver_112,route_001,0,15
HONDA_ACCORD_11G,driver_112,route_001,1,15
HONDA_ACCORD_11G,driver_112,route_001,2,15
HONDA_ACCORD_11G,driver_112,route_001,3,15
HONDA_ACCORD_11G,driver_112,route_002,0,15
HONDA_ACCORD_11G,driver_112,route_002,1,15
HONDA_ACCORD_11G,driver_112,route_002,2,15
HONDA_ACCORD_11G,driver_112,route_002,3,15
HONDA_ACCORD_11G,driver_112,route_002,4,15
HONDA_ACCORD_11G,driver_112,route_002,5,15
HONDA_ACCORD_11G,driver_147,route_001,0,10
HONDA_ACCORD_11G,driver_147,route_001,1,10
HONDA_ACCORD_11G,driver_147,route_001,2,10
HONDA_ACCORD_11G,driver_147,route_001,3,10
HONDA_ACCORD_11G,driver_147,route_001,4,10
HONDA_ACCORD_11G,driver_147,route_001,5,10
HONDA_ACCORD_11G,driver_147,route_001,6,10
HONDA_ACCORD_11G,driver_147,route_001,7,10
HONDA_ACCORD_11G,driver_147,route_001,8,10
HONDA_ACCORD_11G,driver_147,route_001,9,10
HONDA_ACCORD_11G,driver_147,route_001,10,10
HONDA_ACCORD_11G,driver_147,route_001,11,10
HONDA_ACCORD_11G,driver_147,route_001,12,10
HONDA_ACCORD_11G,driver_147,route_001,13,10
HONDA_ACCORD_11G,driver_147,route_001,14,10
HONDA_ACCORD_11G,driver_147,route_001,15,10
HONDA_ACCORD_11G,driver_147,route_001,16,10
HONDA_ACCORD_11G,driver_147,route_001,17,10
HONDA_ACCORD_11G,driver_147,route_001,18,10
HONDA_ACCORD_11G,driver_147,route_001,19,10
HONDA_ACCORD_11G,driver_147,route_001,20,10
HONDA_ACCORD_11G,driver_147,route_001,21,10
HONDA_ACCORD_11G,driver_147,route_001,22,10
HONDA_ACCORD_11G,driver_147,route_001,23,10
HONDA_ACCORD_11G,driver_147,route_001,24,10
HONDA_ACCORD_11G,driver_147,route_001,25,10
HONDA_ACCORD_11G,driver_147,route_001,26,10
HONDA_ACCORD_11G,driver_147,route_001,27,10
HONDA_ACCORD_11G,driver_147,route_002,0,10
HONDA_ACCORD_11G,driver_147,route_002,1,10
HONDA_ACCORD_11G,driver_147,route_002,2,10
HONDA_ACCORD_11G,driver_147,route_002,3,10
HONDA_ACCORD_11G,driver_147,route_002,4,10
HONDA_ACCORD_11G,driver_147,route_002,5,10
HONDA_ACCORD_11G,driver_147,route_002,6,10
HONDA_ACCORD_11G,driver_147,route_002,7,10
HONDA_ACCORD_11G,driver_147,route_002,8,10
HONDA_ACCORD_11G,driver_147,route_002,9,10
HONDA_ACCORD_11G,driver_147,route_002,10,10
HONDA_ACCORD_11G,driver_147,route_002,11,10
HONDA_ACCORD_11G,driver_147,route_002,12,10
HONDA_ACCORD_11G,driver_147,route_002,13,10
HONDA_ACCORD_11G,driver_147,route_002,14,10
HONDA_ACCORD_11G,driver_147,route_002,15,10
HONDA_ACCORD_11G,driver_147,route_002,16,10
HONDA_ACCORD_11G,driver_147,route_003,0,10
HONDA_ACCORD_11G,driver_147,route_003,1,10
HONDA_ACCORD_11G,driver_147,route_004,0,10
HONDA_ACCORD_11G,driver_147,route_004,1,10
HONDA_ACCORD_11G,driver_147,route_004,2,10
HONDA_ACCORD_11G,driver_147,route_004,3,10
HONDA_ACCORD_11G,driver_147,route_004,4,10
HONDA_ACCORD_11G,driver_147,route_004,5,10
HONDA_ACCORD_11G,driver_147,route_004,6,10
HONDA_ACCORD_11G,driver_147,route_004,7,10
HONDA_ACCORD_11G,driver_147,route_004,8,10
HONDA_ACCORD_11G,driver_147,route_005,0,10
HONDA_ACCORD_11G,driver_147,route_005,1,10
HONDA_ACCORD_11G,driver_147,route_005,2,10
HONDA_ACCORD_11G,driver_147,route_005,3,10
HONDA_ACCORD_11G,driver_147,route_005,4,10
HONDA_ACCORD_11G,driver_147,route_005,5,10
HONDA_ACCORD_11G,driver_147,route_005,6,10
HONDA_ACCORD_11G,driver_147,route_005,7,10
HONDA_ACCORD_11G,driver_147,route_005,8,10
HONDA_ACCORD_11G,driver_147,route_006,0,10
HONDA_ACCORD_11G,driver_147,route_006,1,10
HONDA_ACCORD_11G,driver_147,route_006,2,10
HONDA_ACCORD_11G,driver_147,route_006,3,10
HONDA_ACCORD_11G,driver_147,route_006,4,10
HONDA_ACCORD_11G,driver_147,route_006,5,10
HONDA_ACCORD_11G,driver_147,route_006,6,10
HONDA_ACCORD_11G,driver_147,route_006,7,10
HONDA_ACCORD_11G,driver_147,route_006,8,10
HONDA_ACCORD_11G,driver_147,route_006,9,10
HONDA_ACCORD_11G,driver_147,route_006,10,10
HONDA_ACCORD_11G,driver_147,route_006,11,10
HONDA_ACCORD_11G,driver_147,route_006,12,10
HONDA_ACCORD_HYBRID_2018,driver_251,route_123,0,15
HONDA_ACCORD_HYBRID_2018,driver_251,route_123,1,15
HONDA_ACCORD_HYBRID_2018,driver_251,route_123,2,15
HONDA_ACCORD_HYBRID_2018,driver_251,route_123,3,15
HONDA_ACCORD_HYBRID_2018,driver_251,route_123,4,15
HONDA_ACCORD_HYBRID_2018,driver_251,route_123,5,15
HONDA_ACCORD_HYBRID_2018,driver_251,route_123,6,15
HONDA_ACCORD_HYBRID_2018,driver_251,route_123,7,15
HONDA_ACCORD_HYBRID_2018,driver_251,route_124,0,15
HONDA_ACCORD_HYBRID_2018,driver_251,route_124,1,15
HONDA_ACCORD_HYBRID_2018,driver_251,route_124,2,15
HONDA_ACCORD_HYBRID_2018,driver_251,route_124,3,15
HONDA_ACCORD_HYBRID_2018,driver_251,route_124,4,15
HONDA_ACCORD_HYBRID_2018,driver_251,route_124,5,15
HONDA_ACCORD_HYBRID_2018,driver_251,route_125,0,15
HONDA_ACCORD_HYBRID_2018,driver_251,route_125,1,15
HONDA_ACCORD_HYBRID_2018,driver_251,route_126,0,15
HONDA_ACCORD_HYBRID_2018,driver_251,route_126,1,15
HONDA_ACCORD_HYBRID_2018,driver_251,route_126,2,15
HONDA_ACCORD_HYBRID_2018,driver_251,route_126,3,15
HONDA_ACCORD_HYBRID_2018,driver_251,route_126,4,15
HONDA_ACCORD_HYBRID_2018,driver_251,route_127,0,15
HONDA_ACCORD_HYBRID_2018,driver_251,route_128,0,15
HONDA_ACCORD_HYBRID_2018,driver_251,route_128,1,15
HONDA_ACCORD_HYBRID_2018,driver_251,route_129,0,15
HONDA_ACCORD_HYBRID_2018,driver_251,route_130,0,10
HONDA_ACCORD_HYBRID_2018,driver_251,route_130,1,10
HONDA_ACCORD_HYBRID_2018,driver_251,route_130,2,10
HONDA_ACCORD_HYBRID_2018,driver_251,route_130,3,10
HONDA_ACCORD_HYBRID_2018,driver_251,route_130,4,10
HONDA_ACCORD_HYBRID_2018,driver_251,route_131,0,15
HONDA_ACCORD_HYBRID_2018,driver_251,route_131,1,15
HONDA_ACCORD_HYBRID_2018,driver_251,route_132,0,15
HONDA_ACCORD_HYBRID_2018,driver_251,route_132,1,15
HONDA_ACCORD_HYBRID_2018,driver_251,route_133,0,15
HONDA_ACCORD_HYBRID_2018,driver_251,route_133,1,15
HONDA_ACCORD_HYBRID_2018,driver_251,route_133,2,15
HONDA_ACCORD_HYBRID_2018,driver_251,route_133,3,15
HONDA_ACCORD_HYBRID_2018,driver_251,route_134,0,15
HONDA_ACCORD_HYBRID_2018,driver_251,route_134,1,15
HONDA_ACCORD_HYBRID_2018,driver_251,route_134,2,15
HONDA_ACCORD_HYBRID_2018,driver_251,route_134,3,15
HONDA_ACCORD_HYBRID_2018,driver_251,route_134,4,15
HONDA_ACCORD_HYBRID_2018,driver_251,route_134,5,15
HONDA_ACCORD_HYBRID_2018,driver_251,route_134,6,15
HONDA_ACCORD_HYBRID_2018,driver_251,route_134,7,15
HONDA_ACCORD_HYBRID_2018,driver_251,route_134,8,15
HONDA_ACCORD_HYBRID_2018,driver_251,route_134,9,15
HONDA_ACCORD_HYBRID_2018,driver_251,route_135,0,15
HONDA_ACCORD_HYBRID_2018,driver_251,route_135,1,15
HONDA_ACCORD_HYBRID_2018,driver_251,route_135,2,15
HONDA_ACCORD_HYBRID_2018,driver_251,route_135,3,15
HONDA_ACCORD_HYBRID_2018,driver_251,route_135,4,15
HONDA_ACCORD_HYBRID_2018,driver_251,route_135,5,15
HONDA_ACCORD_HYBRID_2018,driver_251,route_136,0,15
HONDA_ACCORD_HYBRID_2018,driver_251,route_136,1,15
HONDA_ACCORD_HYBRID_2018,driver_251,route_136,2,15
HONDA_ACCORD_HYBRID_2018,driver_251,route_136,3,15
HONDA_ACCORD_HYBRID_2018,driver_251,route_137,0,15
HONDA_ACCORD_HYBRID_2018,driver_251,route_138,0,15
HONDA_ACCORD_HYBRID_2018,driver_251,route_138,1,15
HONDA_ACCORD_HYBRID_2018,driver_251,route_139,0,15
HONDA_ACCORD_HYBRID_2018,driver_251,route_139,1,15
HONDA_ACCORD_HYBRID_2018,driver_251,route_139,2,15
HONDA_ACCORD_HYBRID_2018,driver_251,route_140,0,15
HONDA_ACCORD_HYBRID_2018,driver_251,route_140,1,15
HONDA_ACCORD_HYBRID_2018,driver_251,route_170,0,15
HONDA_ACCORD_HYBRID_2018,driver_251,route_170,1,15
HONDA_ACCORD_HYBRID_2018,driver_251,route_170,2,15
HONDA_ACCORD_HYBRID_2018,driver_251,route_170,3,15
HONDA_CITY_7G,driver_131,route_001,0,15
HONDA_CITY_7G,driver_131,route_001,1,15
HONDA_CITY_7G,driver_131,route_001,2,15
HONDA_CITY_7G,driver_131,route_001,3,15
HONDA_CITY_7G,driver_131,route_001,4,15
HONDA_CITY_7G,driver_131,route_001,5,15
HONDA_CITY_7G,driver_131,route_001,6,15
HONDA_CITY_7G,driver_131,route_001,7,15
HONDA_CITY_7G,driver_131,route_001,8,15
HONDA_CITY_7G,driver_131,route_002,0,15
HONDA_CITY_7G,driver_131,route_002,1,15
HONDA_CITY_7G,driver_131,route_002,2,15
HONDA_CITY_7G,driver_131,route_002,3,15
HONDA_CITY_7G,driver_131,route_002,4,15
HONDA_CITY_7G,driver_131,route_002,5,15
HONDA_CITY_7G,driver_131,route_002,6,15
HONDA_CITY_7G,driver_131,route_002,7,15
HONDA_CITY_7G,driver_131,route_002,8,10
HONDA_CITY_7G,driver_131,route_003,0,15
HONDA_CITY_7G,driver_131,route_003,1,15
HONDA_CITY_7G,driver_131,route_003,2,15
HONDA_CITY_7G,driver_131,route_003,3,15
HONDA_CITY_7G,driver_131,route_003,4,15
HONDA_CITY_7G,driver_131,route_003,5,10
HONDA_CITY_7G,driver_131,route_004,0,15
HONDA_CITY_7G,driver_131,route_004,1,15
HONDA_CITY_7G,driver_131,route_004,2,15
HONDA_CITY_7G,driver_131,route_004,3,15
HONDA_CITY_7G,driver_131,route_005,0,15
HONDA_CITY_7G,driver_131,route_005,1,15
HONDA_CITY_7G,driver_131,route_006,0,15
HONDA_CITY_7G,driver_131,route_006,1,15
HONDA_CITY_7G,driver_131,route_006,2,15
HONDA_CITY_7G,driver_131,route_006,3,15
HONDA_CITY_7G,driver_131,route_006,4,15
HONDA_CITY_7G,driver_131,route_006,5,15
HONDA_CITY_7G,driver_131,route_006,6,15
HONDA_CITY_7G,driver_131,route_006,7,15
HONDA_CITY_7G,driver_131,route_007,0,15
HONDA_CITY_7G,driver_131,route_007,1,15
HONDA_CITY_7G,driver_131,route_007,2,15
HONDA_CITY_7G,driver_131,route_007,3,15
HONDA_CITY_7G,driver_131,route_007,4,15
HONDA_CITY_7G,driver_131,route_008,0,15
HONDA_CITY_7G,driver_131,route_008,1,15
HONDA_CITY_7G,driver_131,route_009,0,15
HONDA_CITY_7G,driver_131,route_009,1,15
HONDA_CITY_7G,driver_131,route_009,2,15
HONDA_CITY_7G,driver_131,route_009,3,15
HONDA_CITY_7G,driver_131,route_009,4,15
HONDA_CITY_7G,driver_131,route_009,5,15
HONDA_CITY_7G,driver_131,route_009,6,15
HONDA_CITY_7G,driver_131,route_009,7,15
HONDA_CITY_7G,driver_131,route_009,8,15
HONDA_CITY_7G,driver_131,route_009,9,15
HONDA_CITY_7G,driver_131,route_009,10,15
HONDA_CITY_7G,driver_131,route_010,0,15
HONDA_CITY_7G,driver_131,route_010,1,15
HONDA_CITY_7G,driver_131,route_010,2,15
HONDA_CITY_7G,driver_131,route_010,3,15
HONDA_CITY_7G,driver_131,route_010,4,15
HONDA_CITY_7G,driver_131,route_010,5,15
HONDA_CITY_7G,driver_131,route_010,6,15
HONDA_CITY_7G,driver_131,route_010,7,15
HONDA_CITY_7G,driver_131,route_011,0,15
HONDA_CIVIC,driver_039,route_001,0,10
HONDA_CIVIC,driver_039,route_001,1,10
HONDA_CIVIC,driver_039,route_001,2,10
HONDA_CIVIC,driver_039,route_001,3,10
HONDA_CIVIC,driver_039,route_001,4,10
HONDA_CIVIC,driver_039,route_001,5,10
HONDA_CIVIC,driver_039,route_001,6,10
HONDA_CIVIC,driver_039,route_001,7,10
HONDA_CIVIC,driver_039,route_001,8,10
HONDA_CIVIC,driver_039,route_001,9,10
HONDA_CIVIC,driver_039,route_002,0,10
HONDA_CIVIC,driver_039,route_002,1,10
HONDA_CIVIC,driver_039,route_002,2,10
HONDA_CIVIC,driver_039,route_002,3,10
HONDA_CIVIC,driver_039,route_003,0,10
HONDA_CIVIC,driver_039,route_003,1,10
HONDA_CIVIC,driver_039,route_003,2,10
HONDA_CIVIC,driver_039,route_003,3,10
HONDA_CIVIC,driver_039,route_003,4,10
HONDA_CIVIC,driver_039,route_004,0,10
HONDA_CIVIC,driver_039,route_004,1,10
HONDA_CIVIC,driver_039,route_004,2,10
HONDA_CIVIC,driver_039,route_005,0,10
HONDA_CIVIC,driver_039,route_005,1,10
HONDA_CIVIC,driver_039,route_005,2,10
HONDA_CIVIC,driver_039,route_005,3,10
HONDA_CIVIC,driver_039,route_005,4,10
HONDA_CIVIC,driver_039,route_005,5,10
HONDA_CIVIC,driver_039,route_005,6,10
HONDA_CIVIC,driver_039,route_006,0,10
HONDA_CIVIC,driver_039,route_006,1,10
HONDA_CIVIC,driver_039,route_006,2,10
HONDA_CIVIC,driver_039,route_006,3,10
HONDA_CIVIC,driver_039,route_007,0,10
HONDA_CIVIC,driver_039,route_007,1,10
HONDA_CIVIC,driver_039,route_007,2,10
HONDA_CIVIC,driver_039,route_007,3,10
HONDA_CIVIC,driver_039,route_007,4,10
HONDA_CIVIC,driver_039,route_007,5,10
HONDA_CIVIC,driver_039,route_008,0,10
HONDA_CIVIC,driver_039,route_008,1,10
HONDA_CIVIC,driver_120,route_001,0,10
HONDA_CIVIC,driver_120,route_001,1,10
HONDA_CIVIC,driver_120,route_001,2,10
HONDA_CIVIC,driver_120,route_001,3,10
HONDA_CIVIC,driver_120,route_001,4,10
HONDA_CIVIC,driver_120,route_002,0,10
HONDA_CIVIC,driver_120,route_002,1,10
HONDA_CIVIC,driver_120,route_002,2,10
HONDA_CIVIC,driver_120,route_002,3,10
HONDA_CIVIC,driver_120,route_002,4,10
HONDA_CIVIC,driver_120,route_002,5,10
HONDA_CIVIC,driver_120,route_002,6,10
HONDA_CIVIC,driver_120,route_002,7,10
HONDA_CIVIC,driver_120,route_002,8,10
HONDA_CIVIC,driver_120,route_002,9,10
HONDA_CIVIC,driver_120,route_002,10,10
HONDA_CIVIC,driver_120,route_002,11,10
HONDA_CIVIC,driver_120,route_002,12,10
HONDA_CIVIC,driver_120,route_003,0,10
HONDA_CIVIC,driver_120,route_003,1,10
HONDA_CIVIC,driver_120,route_003,2,10
HONDA_CIVIC,driver_120,route_003,3,10
HONDA_CIVIC,driver_120,route_004,0,10
HONDA_CIVIC,driver_120,route_004,1,10
HONDA_CIVIC,driver_120,route_005,0,10
HONDA_CIVIC,driver_120,route_005,1,10
HONDA_CIVIC,driver_120,route_005,2,10
HONDA_CIVIC,driver_120,route_005,3,10
HONDA_CIVIC,driver_120,route_005,4,10
HONDA_CIVIC,driver_120,route_005,5,10
HONDA_CIVIC,driver_120,route_005,6,10
HONDA_CIVIC,driver_120,route_005,7,10
HONDA_CIVIC,driver_120,route_005,8,10
HONDA_CIVIC,driver_120,route_006,0,10
HONDA_CIVIC,driver_120,route_006,1,10
HONDA_CIVIC,driver_120,route_006,2,10
HONDA_CIVIC,driver_120,route_006,3,10
HONDA_CIVIC,driver_120,route_006,4,10
HONDA_CIVIC,driver_120,route_006,5,10
HONDA_CIVIC,driver_120,route_006,6,10
HONDA_CIVIC,driver_120,route_006,7,10
HONDA_CIVIC,driver_120,route_006,8,10
HONDA_CIVIC,driver_120,route_006,9,10
HONDA_CIVIC,driver_120,route_006,10,10
HONDA_CIVIC,driver_120,route_006,11,10
HONDA_CIVIC,driver_120,route_007,0,10
HONDA_CIVIC,driver_120,route_008,0,10
HONDA_CIVIC,driver_120,route_008,1,10
HONDA_CIVIC,driver_120,route_008,2,10
HONDA_CIVIC,driver_120,route_008,3,10
HONDA_CIVIC,driver_120,route_008,4,10
HONDA_CIVIC,driver_120,route_008,5,10
HONDA_CIVIC,driver_120,route_008,6,10
HONDA_CIVIC,driver_120,route_008,7,10
HONDA_CIVIC,driver_120,route_008,8,10
HONDA_CIVIC,driver_120,route_008,9,10
HONDA_CIVIC,driver_120,route_008,10,10
HONDA_CIVIC,driver_120,route_008,11,10
HONDA_CIVIC,driver_120,route_009,0,10
HONDA_CIVIC,driver_120,route_009,1,10
HONDA_CIVIC,driver_120,route_009,2,10
HONDA_CIVIC,driver_120,route_009,3,10
HONDA_CIVIC,driver_120,route_010,0,10
HONDA_CIVIC,driver_120,route_010,1,10
HONDA_CIVIC,driver_120,route_010,2,10
HONDA_CIVIC,driver_120,route_010,3,10
HONDA_CIVIC,driver_120,route_010,4,10
HONDA_CIVIC,driver_120,route_010,5,10
HONDA_CIVIC,driver_120,route_010,6,10
HONDA_CIVIC,driver_120,route_010,7,10
HONDA_CIVIC,driver_120,route_011,0,10
HONDA_CIVIC,driver_120,route_011,1,10
HONDA_CIVIC,driver_120,route_011,2,10
HONDA_CIVIC,driver_120,route_011,3,10
HONDA_CIVIC,driver_120,route_011,4,10
HONDA_CIVIC,driver_120,route_011,5,10
HONDA_CIVIC,driver_166,route_001,0,15
HONDA_CIVIC,driver_166,route_001,1,15
HONDA_CIVIC,driver_166,route_001,2,15
HONDA_CIVIC,driver_166,route_001,3,15
HONDA_CIVIC,driver_166,route_001,4,15
HONDA_CIVIC,driver_166,route_001,5,15
HONDA_CIVIC,driver_166,route_001,6,15
HONDA_CIVIC,driver_166,route_001,7,15
HONDA_CIVIC,driver_166,route_001,8,15
HONDA_CIVIC,driver_166,route_001,9,15
HONDA_CIVIC,driver_166,route_001,10,10
HONDA_CIVIC,driver_166,route_002,0,15
HONDA_CIVIC,driver_166,route_002,1,15
HONDA_CIVIC,driver_166,route_002,2,15
HONDA_CIVIC,driver_166,route_002,3,15
HONDA_CIVIC,driver_166,route_002,4,15
HONDA_CIVIC,driver_166,route_002,5,15
HONDA_CIVIC,driver_166,route_002,6,15
HONDA_CIVIC,driver_166,route_002,7,15
HONDA_CIVIC,driver_166,route_002,8,15
HONDA_CIVIC,driver_166,route_002,9,15
HONDA_CIVIC,driver_166,route_003,0,15
HONDA_CIVIC,driver_166,route_003,1,15
HONDA_CIVIC,driver_166,route_003,2,15
HONDA_CIVIC,driver_166,route_003,3,15
HONDA_CIVIC,driver_166,route_004,0,15
HONDA_CIVIC,driver_166,route_004,1,15
HONDA_CIVIC,driver_166,route_004,2,15
HONDA_CIVIC,driver_166,route_004,3,15
HONDA_CIVIC,driver_166,route_004,4,15
HONDA_CIVIC,driver_166,route_004,5,15
HONDA_CIVIC,driver_166,route_004,6,15
HONDA_CIVIC,driver_166,route_005,0,15
HONDA_CIVIC,driver_166,route_005,1,15
HONDA_CIVIC,driver_166,route_005,2,15
HONDA_CIVIC,driver_232,route_001,0,15
HONDA_CIVIC,driver_232,route_001,1,15
HONDA_CIVIC,driver_232,route_001,2,15
HONDA_CIVIC,driver_232,route_001,3,15
HONDA_CIVIC,driver_232,route_001,4,15
HONDA_CIVIC,driver_232,route_001,5,15
HONDA_CIVIC,driver_232,route_001,6,15
HONDA_CIVIC,driver_232,route_001,7,15
HONDA_CIVIC,driver_232,route_001,8,15
HONDA_CIVIC,driver_232,route_001,9,10
HONDA_CIVIC,driver_232,route_002,0,15
HONDA_CIVIC,driver_232,route_002,1,15
HONDA_CIVIC,driver_232,route_002,2,15
HONDA_CIVIC,driver_232,route_002,3,15
HONDA_CIVIC,driver_232,route_002,4,15
HONDA_CIVIC,driver_232,route_002,5,15
HONDA_CIVIC,driver_232,route_002,6,15
HONDA_CIVIC,driver_232,route_002,7,15
HONDA_CIVIC,driver_232,route_002,8,15
HONDA_CIVIC,driver_232,route_002,9,15
HONDA_CIVIC,driver_232,route_002,10,15
HONDA_CIVIC,driver_232,route_002,11,15
HONDA_CIVIC,driver_232,route_003,0,15
HONDA_CIVIC,driver_232,route_003,1,15
HONDA_CIVIC,driver_232,route_003,2,15
HONDA_CIVIC,driver_232,route_003,3,15
HONDA_CIVIC,driver_232,route_003,4,15
HONDA_CIVIC,driver_232,route_003,5,15
HONDA_CIVIC,driver_232,route_004,0,15
HONDA_CIVIC,driver_232,route_004,1,15
HONDA_CIVIC,driver_232,route_004,2,15
HONDA_CIVIC,driver_232,route_005,0,15
HONDA_CIVIC,driver_232,route_005,1,15
HONDA_CIVIC,driver_232,route_005,2,15
HONDA_CIVIC,driver_232,route_005,3,15
HONDA_CIVIC,driver_232,route_005,4,15
HONDA_CIVIC,driver_232,route_005,5,15
HONDA_CIVIC,driver_232,route_006,0,15
HONDA_CIVIC,driver_232,route_006,1,15
HONDA_CIVIC,driver_232,route_006,2,15
HONDA_CIVIC,driver_232,route_006,3,15
HONDA_CIVIC,driver_232,route_006,4,15
HONDA_CIVIC,driver_232,route_006,5,15
HONDA_CIVIC,driver_232,route_006,6,15
HONDA_CIVIC,driver_232,route_006,7,15
HONDA_CIVIC,driver_232,route_006,8,15
HONDA_CIVIC,driver_232,route_006,9,15
HONDA_CIVIC,driver_232,route_006,10,15
HONDA_CIVIC,driver_232,route_006,11,15
HONDA_CIVIC,driver_232,route_006,12,15
HONDA_CIVIC,driver_232,route_006,13,15
HONDA_CIVIC,driver_232,route_006,14,15
HONDA_CIVIC,driver_232,route_006,15,15
HONDA_CIVIC,driver_232,route_006,16,15
HONDA_CIVIC,driver_232,route_006,17,15
HONDA_CIVIC,driver_232,route_006,18,15
HONDA_CIVIC,driver_232,route_006,19,15
HONDA_CIVIC,driver_232,route_007,0,15
HONDA_CIVIC,driver_232,route_007,1,15
HONDA_CIVIC,driver_232,route_007,2,15
HONDA_CIVIC,driver_232,route_007,3,15
HONDA_CIVIC,driver_232,route_007,4,15
HONDA_CIVIC,driver_232,route_007,5,15
HONDA_CIVIC,driver_232,route_008,0,15
HONDA_CIVIC,driver_232,route_008,1,15
HONDA_CIVIC,driver_232,route_008,2,15
HONDA_CIVIC,driver_232,route_008,3,15
HONDA_CIVIC,driver_232,route_008,4,15
HONDA_CIVIC,driver_232,route_008,5,10
HONDA_CIVIC,driver_232,route_009,0,15
HONDA_CIVIC,driver_232,route_009,1,15
HONDA_CIVIC,driver_232,route_009,2,15
HONDA_CIVIC,driver_232,route_009,3,15
HONDA_CIVIC,driver_232,route_009,4,15
HONDA_CIVIC,driver_232,route_009,5,15
HONDA_CIVIC,driver_232,route_009,6,15
HONDA_CIVIC,driver_232,route_009,7,15
HONDA_CIVIC,driver_232,route_010,0,15
HONDA_CIVIC,driver_232,route_010,1,15
HONDA_CIVIC,driver_232,route_011,0,15
HONDA_CIVIC,driver_232,route_011,1,15
HONDA_CIVIC,driver_232,route_011,2,15
HONDA_CIVIC,driver_232,route_011,3,15
HONDA_CIVIC,driver_232,route_011,4,15
HONDA_CIVIC,driver_232,route_011,5,15
HONDA_CIVIC,driver_232,route_011,6,15
HONDA_CIVIC,driver_232,route_011,7,15
HONDA_CIVIC,driver_232,route_011,8,15
HONDA_CIVIC,driver_232,route_011,9,15
HONDA_CIVIC,driver_232,route_011,10,15
HONDA_CIVIC,driver_232,route_011,11,15
HONDA_CIVIC,driver_232,route_011,12,15
HONDA_CIVIC,driver_232,route_011,13,15
HONDA_CIVIC,driver_232,route_011,14,15
HONDA_CIVIC,driver_232,route_011,15,15
HONDA_CIVIC,driver_232,route_011,16,10
HONDA_CIVIC,driver_232,route_012,0,15
HONDA_CIVIC,driver_232,route_012,1,15
HONDA_CIVIC,driver_232,route_012,2,15
HONDA_CIVIC,driver_232,route_012,3,15
HONDA_CIVIC,driver_232,route_012,4,15
HONDA_CIVIC,driver_232,route_012,5,15
HONDA_CIVIC,driver_232,route_012,6,15
HONDA_CIVIC,driver_232,route_012,7,15
HONDA_CIVIC,driver_232,route_012,8,15
HONDA_CIVIC,driver_232,route_012,9,15
HONDA_CIVIC,driver_232,route_013,0,15
HONDA_CIVIC,driver_232,route_013,1,15
HONDA_CIVIC,driver_232,route_014,0,15
HONDA_CIVIC,driver_232,route_014,1,15
HONDA_CIVIC,driver_232,route_014,2,15
HONDA_CIVIC,driver_232,route_014,3,15
HONDA_CIVIC,driver_232,route_014,4,15
HONDA_CIVIC,driver_232,route_015,0,15
HONDA_CIVIC,driver_232,route_016,0,15
HONDA_CIVIC,driver_232,route_016,1,15
HONDA_CIVIC,driver_232,route_016,2,15
HONDA_CIVIC,driver_232,route_016,3,15
HONDA_CIVIC,driver_232,route_016,4,15
HONDA_CIVIC,driver_232,route_016,5,15
HONDA_CIVIC,driver_232,route_017,0,15
HONDA_CIVIC,driver_232,route_017,1,15
HONDA_CIVIC,driver_232,route_017,2,15
HONDA_CIVIC,driver_232,route_017,3,15
HONDA_CIVIC,driver_232,route_018,0,15
HONDA_CIVIC,driver_232,route_018,1,15
HONDA_CIVIC,driver_232,route_019,0,15
HONDA_CIVIC,driver_232,route_019,1,15
HONDA_CIVIC,driver_232,route_020,0,15
HONDA_CIVIC,driver_232,route_020,1,15
HONDA_CIVIC,driver_232,route_020,2,15
HONDA_CIVIC,driver_232,route_020,3,15
HONDA_CIVIC,driver_232,route_021,0,15
HONDA_CIVIC,driver_232,route_021,1,15
HONDA_CIVIC,driver_232,route_021,2,15
HONDA_CIVIC,driver_232,route_021,3,15
HONDA_CIVIC,driver_232,route_021,4,15
HONDA_CIVIC,driver_232,route_021,5,15
HONDA_CIVIC,driver_232,route_021,6,15
HONDA_CIVIC,driver_232,route_021,7,15
HONDA_CIVIC,driver_232,route_022,0,15
HONDA_CIVIC,driver_232,route_022,1,15
HONDA_CIVIC,driver_232,route_022,2,15
HONDA_CIVIC,driver_232,route_022,3,15
HONDA_CIVIC,driver_232,route_022,4,15
HONDA_CIVIC,driver_232,route_022,5,15
HONDA_CIVIC,driver_232,route_022,6,15
HONDA_CIVIC,driver_232,route_022,7,15
HONDA_CIVIC,driver_232,route_022,8,15
HONDA_CIVIC,driver_232,route_022,9,15
HONDA_CIVIC,driver_232,route_022,10,10
HONDA_CIVIC,driver_232,route_023,0,15
HONDA_CIVIC,driver_232,route_023,1,15
HONDA_CIVIC,driver_232,route_024,0,15
HONDA_CIVIC,driver_232,route_024,1,15
HONDA_CIVIC,driver_232,route_024,2,15
HONDA_CIVIC,driver_232,route_025,0,15
HONDA_CIVIC,driver_232,route_026,0,15
HONDA_CIVIC,driver_232,route_026,1,15
HONDA_CIVIC,driver_232,route_026,2,15
HONDA_CIVIC,driver_232,route_026,3,15
HONDA_CIVIC,driver_232,route_026,4,15
HONDA_CIVIC,driver_232,route_027,0,15
HONDA_CIVIC,driver_232,route_027,1,15
HONDA_CIVIC,driver_232,route_027,2,15
HONDA_CIVIC,driver_232,route_028,0,15
HONDA_CIVIC,driver_232,route_029,0,15
HONDA_CIVIC,driver_232,route_030,0,15
HONDA_CIVIC,driver_232,route_031,0,15
HONDA_CIVIC,driver_232,route_032,0,15
HONDA_CIVIC,driver_232,route_033,0,15
HONDA_CIVIC,driver_232,route_033,1,15
HONDA_CIVIC,driver_232,route_033,2,15
HONDA_CIVIC,driver_232,route_033,3,15
HONDA_CIVIC,driver_232,route_033,4,15
HONDA_CIVIC,driver_232,route_033,5,15
HONDA_CIVIC,driver_232,route_033,6,15
HONDA_CIVIC,driver_232,route_033,7,15
HONDA_CIVIC,driver_232,route_034,0,15
HONDA_CIVIC,driver_232,route_035,0,15
HONDA_CIVIC,driver_232,route_036,0,15
HONDA_CIVIC,driver_232,route_036,1,15
HONDA_CIVIC,driver_232,route_036,2,15
HONDA_CIVIC,driver_232,route_037,0,15
HONDA_CIVIC,driver_232,route_037,1,15
HONDA_CIVIC,driver_232,route_037,2,15
HONDA_CIVIC,driver_232,route_038,0,15
HONDA_CIVIC,driver_232,route_039,0,15
HONDA_CIVIC,driver_232,route_039,1,15
HONDA_CIVIC,driver_232,route_040,0,15
HONDA_CIVIC,driver_232,route_041,0,15
HONDA_CIVIC,driver_232,route_041,1,15
HONDA_CIVIC,driver_232,route_041,2,15
HONDA_CIVIC,driver_232,route_041,3,15
HONDA_CIVIC,driver_232,route_041,4,15
HONDA_CIVIC,driver_232,route_042,0,15
HONDA_CIVIC,driver_232,route_042,1,15
HONDA_CIVIC,driver_232,route_042,2,15
HONDA_CIVIC,driver_232,route_043,0,15
HONDA_CIVIC,driver_232,route_044,0,15
HONDA_CIVIC,driver_232,route_045,0,15
HONDA_CIVIC,driver_232,route_046,0,15
HONDA_CIVIC,driver_232,route_046,1,15
HONDA_CIVIC,driver_232,route_046,2,15
HONDA_CIVIC,driver_232,route_046,3,15
HONDA_CIVIC,driver_232,route_046,4,15
HONDA_CIVIC,driver_232,route_046,5,15
HONDA_CIVIC,driver_232,route_046,6,15
HONDA_CIVIC,driver_232,route_046,7,15
HONDA_CIVIC,driver_232,route_046,8,15
HONDA_CIVIC,driver_232,route_046,9,15
HONDA_CIVIC,driver_232,route_046,10,15
HONDA_CIVIC,driver_232,route_046,11,15
HONDA_CIVIC,driver_232,route_046,12,15
HONDA_CIVIC,driver_232,route_046,13,15
HONDA_CIVIC,driver_232,route_046,14,15
HONDA_CIVIC,driver_232,route_046,15,15
HONDA_CIVIC,driver_232,route_046,16,15
HONDA_CIVIC,driver_232,route_046,17,15
HONDA_CIVIC,driver_232,route_046,18,15
HONDA_CIVIC,driver_232,route_046,19,15
HONDA_CIVIC,driver_232,route_046,20,15
HONDA_CIVIC,driver_232,route_047,0,15
HONDA_CIVIC,driver_232,route_047,1,15
HONDA_CIVIC,driver_232,route_047,2,15
HONDA_CIVIC,driver_232,route_047,3,15
HONDA_CIVIC,driver_232,route_047,4,15
HONDA_CIVIC,driver_232,route_047,5,15
HONDA_CIVIC,driver_232,route_047,6,15
HONDA_CIVIC,driver_232,route_047,7,15
HONDA_CIVIC,driver_232,route_048,0,15
HONDA_CIVIC,driver_232,route_048,1,15
HONDA_CIVIC,driver_232,route_048,2,15
HONDA_CIVIC,driver_232,route_048,3,15
HONDA_CIVIC,driver_232,route_048,4,15
HONDA_CIVIC,driver_232,route_049,0,15
HONDA_CIVIC,driver_232,route_049,1,15
HONDA_CIVIC,driver_232,route_050,0,15
HONDA_CIVIC,driver_232,route_050,1,15
HONDA_CIVIC,driver_232,route_051,0,15
HONDA_CIVIC,driver_232,route_051,1,15
HONDA_CIVIC,driver_232,route_051,2,15
HONDA_CIVIC,driver_232,route_052,0,15
HONDA_CIVIC,driver_232,route_052,1,15
HONDA_CIVIC,driver_232,route_053,0,15
HONDA_CIVIC,driver_232,route_053,1,15
HONDA_CIVIC,driver_232,route_054,0,15
HONDA_CIVIC,driver_232,route_054,1,15
HONDA_CIVIC,driver_232,route_055,0,15
HONDA_CIVIC,driver_232,route_055,1,15
HONDA_CIVIC,driver_232,route_056,0,15
HONDA_CIVIC,driver_232,route_057,0,15
HONDA_CIVIC,driver_232,route_057,1,15
HONDA_CIVIC,driver_232,route_057,2,10
HONDA_CIVIC,driver_232,route_058,0,15
HONDA_CIVIC,driver_232,route_059,0,15
HONDA_CIVIC,driver_232,route_059,1,15
HONDA_CIVIC,driver_232,route_060,0,15
HONDA_CIVIC,driver_232,route_060,1,15
HONDA_CIVIC,driver_232,route_061,0,15
HONDA_CIVIC,driver_232,route_061,1,15
HONDA_CIVIC,driver_232,route_062,0,15
HONDA_CIVIC,driver_232,route_063,0,15
HONDA_CIVIC,driver_232,route_064,0,15
HONDA_CIVIC,driver_232,route_064,1,15
HONDA_CIVIC,driver_232,route_064,2,15
HONDA_CIVIC,driver_232,route_064,3,15
HONDA_CIVIC,driver_232,route_065,0,15
HONDA_CIVIC,driver_232,route_066,0,15
HONDA_CIVIC,driver_232,route_067,0,15
HONDA_CIVIC,driver_232,route_068,0,15
HONDA_CIVIC,driver_232,route_068,1,15
HONDA_CIVIC,driver_232,route_069,0,15
HONDA_CIVIC,driver_232,route_069,1,15
HONDA_CIVIC,driver_232,route_069,2,15
HONDA_CIVIC,driver_232,route_069,3,15
HONDA_CIVIC,driver_232,route_069,4,15
HONDA_CIVIC,driver_232,route_070,0,10
HONDA_CIVIC,driver_232,route_070,1,10
HONDA_CIVIC,driver_232,route_071,0,15
HONDA_CIVIC,driver_232,route_071,1,15
HONDA_CIVIC,driver_232,route_072,0,15
HONDA_CIVIC,driver_232,route_072,1,15
HONDA_CIVIC,driver_232,route_072,2,15
HONDA_CIVIC,driver_232,route_073,0,15
HONDA_CIVIC,driver_232,route_074,0,15
HONDA_CIVIC,driver_232,route_074,1,15
HONDA_CIVIC,driver_232,route_075,0,15
HONDA_CIVIC,driver_232,route_075,1,15
HONDA_CIVIC,driver_232,route_075,2,15
HONDA_CIVIC,driver_232,route_075,3,15
HONDA_CIVIC,driver_232,route_075,4,15
HONDA_CIVIC,driver_232,route_076,0,15
HONDA_CIVIC,driver_232,route_076,1,15
HONDA_CIVIC,driver_232,route_077,0,15
HONDA_CIVIC,driver_232,route_077,1,15
HONDA_CIVIC,driver_232,route_078,0,15
HONDA_CIVIC,driver_232,route_078,1,15
HONDA_CIVIC,driver_232,route_079,0,15
HONDA_CIVIC,driver_232,route_079,1,15
HONDA_CIVIC,driver_232,route_079,2,15
HONDA_CIVIC,driver_232,route_079,3,15
HONDA_CIVIC,driver_232,route_080,0,15
HONDA_CIVIC,driver_232,route_080,1,15
HONDA_CIVIC,driver_232,route_080,2,15
HONDA_CIVIC,driver_232,route_080,3,15
HONDA_CIVIC,driver_232,route_080,4,15
HONDA_CIVIC,driver_232,route_081,0,15
HONDA_CIVIC,driver_232,route_082,0,15
HONDA_CIVIC,driver_232,route_082,1,15
HONDA_CIVIC,driver_232,route_082,2,15
HONDA_CIVIC,driver_232,route_082,3,15
HONDA_CIVIC,driver_232,route_082,4,15
HONDA_CIVIC,driver_232,route_082,5,15
HONDA_CIVIC,driver_232,route_082,6,10
HONDA_CIVIC,driver_232,route_083,0,15
HONDA_CIVIC,driver_232,route_084,0,15
HONDA_CIVIC,driver_232,route_084,1,15
HONDA_CIVIC,driver_232,route_084,2,15
HONDA_CIVIC,driver_232,route_084,3,15
HONDA_CIVIC,driver_232,route_084,4,15
HONDA_CIVIC,driver_232,route_084,5,15
HONDA_CIVIC,driver_232,route_085,0,15
HONDA_CIVIC,driver_232,route_085,1,15
HONDA_CIVIC,driver_232,route_086,0,15
HONDA_CIVIC,driver_232,route_086,1,15
HONDA_CIVIC,driver_232,route_086,2,15
HONDA_CIVIC,driver_232,route_086,3,15
HONDA_CIVIC,driver_232,route_086,4,15
HONDA_CIVIC,driver_232,route_086,5,15
HONDA_CIVIC,driver_232,route_086,6,15
HONDA_CIVIC,driver_232,route_087,0,15
HONDA_CIVIC,driver_232,route_087,1,15
HONDA_CIVIC,driver_232,route_087,2,15
HONDA_CIVIC,driver_232,route_087,3,15
HONDA_CIVIC,driver_232,route_087,4,15
HONDA_CIVIC,driver_232,route_087,5,15
HONDA_CIVIC,driver_232,route_087,6,15
HONDA_CIVIC,driver_232,route_087,7,15
HONDA_CIVIC,driver_232,route_087,8,15
HONDA_CIVIC,driver_232,route_087,9,15
HONDA_CIVIC,driver_232,route_087,10,15
HONDA_CIVIC,driver_232,route_087,11,15
HONDA_CIVIC,driver_232,route_087,12,15
HONDA_CIVIC,driver_232,route_087,13,15
HONDA_CIVIC,driver_232,route_087,14,15
HONDA_CIVIC,driver_232,route_087,15,15
HONDA_CIVIC,driver_232,route_087,16,15
HONDA_CIVIC,driver_232,route_087,17,15
HONDA_CIVIC,driver_232,route_088,0,15
HONDA_CIVIC,driver_232,route_088,1,15
HONDA_CIVIC,driver_232,route_088,2,15
HONDA_CIVIC,driver_232,route_088,3,15
HONDA_CIVIC,driver_232,route_088,4,15
HONDA_CIVIC,driver_232,route_088,5,15
HONDA_CIVIC,driver_232,route_088,6,15
HONDA_CIVIC,driver_232,route_089,0,15
HONDA_CIVIC,driver_232,route_089,1,15
HONDA_CIVIC,driver_232,route_089,2,15
HONDA_CIVIC,driver_232,route_089,3,15
HONDA_CIVIC,driver_232,route_089,4,15
HONDA_CIVIC,driver_347,route_001,0,15
HONDA_CIVIC,driver_348,route_001,0,15
HONDA_CIVIC,driver_348,route_001,1,15
HONDA_CIVIC,driver_348,route_001,2,15
HONDA_CIVIC,driver_348,route_001,3,15
HONDA_CIVIC,driver_348,route_001,4,15
HONDA_CIVIC,driver_348,route_001,5,15
HONDA_CIVIC,driver_348,route_001,6,15
HONDA_CIVIC,driver_348,route_001,7,15
HONDA_CIVIC,driver_348,route_001,8,15
HONDA_CIVIC,driver_348,route_001,9,15
HONDA_CIVIC,driver_348,route_001,10,15
HONDA_CIVIC,driver_348,route_001,11,15
HONDA_CIVIC_2022,driver_054,route_001,0,15
HONDA_CIVIC_2022,driver_054,route_001,1,15
HONDA_CIVIC_2022,driver_054,route_001,2,15
HONDA_CIVIC_2022,driver_054,route_002,0,15
HONDA_CIVIC_2022,driver_054,route_002,1,15
HONDA_CIVIC_2022,driver_054,route_002,2,15
HONDA_CIVIC_2022,driver_054,route_002,3,15
HONDA_CIVIC_2022,driver_054,route_002,4,15
HONDA_CIVIC_2022,driver_054,route_002,5,15
HONDA_CIVIC_2022,driver_054,route_002,6,15
HONDA_CIVIC_2022,driver_054,route_002,7,15
HONDA_CIVIC_2022,driver_054,route_002,8,15
HONDA_CIVIC_2022,driver_054,route_002,9,15
HONDA_CIVIC_2022,driver_054,route_003,0,15
HONDA_CIVIC_2022,driver_054,route_003,1,15
HONDA_CIVIC_2022,driver_054,route_003,2,15
HONDA_CIVIC_2022,driver_054,route_003,3,15
HONDA_CIVIC_2022,driver_054,route_003,4,15
HONDA_CIVIC_2022,driver_054,route_004,0,15
HONDA_CIVIC_2022,driver_054,route_004,1,15
HONDA_CIVIC_2022,driver_054,route_004,2,15
HONDA_CIVIC_2022,driver_054,route_004,3,15
HONDA_CIVIC_2022,driver_054,route_004,4,15
HONDA_CIVIC_2022,driver_054,route_004,5,15
HONDA_CIVIC_2022,driver_054,route_004,6,15
HONDA_CIVIC_2022,driver_054,route_005,0,15
HONDA_CIVIC_2022,driver_054,route_005,1,15
HONDA_CIVIC_2022,driver_054,route_005,2,15
HONDA_CIVIC_2022,driver_054,route_005,3,15
HONDA_CIVIC_2022,driver_054,route_006,0,15
HONDA_CIVIC_2022,driver_054,route_006,1,15
HONDA_CIVIC_2022,driver_054,route_006,2,15
HONDA_CIVIC_2022,driver_054,route_006,3,15
HONDA_CIVIC_2022,driver_054,route_006,4,15
HONDA_CIVIC_2022,driver_054,route_006,5,15
HONDA_CIVIC_2022,driver_054,route_007,0,15
HONDA_CIVIC_2022,driver_054,route_007,1,15
HONDA_CIVIC_2022,driver_054,route_007,2,15
HONDA_CIVIC_2022,driver_054,route_008,0,15
HONDA_CIVIC_2022,driver_054,route_008,1,15
HONDA_CIVIC_2022,driver_054,route_008,2,15
HONDA_CIVIC_2022,driver_054,route_008,3,15
HONDA_CIVIC_2022,driver_054,route_008,4,15
HONDA_CIVIC_2022,driver_054,route_009,0,15
HONDA_CIVIC_2022,driver_054,route_009,1,15
HONDA_CIVIC_2022,driver_054,route_009,2,15
HONDA_CIVIC_2022,driver_054,route_010,0,15
HONDA_CIVIC_2022,driver_054,route_010,1,15
HONDA_CIVIC_2022,driver_054,route_010,2,15
HONDA_CIVIC_2022,driver_054,route_010,3,15
HONDA_CIVIC_2022,driver_054,route_010,4,15
HONDA_CIVIC_2022,driver_054,route_010,5,15
HONDA_CIVIC_2022,driver_214,route_001,0,10
HONDA_CIVIC_2022,driver_214,route_001,1,10
HONDA_CIVIC_2022,driver_214,route_001,2,10
HONDA_CIVIC_2022,driver_214,route_001,3,10
HONDA_CIVIC_2022,driver_214,route_002,0,15
HONDA_CIVIC_2022,driver_214,route_002,1,15
HONDA_CIVIC_2022,driver_214,route_002,2,10
HONDA_CIVIC_2022,driver_214,route_003,0,15
HONDA_CIVIC_2022,driver_214,route_003,1,15
HONDA_CIVIC_2022,driver_214,route_003,2,15
HONDA_CIVIC_2022,driver_214,route_004,0,15
HONDA_CIVIC_2022,driver_214,route_004,1,15
HONDA_CIVIC_2022,driver_214,route_004,2,15
HONDA_CIVIC_2022,driver_214,route_004,3,15
HONDA_CIVIC_2022,driver_214,route_004,4,15
HONDA_CIVIC_2022,driver_214,route_004,5,15
HONDA_CIVIC_2022,driver_214,route_004,6,15
HONDA_CIVIC_2022,driver_214,route_005,0,15
HONDA_CIVIC_2022,driver_214,route_005,1,15
HONDA_CIVIC_2022,driver_214,route_005,2,15
HONDA_CIVIC_2022,driver_214,route_005,3,15
HONDA_CIVIC_2022,driver_214,route_005,4,15
HONDA_CIVIC_2022,driver_214,route_006,0,15
HONDA_CIVIC_2022,driver_214,route_006,1,15
HONDA_CIVIC_2022,driver_214,route_006,2,15
HONDA_CIVIC_2022,driver_214,route_006,3,15
HONDA_CIVIC_2022,driver_214,route_007,0,15
HONDA_CIVIC_2022,driver_214,route_007,1,15
HONDA_CIVIC_2022,driver_214,route_007,2,15
HONDA_CIVIC_2022,driver_214,route_007,3,15
HONDA_CIVIC_2022,driver_214,route_007,4,15
HONDA_CIVIC_2022,driver_214,route_007,5,15
HONDA_CIVIC_2022,driver_214,route_007,6,15
HONDA_CIVIC_2022,driver_214,route_007,7,15
HONDA_CIVIC_2022,driver_214,route_008,0,15
HONDA_CIVIC_2022,driver_214,route_008,1,15
HONDA_CIVIC_2022,driver_214,route_008,2,15
HONDA_CIVIC_2022,driver_214,route_008,3,15
HONDA_CIVIC_2022,driver_214,route_008,4,15
HONDA_CIVIC_2022,driver_214,route_008,5,15
HONDA_CIVIC_2022,driver_214,route_008,6,15
HONDA_CIVIC_2022,driver_214,route_008,7,15
HONDA_CIVIC_2022,driver_214,route_008,8,15
HONDA_CIVIC_2022,driver_214,route_008,9,15
HONDA_CIVIC_2022,driver_214,route_008,10,15
HONDA_CIVIC_2022,driver_214,route_008,11,15
HONDA_CIVIC_2022,driver_214,route_008,12,15
HONDA_CIVIC_2022,driver_214,route_008,13,15
HONDA_CIVIC_2022,driver_214,route_008,14,15
HONDA_CIVIC_2022,driver_214,route_008,15,15
HONDA_CIVIC_2022,driver_214,route_008,16,15
HONDA_CIVIC_2022,driver_214,route_008,17,15
HONDA_CIVIC_2022,driver_214,route_008,18,15
HONDA_CIVIC_2022,driver_214,route_008,19,15
HONDA_CIVIC_2022,driver_214,route_009,0,15
HONDA_CIVIC_2022,driver_214,route_009,1,15
HONDA_CIVIC_2022,driver_214,route_009,2,15
HONDA_CIVIC_2022,driver_214,route_010,0,15
HONDA_CIVIC_2022,driver_214,route_010,1,15
HONDA_CIVIC_2022,driver_214,route_010,2,15
HONDA_CIVIC_2022,driver_214,route_010,3,15
HONDA_CIVIC_2022,driver_214,route_010,4,15
HONDA_CIVIC_2022,driver_214,route_010,5,15
HONDA_CIVIC_2022,driver_214,route_010,6,15
HONDA_CIVIC_2022,driver_214,route_010,7,15
HONDA_CIVIC_2022,driver_214,route_010,8,15
HONDA_CIVIC_2022,driver_214,route_010,9,15
HONDA_CIVIC_2022,driver_214,route_010,10,15
HONDA_CIVIC_2022,driver_214,route_010,11,15
HONDA_CIVIC_2022,driver_214,route_010,12,15
HONDA_CIVIC_2022,driver_214,route_010,13,15
HONDA_CIVIC_2022,driver_214,route_010,14,15
HONDA_CIVIC_2022,driver_214,route_010,15,15
HONDA_CIVIC_2022,driver_214,route_010,16,15
HONDA_CIVIC_2022,driver_214,route_010,17,15
HONDA_CIVIC_2022,driver_214,route_010,18,15
HONDA_CIVIC_2022,driver_214,route_010,19,15
HONDA_CIVIC_2022,driver_214,route_010,20,15
HONDA_CIVIC_2022,driver_214,route_010,21,15
HONDA_CIVIC_2022,driver_214,route_010,22,15
HONDA_CIVIC_2022,driver_214,route_011,0,15
HONDA_CIVIC_2022,driver_214,route_011,1,15
HONDA_CIVIC_2022,driver_214,route_011,2,15
HONDA_CIVIC_2022,driver_214,route_011,3,15
HONDA_CIVIC_2022,driver_214,route_011,4,15
HONDA_CIVIC_2022,driver_214,route_011,5,15
HONDA_CIVIC_2022,driver_214,route_011,6,15
HONDA_CIVIC_2022,driver_214,route_011,7,15
HONDA_CIVIC_2022,driver_214,route_011,8,15
HONDA_CIVIC_2022,driver_214,route_011,9,15
HONDA_CIVIC_2022,driver_214,route_011,10,15
HONDA_CIVIC_2022,driver_214,route_011,11,15
HONDA_CIVIC_2022,driver_214,route_011,12,15
HONDA_CIVIC_2022,driver_214,route_011,13,15
HONDA_CIVIC_2022,driver_214,route_012,0,15
HONDA_CIVIC_2022,driver_214,route_012,1,15
HONDA_CIVIC_2022,driver_214,route_012,2,15
HONDA_CIVIC_2022,driver_214,route_012,3,15
HONDA_CIVIC_2022,driver_214,route_013,0,15
HONDA_CIVIC_2022,driver_214,route_013,1,15
HONDA_CIVIC_2022,driver_214,route_013,2,15
HONDA_CIVIC_2022,driver_271,route_001,0,15
HONDA_CIVIC_2022,driver_271,route_001,1,15
HONDA_CIVIC_2022,driver_271,route_001,2,15
HONDA_CIVIC_2022,driver_271,route_001,3,15
HONDA_CIVIC_2022,driver_271,route_002,0,15
HONDA_CIVIC_2022,driver_271,route_002,1,15
HONDA_CIVIC_2022,driver_271,route_002,2,15
HONDA_CIVIC_2022,driver_271,route_002,3,15
HONDA_CIVIC_2022,driver_271,route_003,0,15
HONDA_CIVIC_2022,driver_271,route_003,1,15
HONDA_CIVIC_2022,driver_271,route_003,2,15
HONDA_CIVIC_2022,driver_271,route_003,3,15
HONDA_CIVIC_2022,driver_271,route_004,0,15
HONDA_CIVIC_2022,driver_271,route_004,1,15
HONDA_CIVIC_2022,driver_271,route_004,2,15
HONDA_CIVIC_2022,driver_271,route_005,0,15
HONDA_CIVIC_2022,driver_271,route_005,1,15
HONDA_CIVIC_2022,driver_271,route_005,2,15
HONDA_CIVIC_2022,driver_271,route_005,3,15
HONDA_CIVIC_2022,driver_271,route_005,4,15
HONDA_CIVIC_2022,driver_271,route_005,5,15
HONDA_CIVIC_2022,driver_271,route_005,6,15
HONDA_CIVIC_2022,driver_271,route_005,7,15
HONDA_CIVIC_2022,driver_271,route_005,8,15
HONDA_CIVIC_2022,driver_271,route_006,0,15
HONDA_CIVIC_2022,driver_328,route_001,0,15
HONDA_CIVIC_2022,driver_328,route_001,1,15
HONDA_CIVIC_2022,driver_328,route_001,2,15
HONDA_CIVIC_2022,driver_328,route_001,3,15
HONDA_CIVIC_2022,driver_328,route_001,4,15
HONDA_CIVIC_2022,driver_328,route_001,5,15
HONDA_CIVIC_2022,driver_328,route_001,6,15
HONDA_CIVIC_2022,driver_339,route_001,0,15
HONDA_CIVIC_2022,driver_339,route_001,1,15
HONDA_CIVIC_2022,driver_339,route_002,0,15
HONDA_CIVIC_2022,driver_339,route_002,1,15
HONDA_CIVIC_2022,driver_339,route_003,0,15
HONDA_CIVIC_2022,driver_339,route_003,1,15
HONDA_CIVIC_2022,driver_339,route_003,2,15
HONDA_CIVIC_2022,driver_339,route_003,3,15
HONDA_CIVIC_2022,driver_339,route_004,0,15
HONDA_CIVIC_2022,driver_339,route_004,1,15
HONDA_CIVIC_2022,driver_339,route_004,2,15
HONDA_CIVIC_2022,driver_339,route_004,3,15
HONDA_CIVIC_2022,driver_339,route_005,0,15
HONDA_CIVIC_2022,driver_339,route_005,1,15
HONDA_CIVIC_2022,driver_339,route_005,2,15
HONDA_CIVIC_2022,driver_339,route_005,3,15
HONDA_CIVIC_2022,driver_339,route_005,4,15
HONDA_CIVIC_2022,driver_339,route_005,5,15
HONDA_CIVIC_2022,driver_339,route_005,6,15
HONDA_CIVIC_2022,driver_339,route_006,0,15
HONDA_CIVIC_2022,driver_339,route_006,1,15
HONDA_CIVIC_2022,driver_339,route_006,2,15
HONDA_CIVIC_2022,driver_339,route_006,3,15
HONDA_CIVIC_2022,driver_339,route_007,0,15
HONDA_CIVIC_2022,driver_339,route_007,1,15
HONDA_CIVIC_2022,driver_339,route_007,2,15
HONDA_CIVIC_2022,driver_339,route_007,3,15
HONDA_CIVIC_2022,driver_339,route_008,0,15
HONDA_CIVIC_2022,driver_339,route_008,1,15
HONDA_CIVIC_2022,driver_339,route_008,2,15
HONDA_CIVIC_2022,driver_339,route_009,0,15
HONDA_CIVIC_2022,driver_339,route_009,1,15
HONDA_CIVIC_2022,driver_339,route_009,2,15
HONDA_CIVIC_2022,driver_339,route_009,3,15
HONDA_CIVIC_2022,driver_339,route_010,0,15
HONDA_CIVIC_2022,driver_339,route_010,1,15
HONDA_CIVIC_2022,driver_339,route_010,2,15
HONDA_CIVIC_2022,driver_339,route_010,3,15
HONDA_CIVIC_2022,driver_339,route_010,4,15
HONDA_CIVIC_2022,driver_339,route_011,0,15
HONDA_CIVIC_2022,driver_339,route_011,1,15
HONDA_CIVIC_2022,driver_339,route_012,0,15
HONDA_CIVIC_2022,driver_339,route_012,1,15
HONDA_CIVIC_2022,driver_339,route_012,2,15
HONDA_CIVIC_2022,driver_339,route_012,3,15
HONDA_CIVIC_2022,driver_339,route_012,4,15
HONDA_CIVIC_BOSCH,driver_055,route_001,0,15
HONDA_CIVIC_BOSCH,driver_055,route_002,0,15
HONDA_CIVIC_BOSCH,driver_055,route_002,1,15
HONDA_CIVIC_BOSCH,driver_055,route_003,0,15
HONDA_CIVIC_BOSCH,driver_055,route_003,1,15
HONDA_CIVIC_BOSCH,driver_055,route_003,2,15
HONDA_CIVIC_BOSCH,driver_055,route_003,3,15
HONDA_CIVIC_BOSCH,driver_055,route_003,4,15
HONDA_CIVIC_BOSCH,driver_055,route_003,5,15
HONDA_CIVIC_BOSCH,driver_055,route_003,6,15
HONDA_CIVIC_BOSCH,driver_055,route_003,7,15
HONDA_CIVIC_BOSCH,driver_055,route_003,8,15
HONDA_CIVIC_BOSCH,driver_055,route_003,9,15
HONDA_CIVIC_BOSCH,driver_055,route_003,10,15
HONDA_CIVIC_BOSCH,driver_055,route_003,11,15
HONDA_CIVIC_BOSCH,driver_055,route_003,12,15
HONDA_CIVIC_BOSCH,driver_055,route_003,13,15
HONDA_CIVIC_BOSCH,driver_055,route_003,14,15
HONDA_CIVIC_BOSCH,driver_055,route_003,15,15
HONDA_CIVIC_BOSCH,driver_055,route_003,16,15
HONDA_CIVIC_BOSCH,driver_055,route_003,17,15
HONDA_CIVIC_BOSCH,driver_055,route_004,0,15
HONDA_CIVIC_BOSCH,driver_055,route_004,1,15
HONDA_CIVIC_BOSCH,driver_055,route_004,2,15
HONDA_CIVIC_BOSCH,driver_055,route_004,3,15
HONDA_CIVIC_BOSCH,driver_055,route_004,4,15
HONDA_CIVIC_BOSCH,driver_055,route_004,5,15
HONDA_CIVIC_BOSCH,driver_055,route_004,6,15
HONDA_CIVIC_BOSCH,driver_055,route_004,7,15
HONDA_CIVIC_BOSCH,driver_055,route_004,8,15
HONDA_CIVIC_BOSCH,driver_055,route_004,9,10
HONDA_CIVIC_BOSCH,driver_055,route_005,0,15
HONDA_CIVIC_BOSCH,driver_055,route_005,1,15
HONDA_CIVIC_BOSCH,driver_055,route_005,2,15
HONDA_CIVIC_BOSCH,driver_055,route_005,3,15
HONDA_CIVIC_BOSCH,driver_055,route_005,4,15
HONDA_CIVIC_BOSCH,driver_055,route_005,5,15
HONDA_CIVIC_BOSCH,driver_055,route_005,6,15
HONDA_CIVIC_BOSCH,driver_055,route_005,7,15
HONDA_CIVIC_BOSCH,driver_055,route_005,8,15
HONDA_CIVIC_BOSCH,driver_055,route_005,9,15
HONDA_CIVIC_BOSCH,driver_055,route_006,0,15
HONDA_CIVIC_BOSCH,driver_055,route_006,1,15
HONDA_CIVIC_BOSCH,driver_055,route_006,2,15
HONDA_CIVIC_BOSCH,driver_055,route_006,3,15
HONDA_CIVIC_BOSCH,driver_055,route_006,4,15
HONDA_CIVIC_BOSCH,driver_055,route_007,0,15
HONDA_CIVIC_BOSCH,driver_055,route_007,1,15
HONDA_CIVIC_BOSCH,driver_055,route_007,2,15
HONDA_CIVIC_BOSCH,driver_055,route_007,3,15
HONDA_CIVIC_BOSCH,driver_055,route_007,4,15
HONDA_CIVIC_BOSCH,driver_055,route_007,5,15
HONDA_CIVIC_BOSCH,driver_055,route_007,6,15
HONDA_CIVIC_BOSCH,driver_055,route_007,7,15
HONDA_CIVIC_BOSCH,driver_055,route_007,8,15
HONDA_CIVIC_BOSCH,driver_055,route_008,0,15
HONDA_CIVIC_BOSCH,driver_055,route_008,1,15
HONDA_CIVIC_BOSCH,driver_055,route_008,2,15
HONDA_CIVIC_BOSCH,driver_055,route_008,3,15
HONDA_CIVIC_BOSCH,driver_055,route_008,4,15
HONDA_CIVIC_BOSCH,driver_055,route_008,5,15
HONDA_CIVIC_BOSCH,driver_055,route_008,6,15
HONDA_CIVIC_BOSCH,driver_055,route_008,7,15
HONDA_CIVIC_BOSCH,driver_055,route_008,8,15
HONDA_CIVIC_BOSCH,driver_055,route_008,9,15
HONDA_CIVIC_BOSCH,driver_055,route_008,10,15
HONDA_CIVIC_BOSCH,driver_055,route_008,11,15
HONDA_CIVIC_BOSCH,driver_055,route_008,12,10
HONDA_CIVIC_BOSCH,driver_055,route_008,13,10
HONDA_CIVIC_BOSCH,driver_055,route_009,0,15
HONDA_CIVIC_BOSCH,driver_055,route_009,1,15
HONDA_CIVIC_BOSCH,driver_055,route_009,2,15
HONDA_CIVIC_BOSCH,driver_055,route_009,3,15
HONDA_CIVIC_BOSCH,driver_055,route_009,4,15
HONDA_CIVIC_BOSCH,driver_055,route_009,5,15
HONDA_CIVIC_BOSCH,driver_055,route_009,6,15
HONDA_CIVIC_BOSCH,driver_055,route_009,7,10
HONDA_CIVIC_BOSCH,driver_121,route_010,0,15
HONDA_CIVIC_BOSCH,driver_121,route_010,1,15
HONDA_CIVIC_BOSCH,driver_121,route_010,2,15
HONDA_CIVIC_BOSCH,driver_121,route_010,3,15
HONDA_CIVIC_BOSCH,driver_121,route_010,4,15
HONDA_CIVIC_BOSCH,driver_121,route_010,5,15
HONDA_CIVIC_BOSCH,driver_121,route_010,6,15
HONDA_CIVIC_BOSCH,driver_121,route_010,7,15
HONDA_CIVIC_BOSCH,driver_121,route_010,8,15
HONDA_CIVIC_BOSCH,driver_121,route_010,9,15
HONDA_CIVIC_BOSCH,driver_121,route_010,10,15
HONDA_CIVIC_BOSCH,driver_216,route_001,0,15
HONDA_CIVIC_BOSCH,driver_216,route_001,1,15
HONDA_CIVIC_BOSCH,driver_216,route_001,2,15
HONDA_CIVIC_BOSCH,driver_216,route_001,3,15
HONDA_CIVIC_BOSCH,driver_216,route_001,4,15
HONDA_CIVIC_BOSCH,driver_216,route_001,5,15
HONDA_CIVIC_BOSCH,driver_216,route_001,6,15
HONDA_CIVIC_BOSCH,driver_216,route_001,7,15
HONDA_CIVIC_BOSCH,driver_216,route_001,8,15
HONDA_CIVIC_BOSCH,driver_216,route_001,9,15
HONDA_CIVIC_BOSCH,driver_216,route_001,10,15
HONDA_CIVIC_BOSCH,driver_216,route_001,11,15
HONDA_CIVIC_BOSCH,driver_216,route_001,12,15
HONDA_CIVIC_BOSCH,driver_216,route_001,13,15
HONDA_CIVIC_BOSCH,driver_216,route_001,14,15
HONDA_CIVIC_BOSCH,driver_216,route_001,15,15
HONDA_CIVIC_BOSCH,driver_216,route_002,0,15
HONDA_CIVIC_BOSCH,driver_216,route_002,1,15
HONDA_CIVIC_BOSCH,driver_216,route_002,2,15
HONDA_CIVIC_BOSCH,driver_216,route_002,3,15
HONDA_CIVIC_BOSCH,driver_216,route_002,4,15
HONDA_CIVIC_BOSCH,driver_216,route_002,5,15
HONDA_CIVIC_BOSCH,driver_216,route_002,6,10
HONDA_CIVIC_BOSCH,driver_216,route_002,7,10
HONDA_CIVIC_BOSCH,driver_216,route_003,0,15
HONDA_CIVIC_BOSCH,driver_216,route_003,1,15
HONDA_CIVIC_BOSCH,driver_216,route_003,2,15
HONDA_CIVIC_BOSCH,driver_216,route_003,3,15
HONDA_CIVIC_BOSCH,driver_216,route_004,0,15
HONDA_CIVIC_BOSCH,driver_216,route_004,1,15
HONDA_CIVIC_BOSCH,driver_216,route_004,2,15
HONDA_CIVIC_BOSCH,driver_216,route_004,3,15
HONDA_CIVIC_BOSCH,driver_216,route_004,4,15
HONDA_CIVIC_BOSCH,driver_216,route_004,5,15
HONDA_CIVIC_BOSCH,driver_216,route_004,6,10
HONDA_CIVIC_BOSCH,driver_216,route_005,0,15
HONDA_CIVIC_BOSCH,driver_216,route_005,1,15
HONDA_CIVIC_BOSCH,driver_216,route_005,2,15
HONDA_CIVIC_BOSCH,driver_216,route_005,3,15
HONDA_CIVIC_BOSCH,driver_216,route_005,4,15
HONDA_CIVIC_BOSCH,driver_216,route_005,5,15
HONDA_CIVIC_BOSCH,driver_216,route_005,6,15
HONDA_CIVIC_BOSCH,driver_216,route_005,7,15
HONDA_CIVIC_BOSCH,driver_216,route_005,8,15
HONDA_CIVIC_BOSCH,driver_216,route_005,9,15
HONDA_CIVIC_BOSCH,driver_216,route_005,10,15
HONDA_CIVIC_BOSCH,driver_216,route_005,11,10
HONDA_CIVIC_BOSCH,driver_308,route_001,0,15
HONDA_CIVIC_BOSCH,driver_308,route_001,1,15
HONDA_CIVIC_BOSCH,driver_308,route_001,2,15
HONDA_CIVIC_BOSCH,driver_308,route_001,3,15
HONDA_CIVIC_BOSCH,driver_308,route_001,4,15
HONDA_CIVIC_BOSCH,driver_308,route_001,5,15
HONDA_CLARITY,driver_086,route_001,0,15
HONDA_CLARITY,driver_086,route_001,1,15
HONDA_CLARITY,driver_086,route_001,2,15
HONDA_CLARITY,driver_086,route_001,3,15
HONDA_CLARITY,driver_252,route_001,0,15
HONDA_CLARITY,driver_252,route_001,1,15
HONDA_CLARITY,driver_252,route_001,2,15
HONDA_CLARITY,driver_252,route_001,3,15
HONDA_CLARITY,driver_252,route_001,4,15
HONDA_CLARITY,driver_252,route_001,5,15
HONDA_CLARITY,driver_252,route_001,6,15
HONDA_CLARITY,driver_252,route_001,7,15
HONDA_CLARITY,driver_252,route_001,8,15
HONDA_CLARITY,driver_252,route_001,9,10
HONDA_CLARITY,driver_252,route_002,0,10
HONDA_CLARITY,driver_252,route_003,0,15
HONDA_CLARITY,driver_252,route_004,0,15
HONDA_CLARITY,driver_252,route_004,1,15
HONDA_CLARITY,driver_252,route_004,2,15
HONDA_CLARITY_2018,driver_136,route_001,0,15
HONDA_CLARITY_2018,driver_136,route_001,1,15
HONDA_CLARITY_2018,driver_136,route_001,2,15
HONDA_CLARITY_2018,driver_136,route_001,3,15
HONDA_CLARITY_2018,driver_136,route_001,4,15
HONDA_CLARITY_2018,driver_136,route_001,5,15
HONDA_CLARITY_2018,driver_136,route_001,6,15
HONDA_CLARITY_2018,driver_136,route_001,7,15
HONDA_CLARITY_2018,driver_136,route_001,8,15
HONDA_CLARITY_2018,driver_136,route_002,0,15
HONDA_CLARITY_2018,driver_136,route_002,1,15
HONDA_CLARITY_2018,driver_136,route_002,2,15
HONDA_CLARITY_2018,driver_136,route_002,3,15
HONDA_CLARITY_2018,driver_136,route_002,4,15
HONDA_CLARITY_2018,driver_136,route_002,5,15
HONDA_CLARITY_2018,driver_136,route_003,0,15
HONDA_CLARITY_2018,driver_136,route_003,1,15
HONDA_CLARITY_2018,driver_136,route_003,2,15
HONDA_CLARITY_2018,driver_136,route_003,3,15
HONDA_CLARITY_2018,driver_136,route_003,4,15
HONDA_CLARITY_2018,driver_136,route_003,5,15
HONDA_CLARITY_2018,driver_136,route_003,6,15
HONDA_CLARITY_2018,driver_136,route_003,7,15
HONDA_CLARITY_2018,driver_136,route_003,8,15
HONDA_CLARITY_2018,driver_136,route_003,9,15
HONDA_CLARITY_2018,driver_136,route_003,10,15
HONDA_CLARITY_2018,driver_136,route_003,11,15
HONDA_CRV_5G,driver_179,route_001,0,15
HONDA_CRV_5G,driver_179,route_002,0,15
HONDA_CRV_5G,driver_179,route_002,1,15
HONDA_CRV_5G,driver_179,route_002,2,15
HONDA_CRV_5G,driver_179,route_003,0,15
HONDA_CRV_5G,driver_179,route_003,1,15
HONDA_CRV_5G,driver_179,route_003,2,15
HONDA_CRV_5G,driver_179,route_003,3,15
HONDA_CRV_5G,driver_179,route_003,4,15
HONDA_CRV_5G,driver_179,route_003,5,15
HONDA_CRV_5G,driver_179,route_003,6,15
HONDA_CRV_5G,driver_179,route_003,7,15
HONDA_CRV_5G,driver_179,route_003,8,15
HONDA_CRV_5G,driver_179,route_003,9,15
HONDA_CRV_5G,driver_179,route_003,10,15
HONDA_CRV_5G,driver_179,route_003,11,15
HONDA_CRV_5G,driver_179,route_003,12,15
HONDA_CRV_5G,driver_179,route_003,13,15
HONDA_CRV_5G,driver_179,route_003,14,15
HONDA_CRV_5G,driver_179,route_003,15,15
HONDA_CRV_6G,driver_007,route_001,0,10
HONDA_CRV_6G,driver_007,route_002,0,15
HONDA_CRV_6G,driver_007,route_003,0,15
HONDA_CRV_6G,driver_007,route_003,1,15
HONDA_CRV_6G,driver_007,route_003,2,15
HONDA_CRV_6G,driver_007,route_003,3,15
HONDA_CRV_6G,driver_007,route_004,0,15
HONDA_CRV_6G,driver_007,route_004,1,15
HONDA_CRV_6G,driver_007,route_004,2,15
HONDA_CRV_6G,driver_007,route_004,3,15
HONDA_CRV_6G,driver_007,route_004,4,15
HONDA_CRV_6G,driver_007,route_004,5,15
HONDA_CRV_6G,driver_007,route_004,6,15
HONDA_CRV_6G,driver_007,route_005,0,15
HONDA_CRV_6G,driver_007,route_005,1,15
HONDA_CRV_6G,driver_007,route_005,2,15
HONDA_CRV_6G,driver_007,route_005,3,15
HONDA_CRV_6G,driver_007,route_005,4,15
HONDA_CRV_6G,driver_007,route_005,5,15
HONDA_CRV_6G,driver_028,route_001,0,15
HONDA_CRV_6G,driver_028,route_001,1,15
HONDA_CRV_6G,driver_028,route_001,2,15
HONDA_CRV_6G,driver_028,route_001,3,15
HONDA_CRV_6G,driver_028,route_002,0,15
HONDA_CRV_6G,driver_028,route_002,1,15
HONDA_CRV_6G,driver_028,route_002,2,15
HONDA_CRV_6G,driver_028,route_002,3,15
HONDA_CRV_6G,driver_028,route_003,0,15
HONDA_CRV_6G,driver_028,route_003,1,15
HONDA_CRV_6G,driver_028,route_003,2,15
HONDA_CRV_6G,driver_028,route_003,3,15
HONDA_CRV_6G,driver_028,route_004,0,15
HONDA_CRV_6G,driver_028,route_004,1,15
HONDA_CRV_6G,driver_028,route_005,0,15
HONDA_CRV_6G,driver_028,route_005,1,15
HONDA_CRV_6G,driver_028,route_005,2,15
HONDA_CRV_6G,driver_033,route_001,0,15
HONDA_CRV_6G,driver_033,route_001,1,15
HONDA_CRV_6G,driver_033,route_001,2,15
HONDA_CRV_6G,driver_033,route_001,3,15
HONDA_CRV_6G,driver_083,route_001,0,15
HONDA_CRV_6G,driver_083,route_001,1,15
HONDA_CRV_6G,driver_083,route_001,2,15
HONDA_CRV_6G,driver_083,route_001,3,15
HONDA_CRV_6G,driver_083,route_001,4,15
HONDA_CRV_6G,driver_083,route_001,5,15
HONDA_CRV_6G,driver_083,route_001,6,10
HONDA_CRV_6G,driver_083,route_002,0,10
HONDA_CRV_6G,driver_083,route_002,1,10
HONDA_CRV_6G,driver_083,route_003,0,15
HONDA_CRV_6G,driver_083,route_003,1,15
HONDA_CRV_6G,driver_083,route_003,2,15
HONDA_CRV_6G,driver_083,route_003,3,15
HONDA_CRV_6G,driver_083,route_003,4,15
HONDA_CRV_6G,driver_083,route_003,5,15
HONDA_CRV_6G,driver_083,route_003,6,15
HONDA_CRV_6G,driver_083,route_003,7,15
HONDA_CRV_6G,driver_083,route_003,8,15
HONDA_CRV_6G,driver_083,route_003,9,15
HONDA_CRV_6G,driver_083,route_004,0,15
HONDA_CRV_6G,driver_267,route_001,0,15
HONDA_CRV_6G,driver_267,route_001,1,15
HONDA_CRV_6G,driver_267,route_002,0,15
HONDA_CRV_6G,driver_267,route_002,1,15
HONDA_CRV_6G,driver_267,route_002,2,15
HONDA_CRV_6G,driver_267,route_002,3,15
HONDA_CRV_6G,driver_267,route_002,4,15
HONDA_CRV_6G,driver_267,route_002,5,15
HONDA_CRV_HYBRID,driver_188,route_001,0,15
HONDA_CRV_HYBRID,driver_188,route_001,1,15
HONDA_CRV_HYBRID,driver_188,route_001,2,15
HONDA_CRV_HYBRID,driver_188,route_001,3,15
HONDA_CRV_HYBRID,driver_188,route_001,4,15
HONDA_FIT_4G,driver_020,route_001,0,15
HONDA_FIT_4G,driver_020,route_001,1,15
HONDA_FIT_4G,driver_020,route_001,2,15
HONDA_FIT_4G,driver_020,route_001,3,15
HONDA_FIT_4G,driver_020,route_001,4,15
HONDA_FIT_4G,driver_020,route_001,5,15
HONDA_FIT_4G,driver_020,route_002,0,15
HONDA_FIT_4G,driver_020,route_003,0,15
HONDA_FIT_4G,driver_020,route_003,1,15
HONDA_FIT_4G,driver_020,route_004,0,15
HONDA_FIT_4G,driver_020,route_004,1,15
HONDA_FIT_4G,driver_020,route_004,2,15
HONDA_FIT_4G,driver_020,route_004,3,15
HONDA_FIT_4G,driver_020,route_004,4,15
HONDA_FIT_4G,driver_020,route_004,5,15
HONDA_FIT_4G,driver_020,route_004,6,15
HONDA_FIT_4G,driver_020,route_004,7,15
HONDA_FIT_4G,driver_020,route_004,8,15
HONDA_FIT_4G,driver_020,route_004,9,15
HONDA_FIT_4G,driver_020,route_004,10,15
HONDA_FIT_4G,driver_020,route_004,11,15
HONDA_FIT_4G,driver_020,route_004,12,10
HONDA_FIT_4G,driver_020,route_005,0,15
HONDA_FIT_4G,driver_020,route_005,1,15
HONDA_FIT_4G,driver_020,route_005,2,15
HONDA_FIT_4G,driver_020,route_005,3,15
HONDA_FIT_4G,driver_020,route_005,4,15
HONDA_FIT_4G,driver_020,route_005,5,15
HONDA_FIT_4G,driver_020,route_005,6,15
HONDA_FIT_4G,driver_020,route_005,7,15
HONDA_FIT_4G,driver_020,route_006,0,15
HONDA_FIT_4G,driver_020,route_006,1,15
HONDA_FIT_4G,driver_020,route_006,2,15
HONDA_FIT_4G,driver_020,route_006,3,15
HONDA_FIT_4G,driver_020,route_006,4,15
HONDA_FIT_4G,driver_020,route_006,5,15
HONDA_FIT_4G,driver_020,route_006,6,15
HONDA_FIT_4G,driver_020,route_006,7,15
HONDA_FIT_4G,driver_020,route_006,8,15
HONDA_FIT_4G,driver_020,route_007,0,15
HONDA_FIT_4G,driver_020,route_008,0,15
HONDA_FIT_4G,driver_020,route_008,1,15
HONDA_FIT_4G,driver_020,route_008,2,15
HONDA_FIT_4G,driver_020,route_008,3,15
HONDA_FIT_4G,driver_020,route_008,4,15
HONDA_FIT_4G,driver_020,route_008,5,15
HONDA_FIT_4G,driver_020,route_008,6,15
HONDA_FIT_4G,driver_020,route_009,0,15
HONDA_FIT_4G,driver_020,route_009,1,15
HONDA_FIT_4G,driver_020,route_009,2,15
HONDA_FIT_4G,driver_020,route_009,3,15
HONDA_FIT_4G,driver_020,route_009,4,15
HONDA_FIT_4G,driver_020,route_009,5,15
HONDA_FIT_4G,driver_020,route_010,0,15
HONDA_FIT_4G,driver_020,route_010,1,15
HONDA_FIT_4G,driver_020,route_010,2,15
HONDA_FIT_4G,driver_020,route_011,0,15
HONDA_FIT_4G,driver_020,route_011,1,15
HONDA_FIT_4G,driver_020,route_011,2,15
HONDA_FIT_4G,driver_020,route_012,0,15
HONDA_FIT_4G,driver_020,route_012,1,15
HONDA_FIT_4G,driver_020,route_012,2,15
HONDA_FIT_4G,driver_020,route_012,3,15
HONDA_FIT_4G,driver_020,route_012,4,15
HONDA_FIT_4G,driver_020,route_012,5,15
HONDA_FIT_4G,driver_020,route_012,6,15
HONDA_FIT_4G,driver_020,route_012,7,15
HONDA_FIT_4G,driver_020,route_012,8,15
HONDA_FIT_4G,driver_020,route_012,9,15
HONDA_FIT_4G,driver_020,route_012,10,15
HONDA_FIT_4G,driver_020,route_013,0,15
HONDA_FIT_4G,driver_020,route_013,1,15
HONDA_FIT_4G,driver_020,route_013,2,15
HONDA_FIT_4G,driver_020,route_013,3,15
HONDA_FIT_4G,driver_020,route_014,0,15
HONDA_FIT_4G,driver_020,route_014,1,15
HONDA_FIT_4G,driver_020,route_015,0,15
HONDA_FIT_4G,driver_020,route_015,1,15
HONDA_FIT_4G,driver_020,route_016,0,15
HONDA_FIT_4G,driver_020,route_016,1,15
HONDA_FIT_4G,driver_020,route_016,2,15
HONDA_FIT_4G,driver_020,route_016,3,15
HONDA_FIT_4G,driver_020,route_016,4,15
HONDA_FIT_4G,driver_020,route_016,5,15
HONDA_FIT_4G,driver_020,route_017,0,15
HONDA_FIT_4G,driver_020,route_017,1,15
HONDA_FIT_4G,driver_020,route_017,2,15
HONDA_FIT_4G,driver_020,route_017,3,15
HONDA_FIT_4G,driver_020,route_017,4,15
HONDA_FIT_4G,driver_020,route_017,5,15
HONDA_HRV_3G,driver_041,route_001,0,15
HONDA_HRV_3G,driver_041,route_001,1,15
HONDA_HRV_3G,driver_041,route_001,2,15
HONDA_HRV_3G,driver_041,route_001,3,15
HONDA_HRV_3G,driver_041,route_001,4,15
HONDA_HRV_3G,driver_041,route_001,5,15
HONDA_HRV_3G,driver_041,route_001,6,15
HONDA_HRV_3G,driver_041,route_001,7,15
HONDA_HRV_3G,driver_041,route_002,0,15
HONDA_HRV_3G,driver_041,route_002,1,15
HONDA_HRV_3G,driver_041,route_002,2,15
HONDA_HRV_3G,driver_041,route_003,0,15
HONDA_HRV_3G,driver_041,route_003,1,15
HONDA_HRV_3G,driver_041,route_004,0,15
HONDA_HRV_3G,driver_041,route_004,1,15
HONDA_HRV_3G,driver_041,route_004,2,15
HONDA_HRV_3G,driver_041,route_004,3,15
HONDA_HRV_3G,driver_041,route_004,4,15
HONDA_HRV_3G,driver_041,route_004,5,15
HONDA_HRV_3G,driver_041,route_004,6,15
HONDA_HRV_3G,driver_041,route_005,0,15
HONDA_HRV_3G,driver_041,route_005,1,15
HONDA_HRV_3G,driver_041,route_005,2,15
HONDA_HRV_3G,driver_041,route_005,3,15
HONDA_HRV_3G,driver_041,route_005,4,15
HONDA_HRV_3G,driver_041,route_005,5,15
HONDA_HRV_3G,driver_041,route_005,6,15
HONDA_HRV_3G,driver_041,route_005,7,15
HONDA_HRV_3G,driver_041,route_005,8,15
HONDA_HRV_3G,driver_041,route_005,9,15
HONDA_HRV_3G,driver_041,route_006,0,15
HONDA_HRV_3G,driver_041,route_007,0,15
HONDA_HRV_3G,driver_041,route_007,1,15
HONDA_ODYSSEY,driver_177,route_001,0,15
HONDA_ODYSSEY,driver_177,route_001,1,15
HONDA_ODYSSEY,driver_177,route_001,2,15
HONDA_ODYSSEY,driver_177,route_001,3,15
HONDA_ODYSSEY,driver_177,route_002,0,15
HONDA_ODYSSEY,driver_177,route_002,1,15
HONDA_ODYSSEY,driver_177,route_002,2,15
HONDA_ODYSSEY,driver_177,route_002,3,15
HONDA_ODYSSEY,driver_177,route_002,4,15
HONDA_ODYSSEY,driver_177,route_002,5,15
HONDA_ODYSSEY,driver_360,route_001,0,15
HONDA_ODYSSEY,driver_360,route_001,1,15
HONDA_ODYSSEY,driver_360,route_001,2,15
HONDA_ODYSSEY_2018,driver_134,route_001,0,10
HONDA_ODYSSEY_2018,driver_134,route_001,1,10
HONDA_ODYSSEY_2018,driver_134,route_001,2,10
HONDA_ODYSSEY_2018,driver_134,route_001,3,10
HONDA_ODYSSEY_2018,driver_134,route_001,4,10
HONDA_ODYSSEY_2018,driver_134,route_001,5,10
HONDA_ODYSSEY_2018,driver_134,route_001,6,10
HONDA_ODYSSEY_2018,driver_134,route_001,7,10
HONDA_ODYSSEY_2018,driver_134,route_001,8,10
HONDA_ODYSSEY_2018,driver_134,route_001,9,10
HONDA_ODYSSEY_2018,driver_134,route_001,10,10
HONDA_ODYSSEY_2018,driver_134,route_001,11,10
HONDA_ODYSSEY_2018,driver_134,route_001,12,10
HONDA_ODYSSEY_2018,driver_134,route_001,13,10
HONDA_ODYSSEY_2018,driver_134,route_001,14,10
HONDA_ODYSSEY_2018,driver_134,route_001,15,10
HONDA_ODYSSEY_2018,driver_134,route_001,16,10
HONDA_ODYSSEY_2018,driver_134,route_001,17,10
HONDA_ODYSSEY_2018,driver_134,route_001,18,10
HONDA_ODYSSEY_2018,driver_134,route_001,19,10
HONDA_ODYSSEY_2018,driver_134,route_001,20,10
HONDA_ODYSSEY_2018,driver_134,route_001,21,10
HONDA_ODYSSEY_2018,driver_134,route_001,22,10
HONDA_ODYSSEY_2018,driver_134,route_001,23,10
HONDA_ODYSSEY_2018,driver_134,route_001,24,10
HONDA_ODYSSEY_2018,driver_134,route_001,25,10
HONDA_ODYSSEY_2018,driver_134,route_001,26,10
HONDA_ODYSSEY_2018,driver_134,route_001,27,10
HONDA_ODYSSEY_2018,driver_134,route_001,28,10
HONDA_ODYSSEY_2018,driver_134,route_001,29,10
HONDA_ODYSSEY_2018,driver_134,route_001,30,10
HONDA_ODYSSEY_2018,driver_134,route_001,31,10
HONDA_ODYSSEY_2018,driver_134,route_001,32,10
HONDA_ODYSSEY_2018,driver_134,route_001,33,10
HONDA_ODYSSEY_2018,driver_134,route_001,34,10
HONDA_ODYSSEY_2018,driver_134,route_001,35,10
HONDA_ODYSSEY_2018,driver_134,route_001,36,10
HONDA_ODYSSEY_2018,driver_134,route_001,37,10
HONDA_ODYSSEY_2018,driver_134,route_001,38,10
HONDA_ODYSSEY_2018,driver_134,route_001,39,10
HONDA_ODYSSEY_2018,driver_134,route_001,40,10
HONDA_ODYSSEY_2018,driver_134,route_001,41,10
HONDA_ODYSSEY_2018,driver_134,route_001,42,10
HONDA_ODYSSEY_2018,driver_134,route_001,43,10
HONDA_ODYSSEY_2018,driver_134,route_001,44,10
HONDA_ODYSSEY_2018,driver_134,route_001,45,10
HONDA_ODYSSEY_2018,driver_134,route_001,46,10
HONDA_ODYSSEY_2018,driver_134,route_001,47,10
HONDA_ODYSSEY_2018,driver_134,route_001,48,10
HONDA_ODYSSEY_2018,driver_134,route_001,49,10
HONDA_ODYSSEY_2018,driver_134,route_001,50,10
HONDA_ODYSSEY_2018,driver_134,route_001,51,10
HONDA_ODYSSEY_2018,driver_134,route_001,52,10
HONDA_ODYSSEY_2018,driver_134,route_002,0,15
HONDA_ODYSSEY_2018,driver_134,route_002,1,15
HONDA_ODYSSEY_2018,driver_134,route_002,2,15
HONDA_ODYSSEY_2018,driver_134,route_002,3,15
HONDA_ODYSSEY_2018,driver_134,route_002,4,15
HONDA_ODYSSEY_2018,driver_134,route_002,5,15
HONDA_ODYSSEY_2018,driver_134,route_002,6,15
HONDA_ODYSSEY_2018,driver_134,route_002,7,15
HONDA_ODYSSEY_2018,driver_134,route_002,8,15
HONDA_ODYSSEY_2018,driver_134,route_002,9,15
HONDA_ODYSSEY_2018,driver_134,route_002,10,10
HONDA_ODYSSEY_2018,driver_134,route_002,11,10
HONDA_ODYSSEY_2018,driver_134,route_002,12,10
HONDA_ODYSSEY_2018,driver_134,route_002,13,10
HONDA_ODYSSEY_2018,driver_134,route_002,14,10
HONDA_ODYSSEY_2018,driver_134,route_002,15,10
HONDA_ODYSSEY_2018,driver_134,route_002,16,10
HONDA_ODYSSEY_2018,driver_134,route_003,0,15
HONDA_ODYSSEY_2018,driver_134,route_003,1,15
HONDA_ODYSSEY_2018,driver_134,route_003,2,15
HONDA_ODYSSEY_2018,driver_134,route_003,3,15
HONDA_ODYSSEY_2018,driver_134,route_003,4,15
HONDA_ODYSSEY_2018,driver_134,route_003,5,15
HONDA_ODYSSEY_2018,driver_134,route_003,6,15
HONDA_ODYSSEY_2018,driver_134,route_003,7,15
HONDA_ODYSSEY_2018,driver_134,route_003,8,15
HONDA_ODYSSEY_2018,driver_134,route_003,9,15
HONDA_ODYSSEY_2018,driver_134,route_003,10,10
HONDA_ODYSSEY_2018,driver_134,route_004,0,15
HONDA_ODYSSEY_2018,driver_134,route_004,1,15
HONDA_ODYSSEY_2018,driver_134,route_004,2,15
HONDA_ODYSSEY_2018,driver_134,route_004,3,15
HONDA_ODYSSEY_2018,driver_134,route_004,4,15
HONDA_ODYSSEY_2018,driver_134,route_005,0,10
HONDA_ODYSSEY_2018,driver_134,route_005,1,10
HONDA_ODYSSEY_2018,driver_134,route_005,2,10
HONDA_ODYSSEY_2018,driver_134,route_005,3,10
HONDA_ODYSSEY_2018,driver_134,route_005,4,10
HONDA_ODYSSEY_2018,driver_134,route_005,5,10
HONDA_ODYSSEY_2018,driver_134,route_005,6,10
HONDA_ODYSSEY_2018,driver_134,route_005,7,10
HONDA_ODYSSEY_2018,driver_134,route_005,8,10
HONDA_ODYSSEY_2018,driver_134,route_005,9,10
HONDA_ODYSSEY_2018,driver_134,route_005,10,10
HONDA_ODYSSEY_2018,driver_134,route_005,11,10
HONDA_ODYSSEY_2018,driver_134,route_005,12,10
HONDA_ODYSSEY_2018,driver_134,route_005,13,10
HONDA_ODYSSEY_2018,driver_134,route_005,14,10
HONDA_ODYSSEY_2018,driver_134,route_005,15,10
HONDA_ODYSSEY_2018,driver_134,route_005,16,10
HONDA_ODYSSEY_2018,driver_134,route_006,0,15
HONDA_ODYSSEY_2018,driver_134,route_006,1,15
HONDA_ODYSSEY_2018,driver_134,route_006,2,15
HONDA_ODYSSEY_2018,driver_134,route_006,3,15
HONDA_ODYSSEY_2018,driver_134,route_006,4,15
HONDA_ODYSSEY_2018,driver_134,route_006,5,10
HONDA_ODYSSEY_2018,driver_134,route_006,6,10
HONDA_ODYSSEY_2018,driver_134,route_006,7,10
HONDA_ODYSSEY_2018,driver_134,route_007,0,15
HONDA_ODYSSEY_2018,driver_134,route_007,1,15
HONDA_ODYSSEY_2018,driver_134,route_008,0,15
HONDA_ODYSSEY_2018,driver_134,route_008,1,15
HONDA_ODYSSEY_2018,driver_134,route_009,0,15
HONDA_ODYSSEY_2018,driver_134,route_009,1,15
HONDA_ODYSSEY_2018,driver_134,route_009,2,15
HONDA_ODYSSEY_2018,driver_134,route_009,3,15
HONDA_ODYSSEY_2018,driver_134,route_009,4,15
HONDA_ODYSSEY_2018,driver_134,route_009,5,15
HONDA_ODYSSEY_2018,driver_134,route_009,6,15
HONDA_ODYSSEY_2018,driver_134,route_009,7,15
HONDA_ODYSSEY_2018,driver_134,route_009,8,15
HONDA_ODYSSEY_2018,driver_134,route_009,9,15
HONDA_ODYSSEY_2018,driver_134,route_009,10,15
HONDA_ODYSSEY_2018,driver_134,route_009,11,15
HONDA_ODYSSEY_2018,driver_134,route_009,12,15
HONDA_ODYSSEY_2018,driver_134,route_009,13,15
HONDA_ODYSSEY_2018,driver_134,route_009,14,15
HONDA_ODYSSEY_2018,driver_134,route_009,15,15
HONDA_ODYSSEY_2018,driver_134,route_009,16,15
HONDA_ODYSSEY_2018,driver_134,route_009,17,15
HONDA_ODYSSEY_2018,driver_134,route_009,18,15
HONDA_ODYSSEY_2018,driver_134,route_009,19,15
HONDA_ODYSSEY_2018,driver_134,route_009,20,15
HONDA_ODYSSEY_2018,driver_134,route_009,21,15
HONDA_ODYSSEY_2018,driver_134,route_009,22,15
HONDA_ODYSSEY_2018,driver_134,route_009,23,15
HONDA_ODYSSEY_2018,driver_134,route_009,24,15
HONDA_ODYSSEY_2018,driver_134,route_009,25,15
HONDA_ODYSSEY_2018,driver_134,route_009,26,15
HONDA_ODYSSEY_2018,driver_134,route_009,27,15
HONDA_ODYSSEY_2018,driver_134,route_009,28,15
HONDA_ODYSSEY_2018,driver_134,route_009,29,15
HONDA_ODYSSEY_2018,driver_134,route_009,30,15
HONDA_ODYSSEY_2018,driver_134,route_009,31,15
HONDA_ODYSSEY_2018,driver_134,route_009,32,15
HONDA_ODYSSEY_2018,driver_134,route_009,33,15
HONDA_ODYSSEY_2018,driver_134,route_009,34,15
HONDA_ODYSSEY_2018,driver_134,route_009,35,15
HONDA_ODYSSEY_2018,driver_134,route_009,36,15
HONDA_ODYSSEY_2018,driver_134,route_009,37,15
HONDA_ODYSSEY_2018,driver_134,route_009,38,15
HONDA_ODYSSEY_2018,driver_134,route_009,39,15
HONDA_ODYSSEY_2018,driver_134,route_009,40,15
HONDA_ODYSSEY_2018,driver_134,route_009,41,15
HONDA_ODYSSEY_2018,driver_134,route_010,0,15
HONDA_ODYSSEY_2018,driver_134,route_010,1,15
HONDA_ODYSSEY_2018,driver_134,route_010,2,15
HONDA_ODYSSEY_2018,driver_134,route_010,3,15
HONDA_ODYSSEY_2018,driver_134,route_010,4,15
HONDA_ODYSSEY_2018,driver_134,route_010,5,15
HONDA_ODYSSEY_2018,driver_134,route_010,6,15
HONDA_ODYSSEY_2018,driver_134,route_010,7,15
HONDA_ODYSSEY_2018,driver_134,route_010,8,15
HONDA_ODYSSEY_2018,driver_134,route_010,9,15
HONDA_ODYSSEY_2018,driver_134,route_010,10,15
HONDA_ODYSSEY_2018,driver_134,route_010,11,15
HONDA_ODYSSEY_5G_MMR,driver_183,route_001,0,15
HONDA_ODYSSEY_5G_MMR,driver_183,route_001,1,15
HONDA_ODYSSEY_5G_MMR,driver_183,route_001,2,15
HONDA_ODYSSEY_5G_MMR,driver_183,route_001,3,15
HONDA_ODYSSEY_5G_MMR,driver_183,route_001,4,15
HONDA_ODYSSEY_5G_MMR,driver_183,route_002,0,15
HONDA_ODYSSEY_5G_MMR,driver_183,route_002,1,15
HONDA_ODYSSEY_5G_MMR,driver_278,route_001,0,15
HONDA_ODYSSEY_5G_MMR,driver_278,route_002,0,15
HONDA_ODYSSEY_5G_MMR,driver_278,route_002,1,15
HONDA_ODYSSEY_5G_MMR,driver_278,route_002,2,15
HONDA_ODYSSEY_5G_MMR,driver_278,route_002,3,15
HONDA_ODYSSEY_5G_MMR,driver_278,route_002,4,15
HONDA_ODYSSEY_5G_MMR,driver_278,route_002,5,15
HONDA_ODYSSEY_5G_MMR,driver_278,route_003,0,15
HONDA_ODYSSEY_5G_MMR,driver_278,route_004,0,15
HONDA_ODYSSEY_5G_MMR,driver_278,route_004,1,15
HONDA_ODYSSEY_5G_MMR,driver_278,route_004,2,15
HONDA_ODYSSEY_5G_MMR,driver_278,route_005,0,15
HONDA_ODYSSEY_5G_MMR,driver_278,route_006,0,15
HONDA_ODYSSEY_5G_MMR,driver_278,route_006,1,15
HONDA_ODYSSEY_5G_MMR,driver_278,route_007,0,15
HONDA_ODYSSEY_5G_MMR,driver_278,route_007,1,15
HONDA_ODYSSEY_5G_MMR,driver_278,route_007,2,15
HONDA_ODYSSEY_CHN_2019,driver_047,route_001,0,15
HONDA_ODYSSEY_CHN_2019,driver_047,route_001,1,15
HONDA_ODYSSEY_CHN_2019,driver_047,route_001,2,15
HONDA_ODYSSEY_CHN_2019,driver_047,route_001,3,15
HONDA_ODYSSEY_CHN_2019,driver_047,route_001,4,15
HONDA_ODYSSEY_CHN_2019,driver_047,route_001,5,15
HONDA_ODYSSEY_CHN_2019,driver_047,route_001,6,15
HONDA_ODYSSEY_CHN_2019,driver_047,route_001,7,15
HONDA_ODYSSEY_CHN_2019,driver_047,route_001,8,15
HONDA_ODYSSEY_CHN_2019,driver_047,route_001,9,15
HONDA_ODYSSEY_CHN_2019,driver_047,route_001,10,15
HONDA_ODYSSEY_CHN_2019,driver_047,route_002,0,15
HONDA_ODYSSEY_CHN_2019,driver_047,route_002,1,15
HONDA_ODYSSEY_CHN_2019,driver_047,route_002,2,15
HONDA_ODYSSEY_CHN_2019,driver_047,route_002,3,15
HONDA_ODYSSEY_CHN_2019,driver_047,route_002,4,15
HONDA_ODYSSEY_CHN_2019,driver_047,route_002,5,15
HONDA_ODYSSEY_CHN_2019,driver_047,route_002,6,15
HONDA_ODYSSEY_CHN_2019,driver_047,route_002,7,15
HONDA_ODYSSEY_CHN_2019,driver_047,route_002,8,15
HONDA_ODYSSEY_CHN_2019,driver_047,route_002,9,15
HONDA_ODYSSEY_CHN_2019,driver_047,route_002,10,15
HONDA_ODYSSEY_CHN_2019,driver_047,route_002,11,15
HONDA_ODYSSEY_CHN_2019,driver_047,route_003,0,15
HONDA_ODYSSEY_CHN_2019,driver_047,route_003,1,15
HONDA_ODYSSEY_CHN_2019,driver_047,route_003,2,15
HONDA_ODYSSEY_CHN_2019,driver_047,route_003,3,15
HONDA_ODYSSEY_CHN_2019,driver_047,route_003,4,15
HONDA_ODYSSEY_CHN_2019,driver_047,route_003,5,15
HONDA_ODYSSEY_CHN_2019,driver_047,route_003,6,15
HONDA_ODYSSEY_CHN_2019,driver_047,route_003,7,15
HONDA_PILOT,driver_171,route_001,0,15
HONDA_PILOT,driver_171,route_001,1,15
HONDA_PILOT,driver_171,route_001,2,15
HONDA_PILOT,driver_171,route_001,3,15
HONDA_PILOT,driver_171,route_001,4,15
HONDA_PILOT,driver_171,route_001,5,15
HONDA_PILOT,driver_171,route_001,6,15
HONDA_PILOT,driver_171,route_001,7,15
HONDA_PILOT,driver_171,route_001,8,15
HONDA_PILOT,driver_171,route_001,9,15
HONDA_PILOT,driver_171,route_001,10,15
HONDA_PILOT,driver_171,route_001,11,15
HONDA_PILOT,driver_171,route_001,12,15
HONDA_PILOT,driver_171,route_002,0,15
HONDA_PILOT,driver_171,route_002,1,15
HONDA_PILOT,driver_171,route_002,2,15
HONDA_PILOT,driver_171,route_002,3,15
HONDA_PILOT,driver_171,route_003,0,15
HONDA_PILOT,driver_171,route_003,1,15
HONDA_PILOT,driver_171,route_003,2,15
HONDA_PILOT,driver_171,route_003,3,15
HONDA_PILOT,driver_171,route_003,4,15
HONDA_PILOT,driver_171,route_003,5,15
HONDA_PILOT,driver_171,route_003,6,15
HONDA_PILOT_4G,driver_311,route_001,0,15
HONDA_PILOT_4G,driver_311,route_001,1,15
HONDA_PILOT_4G,driver_311,route_001,2,15
HONDA_PILOT_4G,driver_311,route_001,3,15
HONDA_PILOT_4G,driver_311,route_001,4,15
HONDA_PILOT_4G,driver_311,route_001,5,15
HONDA_PILOT_4G,driver_311,route_001,6,15
HONDA_PILOT_4G,driver_311,route_001,7,15
HONDA_PILOT_4G,driver_317,route_001,0,15
HONDA_PILOT_4G,driver_317,route_001,1,15
HONDA_PILOT_4G,driver_317,route_001,2,15
HONDA_PILOT_4G,driver_317,route_001,3,15
HONDA_PILOT_4G,driver_317,route_001,4,15
HONDA_PILOT_4G,driver_317,route_002,0,15
HONDA_PILOT_4G,driver_317,route_002,1,15
HONDA_PILOT_4G,driver_317,route_002,2,15
HONDA_PILOT_4G,driver_317,route_002,3,15
HONDA_PILOT_4G,driver_317,route_002,4,15
HONDA_PILOT_4G,driver_317,route_002,5,10
HONDA_RIDGELINE_2017,driver_309,route_001,0,15
HONDA_RIDGELINE_2017,driver_309,route_001,1,15
HONDA_RIDGELINE_2017,driver_309,route_001,2,15
HYUNDAI_ELANTRA_2021,driver_031,route_022,0,15
HYUNDAI_ELANTRA_2021,driver_031,route_022,1,15
HYUNDAI_ELANTRA_2021,driver_031,route_022,2,15
HYUNDAI_ELANTRA_2021,driver_031,route_022,3,15
HYUNDAI_ELANTRA_2021,driver_057,route_001,0,15
HYUNDAI_ELANTRA_2021,driver_057,route_001,1,15
HYUNDAI_ELANTRA_2021,driver_057,route_001,2,15
HYUNDAI_ELANTRA_2021,driver_057,route_001,3,15
HYUNDAI_ELANTRA_2021,driver_057,route_001,4,15
HYUNDAI_ELANTRA_2021,driver_057,route_001,5,15
HYUNDAI_ELANTRA_2021,driver_057,route_001,6,15
HYUNDAI_ELANTRA_2021,driver_057,route_002,0,15
HYUNDAI_ELANTRA_2021,driver_057,route_002,1,15
HYUNDAI_ELANTRA_2021,driver_057,route_002,2,15
HYUNDAI_ELANTRA_2021,driver_057,route_002,3,15
HYUNDAI_ELANTRA_2021,driver_057,route_003,0,15
HYUNDAI_ELANTRA_2021,driver_057,route_003,1,15
HYUNDAI_ELANTRA_2021,driver_057,route_003,2,15
HYUNDAI_ELANTRA_2021,driver_057,route_004,0,15
HYUNDAI_ELANTRA_2021,driver_057,route_004,1,15
HYUNDAI_ELANTRA_2021,driver_057,route_004,2,15
HYUNDAI_ELANTRA_2021,driver_057,route_004,3,10
HYUNDAI_ELANTRA_2021,driver_224,route_001,0,10
HYUNDAI_ELANTRA_2021,driver_224,route_001,1,10
HYUNDAI_ELANTRA_2021,driver_224,route_001,2,10
HYUNDAI_ELANTRA_2021,driver_224,route_001,3,10
HYUNDAI_ELANTRA_2021,driver_224,route_001,4,10
HYUNDAI_ELANTRA_2021,driver_224,route_001,5,10
HYUNDAI_ELANTRA_2021,driver_224,route_001,6,10
HYUNDAI_ELANTRA_2021,driver_224,route_001,7,10
HYUNDAI_ELANTRA_2021,driver_224,route_001,8,10
HYUNDAI_ELANTRA_2021,driver_224,route_001,9,10
HYUNDAI_ELANTRA_2021,driver_224,route_001,10,10
HYUNDAI_ELANTRA_2021,driver_224,route_001,11,10
HYUNDAI_ELANTRA_2021,driver_224,route_001,12,10
HYUNDAI_ELANTRA_2021,driver_224,route_001,13,10
HYUNDAI_ELANTRA_2021,driver_224,route_001,14,10
HYUNDAI_ELANTRA_2021,driver_224,route_001,15,10
HYUNDAI_ELANTRA_2021,driver_224,route_001,16,10
HYUNDAI_ELANTRA_2021,driver_351,route_001,0,15
HYUNDAI_ELANTRA_2021,driver_351,route_001,1,15
HYUNDAI_ELANTRA_2021,driver_351,route_001,2,15
HYUNDAI_ELANTRA_2021,driver_351,route_001,3,15
HYUNDAI_ELANTRA_2021,driver_351,route_001,4,15
HYUNDAI_ELANTRA_2021,driver_351,route_001,5,15
HYUNDAI_ELANTRA_2021,driver_351,route_001,6,15
HYUNDAI_ELANTRA_2021,driver_351,route_001,7,15
HYUNDAI_ELANTRA_2021,driver_351,route_001,8,15
HYUNDAI_ELANTRA_2021,driver_351,route_001,9,15
HYUNDAI_ELANTRA_2021,driver_351,route_001,10,15
HYUNDAI_ELANTRA_2021,driver_351,route_001,11,15
HYUNDAI_ELANTRA_2022_NON_SCC,driver_044,route_001,0,15
HYUNDAI_ELANTRA_2022_NON_SCC,driver_044,route_001,1,15
HYUNDAI_ELANTRA_2022_NON_SCC,driver_044,route_001,2,15
HYUNDAI_ELANTRA_2022_NON_SCC,driver_044,route_001,3,15
HYUNDAI_ELANTRA_2022_NON_SCC,driver_044,route_001,4,15
HYUNDAI_ELANTRA_2022_NON_SCC,driver_044,route_001,5,10
HYUNDAI_ELANTRA_2022_NON_SCC,driver_044,route_002,0,15
HYUNDAI_ELANTRA_2022_NON_SCC,driver_044,route_002,1,15
HYUNDAI_ELANTRA_2022_NON_SCC,driver_044,route_002,2,15
HYUNDAI_ELANTRA_2022_NON_SCC,driver_044,route_002,3,15
HYUNDAI_ELANTRA_2022_NON_SCC,driver_044,route_002,4,15
HYUNDAI_ELANTRA_2022_NON_SCC,driver_044,route_002,5,15
HYUNDAI_ELANTRA_2022_NON_SCC,driver_044,route_002,6,15
HYUNDAI_ELANTRA_2022_NON_SCC,driver_044,route_002,7,15
HYUNDAI_ELANTRA_2022_NON_SCC,driver_044,route_002,8,15
HYUNDAI_ELANTRA_2022_NON_SCC,driver_044,route_002,9,10
HYUNDAI_ELANTRA_2022_NON_SCC,driver_044,route_003,0,15
HYUNDAI_ELANTRA_2022_NON_SCC,driver_044,route_003,1,15
HYUNDAI_ELANTRA_2022_NON_SCC,driver_044,route_003,2,15
HYUNDAI_ELANTRA_2022_NON_SCC,driver_044,route_003,3,15
HYUNDAI_ELANTRA_2022_NON_SCC,driver_044,route_003,4,15
HYUNDAI_ELANTRA_2022_NON_SCC,driver_044,route_003,5,15
HYUNDAI_ELANTRA_2022_NON_SCC,driver_044,route_003,6,15
HYUNDAI_ELANTRA_2022_NON_SCC,driver_044,route_003,7,15
HYUNDAI_ELANTRA_2022_NON_SCC,driver_044,route_003,8,15
HYUNDAI_ELANTRA_2022_NON_SCC,driver_044,route_004,0,15
HYUNDAI_ELANTRA_2022_NON_SCC,driver_044,route_004,1,15
HYUNDAI_ELANTRA_2022_NON_SCC,driver_044,route_004,2,15
HYUNDAI_ELANTRA_2022_NON_SCC,driver_044,route_004,3,15
HYUNDAI_ELANTRA_2022_NON_SCC,driver_044,route_004,4,15
HYUNDAI_ELANTRA_2022_NON_SCC,driver_044,route_004,5,15
HYUNDAI_ELANTRA_2022_NON_SCC,driver_044,route_005,0,15
HYUNDAI_ELANTRA_2022_NON_SCC,driver_044,route_005,1,15
HYUNDAI_ELANTRA_2022_NON_SCC,driver_044,route_006,0,15
HYUNDAI_ELANTRA_2022_NON_SCC,driver_044,route_006,1,15
HYUNDAI_ELANTRA_2022_NON_SCC,driver_044,route_006,2,15
HYUNDAI_ELANTRA_2022_NON_SCC,driver_044,route_006,3,15
HYUNDAI_ELANTRA_2022_NON_SCC,driver_044,route_006,4,15
HYUNDAI_ELANTRA_2022_NON_SCC,driver_044,route_006,5,15
HYUNDAI_ELANTRA_2022_NON_SCC,driver_044,route_006,6,15
HYUNDAI_ELANTRA_2022_NON_SCC,driver_044,route_006,7,15
HYUNDAI_ELANTRA_2022_NON_SCC,driver_044,route_006,8,15
HYUNDAI_ELANTRA_2022_NON_SCC,driver_044,route_006,9,15
HYUNDAI_ELANTRA_2022_NON_SCC,driver_044,route_006,10,15
HYUNDAI_ELANTRA_2022_NON_SCC,driver_044,route_006,11,10
HYUNDAI_ELANTRA_2022_NON_SCC,driver_044,route_006,12,10
HYUNDAI_ELANTRA_2022_NON_SCC,driver_044,route_006,13,10
HYUNDAI_ELANTRA_2022_NON_SCC,driver_044,route_007,0,15
HYUNDAI_ELANTRA_2022_NON_SCC,driver_044,route_007,1,15
HYUNDAI_ELANTRA_2022_NON_SCC,driver_044,route_007,2,15
HYUNDAI_ELANTRA_2022_NON_SCC,driver_044,route_007,3,15
HYUNDAI_ELANTRA_2022_NON_SCC,driver_044,route_007,4,15
HYUNDAI_ELANTRA_2022_NON_SCC,driver_044,route_007,5,15
HYUNDAI_ELANTRA_2022_NON_SCC,driver_044,route_007,6,15
HYUNDAI_ELANTRA_2022_NON_SCC,driver_044,route_007,7,15
HYUNDAI_ELANTRA_2022_NON_SCC,driver_044,route_007,8,15
HYUNDAI_ELANTRA_2022_NON_SCC,driver_044,route_007,9,15
HYUNDAI_ELANTRA_2022_NON_SCC,driver_044,route_007,10,15
HYUNDAI_ELANTRA_2022_NON_SCC,driver_044,route_007,11,15
HYUNDAI_ELANTRA_2022_NON_SCC,driver_044,route_007,12,15
HYUNDAI_ELANTRA_2022_NON_SCC,driver_044,route_007,13,10
HYUNDAI_ELANTRA_2022_NON_SCC,driver_044,route_007,14,10
HYUNDAI_ELANTRA_2022_NON_SCC,driver_044,route_007,15,10
HYUNDAI_ELANTRA_2022_NON_SCC,driver_044,route_007,16,10
HYUNDAI_ELANTRA_2024,driver_256,route_001,0,15
HYUNDAI_ELANTRA_2024,driver_256,route_002,0,15
HYUNDAI_ELANTRA_2024,driver_256,route_003,0,15
HYUNDAI_ELANTRA_2024,driver_256,route_003,1,15
HYUNDAI_ELANTRA_2024,driver_256,route_003,2,15
HYUNDAI_ELANTRA_2024,driver_256,route_003,3,15
HYUNDAI_ELANTRA_2024,driver_256,route_004,0,15
HYUNDAI_ELANTRA_2024,driver_256,route_005,0,15
HYUNDAI_ELANTRA_2024,driver_256,route_005,1,15
HYUNDAI_ELANTRA_2024,driver_256,route_005,2,15
HYUNDAI_ELANTRA_2024,driver_256,route_005,3,15
HYUNDAI_ELANTRA_2024,driver_256,route_005,4,15
HYUNDAI_ELANTRA_2024,driver_256,route_006,0,15
HYUNDAI_ELANTRA_2024,driver_256,route_006,1,15
HYUNDAI_ELANTRA_2024,driver_256,route_006,2,15
HYUNDAI_ELANTRA_2024,driver_256,route_006,3,15
HYUNDAI_ELANTRA_2024,driver_256,route_007,0,15
HYUNDAI_ELANTRA_2024,driver_256,route_007,1,15
HYUNDAI_ELANTRA_2024,driver_256,route_007,2,15
HYUNDAI_ELANTRA_HEV_2021,driver_173,route_001,0,15
HYUNDAI_ELANTRA_HEV_2021,driver_173,route_001,1,15
HYUNDAI_ELANTRA_HEV_2021,driver_173,route_001,2,15
HYUNDAI_ELANTRA_HEV_2021,driver_173,route_001,3,15
HYUNDAI_ELANTRA_HEV_2021,driver_173,route_001,4,15
HYUNDAI_ELANTRA_HEV_2021,driver_173,route_001,5,15
HYUNDAI_ELANTRA_HEV_2021,driver_173,route_001,6,15
HYUNDAI_ELANTRA_HEV_2021,driver_173,route_001,7,15
HYUNDAI_ELANTRA_HEV_2021,driver_173,route_001,8,15
HYUNDAI_ELANTRA_HEV_2021,driver_173,route_001,9,15
HYUNDAI_ELANTRA_HEV_2021,driver_173,route_001,10,15
HYUNDAI_ELANTRA_HEV_2021,driver_173,route_001,11,15
HYUNDAI_ELANTRA_HEV_2021,driver_173,route_001,12,15
HYUNDAI_ELANTRA_HEV_2021,driver_173,route_001,13,15
HYUNDAI_ELANTRA_HEV_2021,driver_173,route_001,14,15
HYUNDAI_ELANTRA_HEV_2021,driver_173,route_001,15,15
HYUNDAI_ELANTRA_HEV_2021,driver_173,route_001,16,15
HYUNDAI_ELANTRA_HEV_2021,driver_173,route_001,17,15
HYUNDAI_ELANTRA_HEV_2021,driver_173,route_001,18,10
HYUNDAI_ELANTRA_HEV_2021,driver_173,route_002,0,15
HYUNDAI_ELANTRA_HEV_2021,driver_173,route_002,1,15
HYUNDAI_ELANTRA_HEV_2021,driver_173,route_002,2,15
HYUNDAI_ELANTRA_HEV_2021,driver_173,route_002,3,15
HYUNDAI_ELANTRA_HEV_2021,driver_173,route_003,0,15
HYUNDAI_ELANTRA_HEV_2021,driver_173,route_003,1,15
HYUNDAI_ELANTRA_HEV_2021,driver_173,route_003,2,15
HYUNDAI_ELANTRA_HEV_2021,driver_173,route_003,3,15
HYUNDAI_ELANTRA_HEV_2021,driver_173,route_004,0,15
HYUNDAI_ELANTRA_HEV_2021,driver_173,route_004,1,15
HYUNDAI_ELANTRA_HEV_2021,driver_173,route_004,2,15
HYUNDAI_ELANTRA_HEV_2021,driver_173,route_004,3,15
HYUNDAI_ELANTRA_HEV_2021,driver_173,route_004,4,15
HYUNDAI_ELANTRA_HEV_2021,driver_173,route_004,5,15
HYUNDAI_ELANTRA_HEV_2021,driver_173,route_004,6,15
HYUNDAI_ELANTRA_HEV_2021,driver_173,route_004,7,15
HYUNDAI_ELANTRA_HEV_2021,driver_173,route_004,8,15
HYUNDAI_ELANTRA_HEV_2021,driver_173,route_004,9,15
HYUNDAI_ELANTRA_HEV_2021,driver_173,route_005,0,15
HYUNDAI_ELANTRA_HEV_2021,driver_173,route_005,1,15
HYUNDAI_ELANTRA_HEV_2021,driver_173,route_005,2,15
HYUNDAI_ELANTRA_HEV_2021,driver_173,route_005,3,15
HYUNDAI_ELANTRA_HEV_2021,driver_173,route_005,4,15
HYUNDAI_ELANTRA_HEV_2021,driver_173,route_006,0,15
HYUNDAI_ELANTRA_HEV_2021,driver_173,route_006,1,15
HYUNDAI_ELANTRA_HEV_2021,driver_173,route_006,2,15
HYUNDAI_ELANTRA_HEV_2021,driver_173,route_006,3,15
HYUNDAI_ELANTRA_HEV_2021,driver_173,route_006,4,15
HYUNDAI_ELANTRA_HEV_2021,driver_173,route_006,5,15
HYUNDAI_ELANTRA_HEV_2021,driver_173,route_006,6,15
HYUNDAI_ELANTRA_HEV_2021,driver_173,route_006,7,15
HYUNDAI_ELANTRA_HEV_2021,driver_173,route_006,8,15
HYUNDAI_ELANTRA_HEV_2021,driver_173,route_006,9,15
HYUNDAI_ELANTRA_HEV_2021,driver_173,route_006,10,15
HYUNDAI_ELANTRA_HEV_2021,driver_173,route_006,11,15
HYUNDAI_ELANTRA_HEV_2021,driver_173,route_006,12,15
HYUNDAI_ELANTRA_HEV_2021,driver_173,route_006,13,15
HYUNDAI_ELANTRA_HEV_2021,driver_173,route_007,0,15
HYUNDAI_ELANTRA_HEV_2021,driver_173,route_007,1,15
HYUNDAI_ELANTRA_HEV_2021,driver_173,route_007,2,15
HYUNDAI_ELANTRA_HEV_2021,driver_173,route_007,3,15
HYUNDAI_ELANTRA_HEV_2021,driver_173,route_007,4,15
HYUNDAI_ELANTRA_HEV_2021,driver_173,route_007,5,15
HYUNDAI_ELANTRA_HEV_2021,driver_173,route_007,6,15
HYUNDAI_ELANTRA_HEV_2021,driver_173,route_007,7,15
HYUNDAI_ELANTRA_HEV_2021,driver_173,route_007,8,15
HYUNDAI_ELANTRA_HEV_2021,driver_173,route_008,0,15
HYUNDAI_ELANTRA_HEV_2021,driver_173,route_008,1,15
HYUNDAI_ELANTRA_HEV_2021,driver_173,route_008,2,15
HYUNDAI_ELANTRA_HEV_2021,driver_173,route_008,3,15
HYUNDAI_ELANTRA_HEV_2021,driver_173,route_008,4,15
HYUNDAI_ELANTRA_HEV_2021,driver_173,route_008,5,15
HYUNDAI_ELANTRA_HEV_2021,driver_173,route_008,6,15
HYUNDAI_ELANTRA_HEV_2021,driver_173,route_008,7,15
HYUNDAI_ELANTRA_HEV_2021,driver_173,route_008,8,15
HYUNDAI_ELANTRA_HEV_2021,driver_173,route_008,9,15
HYUNDAI_ELANTRA_HEV_2021,driver_173,route_008,10,15
HYUNDAI_ELANTRA_HEV_2021,driver_173,route_008,11,15
HYUNDAI_ELANTRA_HEV_2021,driver_173,route_008,12,15
HYUNDAI_ELANTRA_HEV_2021,driver_173,route_008,13,15
HYUNDAI_ELANTRA_HEV_2021,driver_173,route_008,14,15
HYUNDAI_ELANTRA_HEV_2021,driver_173,route_008,15,15
HYUNDAI_ELANTRA_HEV_2021,driver_173,route_008,16,15
HYUNDAI_ELANTRA_HEV_2021,driver_173,route_008,17,15
HYUNDAI_ELANTRA_HEV_2021,driver_173,route_008,18,15
HYUNDAI_ELANTRA_HEV_2021,driver_173,route_008,19,15
HYUNDAI_ELANTRA_HEV_2021,driver_173,route_008,20,15
HYUNDAI_ELANTRA_HEV_2021,driver_173,route_008,21,15
HYUNDAI_ELANTRA_HEV_2021,driver_173,route_008,22,15
HYUNDAI_ELANTRA_HEV_2021,driver_173,route_008,23,15
HYUNDAI_ELANTRA_HEV_2021,driver_173,route_009,0,15
HYUNDAI_ELANTRA_HEV_2021,driver_173,route_009,1,15
HYUNDAI_ELANTRA_HEV_2021,driver_173,route_009,2,15
HYUNDAI_ELANTRA_HEV_2021,driver_173,route_010,0,15
HYUNDAI_ELANTRA_HEV_2021,driver_173,route_011,0,15
HYUNDAI_ELANTRA_HEV_2021,driver_173,route_011,1,15
HYUNDAI_ELANTRA_HEV_2021,driver_173,route_011,2,15
HYUNDAI_ELANTRA_HEV_2021,driver_173,route_011,3,15
HYUNDAI_ELANTRA_HEV_2021,driver_173,route_012,0,15
HYUNDAI_ELANTRA_HEV_2021,driver_173,route_012,1,15
HYUNDAI_ELANTRA_HEV_2021,driver_173,route_012,2,15
HYUNDAI_ELANTRA_HEV_2021,driver_173,route_012,3,15
HYUNDAI_ELANTRA_HEV_2021,driver_173,route_012,4,15
HYUNDAI_ELANTRA_HEV_2021,driver_173,route_012,5,15
HYUNDAI_ELANTRA_HEV_2021,driver_173,route_012,6,15
HYUNDAI_ELANTRA_HEV_2021,driver_173,route_012,7,15
HYUNDAI_ELANTRA_HEV_2021,driver_173,route_013,0,15
HYUNDAI_ELANTRA_HEV_2021,driver_173,route_013,1,15
HYUNDAI_ELANTRA_HEV_2021,driver_173,route_013,2,15
HYUNDAI_ELANTRA_HEV_2021,driver_173,route_013,3,15
HYUNDAI_ELANTRA_HEV_2021,driver_173,route_014,0,15
HYUNDAI_ELANTRA_HEV_2021,driver_173,route_014,1,15
HYUNDAI_ELANTRA_HEV_2021,driver_173,route_014,2,15
HYUNDAI_ELANTRA_HEV_2021,driver_173,route_014,3,15
HYUNDAI_ELANTRA_HEV_2021,driver_173,route_014,4,15
HYUNDAI_ELANTRA_HEV_2021,driver_173,route_015,0,15
HYUNDAI_ELANTRA_HEV_2021,driver_173,route_015,1,15
HYUNDAI_ELANTRA_HEV_2021,driver_173,route_016,0,15
HYUNDAI_ELANTRA_HEV_2021,driver_173,route_016,1,15
HYUNDAI_ELANTRA_HEV_2021,driver_173,route_017,0,15
HYUNDAI_ELANTRA_HEV_2021,driver_173,route_017,1,15
HYUNDAI_ELANTRA_HEV_2021,driver_173,route_017,2,15
HYUNDAI_ELANTRA_HEV_2021,driver_173,route_017,3,15
HYUNDAI_ELANTRA_HEV_2021,driver_173,route_017,4,15
HYUNDAI_ELANTRA_HEV_2021,driver_173,route_017,5,15
HYUNDAI_ELANTRA_HEV_2021,driver_173,route_017,6,15
HYUNDAI_ELANTRA_HEV_2021,driver_173,route_017,7,15
HYUNDAI_ELANTRA_HEV_2021,driver_173,route_017,8,15
HYUNDAI_ELANTRA_HEV_2021,driver_173,route_018,0,15
HYUNDAI_ELANTRA_HEV_2021,driver_173,route_018,1,15
HYUNDAI_ELANTRA_HEV_2021,driver_173,route_018,2,15
HYUNDAI_ELANTRA_HEV_2021,driver_173,route_018,3,15
HYUNDAI_ELANTRA_HEV_2021,driver_173,route_018,4,15
HYUNDAI_ELANTRA_HEV_2021,driver_173,route_018,5,15
HYUNDAI_ELANTRA_HEV_2021,driver_173,route_018,6,15
HYUNDAI_ELANTRA_HEV_2021,driver_173,route_018,7,15
HYUNDAI_ELANTRA_HEV_2021,driver_173,route_018,8,15
HYUNDAI_ELANTRA_HEV_2021,driver_173,route_018,9,15
HYUNDAI_ELANTRA_HEV_2021,driver_173,route_018,10,15
HYUNDAI_ELANTRA_HEV_2021,driver_173,route_019,0,15
HYUNDAI_ELANTRA_HEV_2021,driver_173,route_019,1,15
HYUNDAI_ELANTRA_HEV_2021,driver_173,route_019,2,15
HYUNDAI_ELANTRA_HEV_2021,driver_173,route_019,3,15
HYUNDAI_ELANTRA_HEV_2021,driver_173,route_019,4,15
HYUNDAI_ELANTRA_HEV_2024,driver_013,route_001,0,15
HYUNDAI_ELANTRA_HEV_2024,driver_013,route_001,1,15
HYUNDAI_ELANTRA_HEV_2024,driver_013,route_002,0,15
HYUNDAI_ELANTRA_HEV_2024,driver_013,route_002,1,15
HYUNDAI_ELANTRA_HEV_2024,driver_013,route_002,2,15
HYUNDAI_ELANTRA_HEV_2024,driver_013,route_002,3,15
HYUNDAI_ELANTRA_HEV_2024,driver_013,route_002,4,15
HYUNDAI_ELANTRA_HEV_2024,driver_013,route_002,5,15
HYUNDAI_ELANTRA_HEV_2024,driver_013,route_002,6,15
HYUNDAI_ELANTRA_HEV_2024,driver_013,route_002,7,15
HYUNDAI_ELANTRA_HEV_2024,driver_013,route_002,8,15
HYUNDAI_ELANTRA_HEV_2024,driver_013,route_002,9,15
HYUNDAI_ELANTRA_HEV_2024,driver_013,route_002,10,15
HYUNDAI_ELANTRA_HEV_2024,driver_013,route_002,11,15
HYUNDAI_ELANTRA_HEV_2024,driver_013,route_002,12,15
HYUNDAI_ELANTRA_HEV_2024,driver_013,route_002,13,10
HYUNDAI_ELANTRA_HEV_2024,driver_013,route_002,14,10
HYUNDAI_ELANTRA_HEV_2024,driver_013,route_002,15,10
HYUNDAI_ELANTRA_HEV_2024,driver_013,route_003,0,15
HYUNDAI_ELANTRA_HEV_2024,driver_013,route_003,1,15
HYUNDAI_ELANTRA_HEV_2024,driver_013,route_003,2,15
HYUNDAI_ELANTRA_HEV_2024,driver_013,route_003,3,15
HYUNDAI_ELANTRA_HEV_2024,driver_013,route_004,0,15
HYUNDAI_ELANTRA_HEV_2024,driver_013,route_005,0,15
HYUNDAI_ELANTRA_HEV_2024,driver_013,route_006,0,15
HYUNDAI_ELANTRA_HEV_2024,driver_013,route_006,1,15
HYUNDAI_ELANTRA_HEV_2024,driver_013,route_006,2,15
HYUNDAI_ELANTRA_HEV_2024,driver_013,route_006,3,15
HYUNDAI_ELANTRA_HEV_2024,driver_013,route_006,4,15
HYUNDAI_ELANTRA_HEV_2024,driver_013,route_006,5,15
HYUNDAI_ELANTRA_HEV_2024,driver_013,route_006,6,15
HYUNDAI_ELANTRA_HEV_2024,driver_013,route_006,7,15
HYUNDAI_ELANTRA_HEV_2024,driver_013,route_006,8,15
HYUNDAI_ELANTRA_HEV_2024,driver_013,route_006,9,15
HYUNDAI_ELANTRA_HEV_2024,driver_013,route_006,10,15
HYUNDAI_ELANTRA_HEV_2024,driver_013,route_006,11,15
HYUNDAI_ELANTRA_HEV_2024,driver_013,route_006,12,15
HYUNDAI_ELANTRA_HEV_2024,driver_013,route_007,0,15
HYUNDAI_ELANTRA_HEV_2024,driver_013,route_008,0,15
HYUNDAI_ELANTRA_HEV_2024,driver_013,route_008,1,15
HYUNDAI_ELANTRA_HEV_2024,driver_013,route_008,2,15
HYUNDAI_ELANTRA_HEV_2024,driver_013,route_008,3,15
HYUNDAI_ELANTRA_HEV_2024,driver_013,route_008,4,15
HYUNDAI_ELANTRA_HEV_2024,driver_013,route_008,5,15
HYUNDAI_ELANTRA_HEV_2024,driver_013,route_008,6,15
HYUNDAI_ELANTRA_HEV_2024,driver_013,route_008,7,15
HYUNDAI_ELANTRA_HEV_2024,driver_013,route_008,8,15
HYUNDAI_ELANTRA_HEV_2024,driver_013,route_009,0,15
HYUNDAI_ELANTRA_HEV_2024,driver_013,route_009,1,15
HYUNDAI_ELANTRA_HEV_2024,driver_013,route_009,2,10
HYUNDAI_ELANTRA_HEV_2024,driver_013,route_010,0,15
HYUNDAI_ELANTRA_HEV_2024,driver_013,route_010,1,15
HYUNDAI_ELANTRA_HEV_2024,driver_013,route_011,0,15
HYUNDAI_ELANTRA_HEV_2024,driver_013,route_012,0,15
HYUNDAI_ELANTRA_HEV_2024,driver_013,route_012,1,15
HYUNDAI_ELANTRA_HEV_2024,driver_306,route_001,0,15
HYUNDAI_ELANTRA_HEV_2024,driver_306,route_001,1,15
HYUNDAI_ELANTRA_HEV_2024,driver_306,route_002,0,15
HYUNDAI_IONIQ_5,driver_031,route_001,0,15
HYUNDAI_IONIQ_5,driver_031,route_001,1,15
HYUNDAI_IONIQ_5,driver_031,route_001,2,15
HYUNDAI_IONIQ_5,driver_031,route_001,3,15
HYUNDAI_IONIQ_5,driver_031,route_001,4,15
HYUNDAI_IONIQ_5,driver_031,route_001,5,10
HYUNDAI_IONIQ_5,driver_031,route_004,0,15
HYUNDAI_IONIQ_5,driver_031,route_004,1,15
HYUNDAI_IONIQ_5,driver_031,route_004,2,15
HYUNDAI_IONIQ_5,driver_031,route_004,3,15
HYUNDAI_IONIQ_5,driver_031,route_004,4,15
HYUNDAI_IONIQ_5,driver_031,route_004,5,15
HYUNDAI_IONIQ_5,driver_031,route_004,6,15
HYUNDAI_IONIQ_5,driver_031,route_004,7,15
HYUNDAI_IONIQ_5,driver_031,route_005,0,15
HYUNDAI_IONIQ_5,driver_031,route_005,1,15
HYUNDAI_IONIQ_5,driver_031,route_005,2,15
HYUNDAI_IONIQ_5,driver_031,route_005,3,15
HYUNDAI_IONIQ_5,driver_031,route_005,4,15
HYUNDAI_IONIQ_5,driver_031,route_005,5,15
HYUNDAI_IONIQ_5,driver_031,route_005,6,15
HYUNDAI_IONIQ_5,driver_031,route_005,7,15
HYUNDAI_IONIQ_5,driver_031,route_005,8,15
HYUNDAI_IONIQ_5,driver_031,route_006,0,15
HYUNDAI_IONIQ_5,driver_031,route_006,1,15
HYUNDAI_IONIQ_5,driver_031,route_006,2,15
HYUNDAI_IONIQ_5,driver_031,route_006,3,15
HYUNDAI_IONIQ_5,driver_031,route_006,4,15
HYUNDAI_IONIQ_5,driver_031,route_006,5,15
HYUNDAI_IONIQ_5,driver_031,route_007,0,15
HYUNDAI_IONIQ_5,driver_031,route_007,1,15
HYUNDAI_IONIQ_5,driver_031,route_007,2,15
HYUNDAI_IONIQ_5,driver_031,route_007,3,15
HYUNDAI_IONIQ_5,driver_031,route_008,0,15
HYUNDAI_IONIQ_5,driver_031,route_008,1,15
HYUNDAI_IONIQ_5,driver_031,route_008,2,15
HYUNDAI_IONIQ_5,driver_031,route_009,0,15
HYUNDAI_IONIQ_5,driver_031,route_009,1,15
HYUNDAI_IONIQ_5,driver_031,route_009,2,15
HYUNDAI_IONIQ_5,driver_031,route_009,3,15
HYUNDAI_IONIQ_5,driver_031,route_010,0,15
HYUNDAI_IONIQ_5,driver_031,route_010,1,15
HYUNDAI_IONIQ_5,driver_031,route_010,2,15
HYUNDAI_IONIQ_5,driver_031,route_011,0,15
HYUNDAI_IONIQ_5,driver_031,route_011,1,15
HYUNDAI_IONIQ_5,driver_031,route_011,2,15
HYUNDAI_IONIQ_5,driver_031,route_011,3,15
HYUNDAI_IONIQ_5,driver_031,route_011,4,15
HYUNDAI_IONIQ_5,driver_031,route_011,5,15
HYUNDAI_IONIQ_5,driver_031,route_011,6,15
HYUNDAI_IONIQ_5,driver_031,route_011,7,15
HYUNDAI_IONIQ_5,driver_031,route_011,8,15
HYUNDAI_IONIQ_5,driver_031,route_011,9,15
HYUNDAI_IONIQ_5,driver_031,route_011,10,15
HYUNDAI_IONIQ_5,driver_031,route_011,11,15
HYUNDAI_IONIQ_5,driver_031,route_011,12,15
HYUNDAI_IONIQ_5,driver_031,route_011,13,15
HYUNDAI_IONIQ_5,driver_031,route_011,14,15
HYUNDAI_IONIQ_5,driver_031,route_012,0,15
HYUNDAI_IONIQ_5,driver_031,route_012,1,15
HYUNDAI_IONIQ_5,driver_031,route_013,0,15
HYUNDAI_IONIQ_5,driver_031,route_014,0,15
HYUNDAI_IONIQ_5,driver_031,route_014,1,15
HYUNDAI_IONIQ_5,driver_031,route_015,0,15
HYUNDAI_IONIQ_5,driver_031,route_015,1,15
HYUNDAI_IONIQ_5,driver_031,route_015,2,15
HYUNDAI_IONIQ_5,driver_031,route_015,3,15
HYUNDAI_IONIQ_5,driver_031,route_015,4,15
HYUNDAI_IONIQ_5,driver_031,route_015,5,15
HYUNDAI_IONIQ_5,driver_031,route_015,6,15
HYUNDAI_IONIQ_5,driver_031,route_015,7,15
HYUNDAI_IONIQ_5,driver_031,route_015,8,15
HYUNDAI_IONIQ_5,driver_031,route_016,0,15
HYUNDAI_IONIQ_5,driver_031,route_016,1,15
HYUNDAI_IONIQ_5,driver_031,route_016,2,15
HYUNDAI_IONIQ_5,driver_031,route_016,3,15
HYUNDAI_IONIQ_5,driver_082,route_001,0,15
HYUNDAI_IONIQ_5,driver_082,route_001,1,15
HYUNDAI_IONIQ_5,driver_082,route_001,2,15
HYUNDAI_IONIQ_5,driver_082,route_001,3,15
HYUNDAI_IONIQ_5,driver_082,route_002,0,15
HYUNDAI_IONIQ_5,driver_082,route_003,0,15
HYUNDAI_IONIQ_5,driver_082,route_003,1,15
HYUNDAI_IONIQ_5,driver_082,route_003,2,15
HYUNDAI_IONIQ_5,driver_082,route_003,3,15
HYUNDAI_IONIQ_5,driver_082,route_003,4,15
HYUNDAI_IONIQ_5,driver_090,route_001,0,10
HYUNDAI_IONIQ_5,driver_090,route_001,1,10
HYUNDAI_IONIQ_5,driver_090,route_002,0,15
HYUNDAI_IONIQ_5,driver_090,route_002,1,15
HYUNDAI_IONIQ_5,driver_090,route_002,2,15
HYUNDAI_IONIQ_5,driver_090,route_002,3,15
HYUNDAI_IONIQ_5,driver_090,route_003,0,15
HYUNDAI_IONIQ_5,driver_117,route_001,0,15
HYUNDAI_IONIQ_5,driver_117,route_001,1,15
HYUNDAI_IONIQ_5,driver_117,route_001,2,15
HYUNDAI_IONIQ_5,driver_117,route_002,0,15
HYUNDAI_IONIQ_5,driver_124,route_039,0,15
HYUNDAI_IONIQ_5,driver_124,route_039,1,15
HYUNDAI_IONIQ_5,driver_124,route_039,2,15
HYUNDAI_IONIQ_5,driver_124,route_039,3,15
HYUNDAI_IONIQ_5,driver_124,route_040,0,15
HYUNDAI_IONIQ_5,driver_124,route_040,1,15
HYUNDAI_IONIQ_5,driver_124,route_041,0,15
HYUNDAI_IONIQ_5,driver_124,route_041,1,15
HYUNDAI_IONIQ_5,driver_124,route_041,2,15
HYUNDAI_IONIQ_5,driver_124,route_041,3,15
HYUNDAI_IONIQ_5,driver_124,route_041,4,15
HYUNDAI_IONIQ_5,driver_124,route_041,5,15
HYUNDAI_IONIQ_5,driver_124,route_042,0,15
HYUNDAI_IONIQ_5,driver_124,route_042,1,15
HYUNDAI_IONIQ_5,driver_124,route_042,2,15
HYUNDAI_IONIQ_5,driver_124,route_042,3,15
HYUNDAI_IONIQ_5,driver_124,route_043,0,15
HYUNDAI_IONIQ_5,driver_124,route_043,1,15
HYUNDAI_IONIQ_5,driver_124,route_043,2,15
HYUNDAI_IONIQ_5,driver_124,route_043,3,15
HYUNDAI_IONIQ_5,driver_124,route_044,0,15
HYUNDAI_IONIQ_5,driver_124,route_044,1,15
HYUNDAI_IONIQ_5,driver_124,route_044,2,15
HYUNDAI_IONIQ_5,driver_124,route_044,3,15
HYUNDAI_IONIQ_5,driver_124,route_044,4,15
HYUNDAI_IONIQ_5,driver_124,route_044,5,15
HYUNDAI_IONIQ_5,driver_234,route_001,0,15
HYUNDAI_IONIQ_5,driver_234,route_001,1,15
HYUNDAI_IONIQ_5,driver_234,route_001,2,15
HYUNDAI_IONIQ_5,driver_234,route_002,0,15
HYUNDAI_IONIQ_5,driver_251,route_074,0,15
HYUNDAI_IONIQ_5,driver_251,route_074,1,15
HYUNDAI_IONIQ_5,driver_251,route_074,2,15
HYUNDAI_IONIQ_5,driver_251,route_076,0,15
HYUNDAI_IONIQ_5,driver_251,route_076,1,15
HYUNDAI_IONIQ_5,driver_251,route_076,2,15
HYUNDAI_IONIQ_5,driver_251,route_076,3,15
HYUNDAI_IONIQ_5,driver_251,route_076,4,15
HYUNDAI_IONIQ_5,driver_251,route_076,5,15
HYUNDAI_IONIQ_5,driver_251,route_076,6,15
HYUNDAI_IONIQ_5,driver_251,route_076,7,15
HYUNDAI_IONIQ_5,driver_251,route_076,8,15
HYUNDAI_IONIQ_5,driver_251,route_076,9,15
HYUNDAI_IONIQ_5,driver_251,route_076,10,15
HYUNDAI_IONIQ_5,driver_251,route_076,11,15
HYUNDAI_IONIQ_5,driver_251,route_076,12,15
HYUNDAI_IONIQ_5,driver_251,route_076,13,15
HYUNDAI_IONIQ_5,driver_251,route_078,0,15
HYUNDAI_IONIQ_5,driver_251,route_078,1,15
HYUNDAI_IONIQ_5,driver_251,route_080,0,15
HYUNDAI_IONIQ_5,driver_251,route_080,1,10
HYUNDAI_IONIQ_5,driver_251,route_082,0,10
HYUNDAI_IONIQ_5,driver_251,route_082,1,10
HYUNDAI_IONIQ_5,driver_251,route_082,2,10
HYUNDAI_IONIQ_5,driver_251,route_082,3,10
HYUNDAI_IONIQ_5,driver_251,route_082,4,10
HYUNDAI_IONIQ_5,driver_251,route_082,5,10
HYUNDAI_IONIQ_5,driver_251,route_082,6,10
HYUNDAI_IONIQ_5,driver_251,route_082,7,10
HYUNDAI_IONIQ_5,driver_251,route_082,8,10
HYUNDAI_IONIQ_5,driver_251,route_082,9,10
HYUNDAI_IONIQ_5,driver_251,route_082,10,10
HYUNDAI_IONIQ_5,driver_251,route_082,11,10
HYUNDAI_IONIQ_5,driver_251,route_082,12,10
HYUNDAI_IONIQ_5,driver_251,route_082,13,10
HYUNDAI_IONIQ_5,driver_251,route_082,14,10
HYUNDAI_IONIQ_5,driver_251,route_082,15,10
HYUNDAI_IONIQ_5,driver_251,route_082,16,10
HYUNDAI_IONIQ_5,driver_251,route_082,17,10
HYUNDAI_IONIQ_5,driver_251,route_082,18,10
HYUNDAI_IONIQ_5,driver_251,route_082,19,10
HYUNDAI_IONIQ_5,driver_251,route_082,20,10
HYUNDAI_IONIQ_5,driver_251,route_082,21,10
HYUNDAI_IONIQ_5,driver_251,route_082,22,10
HYUNDAI_IONIQ_5,driver_251,route_082,23,10
HYUNDAI_IONIQ_5,driver_251,route_082,24,10
HYUNDAI_IONIQ_5,driver_251,route_082,25,10
HYUNDAI_IONIQ_5,driver_251,route_082,26,10
HYUNDAI_IONIQ_5,driver_251,route_082,27,10
HYUNDAI_IONIQ_5,driver_251,route_082,28,10
HYUNDAI_IONIQ_5,driver_251,route_082,29,10
HYUNDAI_IONIQ_5,driver_251,route_082,30,10
HYUNDAI_IONIQ_5,driver_251,route_082,31,10
HYUNDAI_IONIQ_5,driver_251,route_082,32,10
HYUNDAI_IONIQ_5,driver_251,route_083,0,15
HYUNDAI_IONIQ_5,driver_251,route_083,1,15
HYUNDAI_IONIQ_5,driver_251,route_083,2,15
HYUNDAI_IONIQ_5,driver_251,route_083,3,15
HYUNDAI_IONIQ_5,driver_251,route_086,0,15
HYUNDAI_IONIQ_5,driver_251,route_086,1,15
HYUNDAI_IONIQ_5,driver_251,route_086,2,15
HYUNDAI_IONIQ_5,driver_251,route_086,3,15
HYUNDAI_IONIQ_5,driver_251,route_086,4,15
HYUNDAI_IONIQ_5,driver_251,route_087,0,15
HYUNDAI_IONIQ_5,driver_251,route_087,1,15
HYUNDAI_IONIQ_5,driver_251,route_087,2,15
HYUNDAI_IONIQ_5,driver_251,route_089,0,15
HYUNDAI_IONIQ_5,driver_251,route_089,1,15
HYUNDAI_IONIQ_5,driver_251,route_089,2,15
HYUNDAI_IONIQ_5,driver_251,route_092,0,15
HYUNDAI_IONIQ_5,driver_251,route_092,1,15
HYUNDAI_IONIQ_5,driver_251,route_092,2,15
HYUNDAI_IONIQ_5,driver_251,route_092,3,15
HYUNDAI_IONIQ_5,driver_251,route_092,4,10
HYUNDAI_IONIQ_5,driver_251,route_092,5,10
HYUNDAI_IONIQ_5,driver_251,route_092,6,10
HYUNDAI_IONIQ_5,driver_251,route_093,0,15
HYUNDAI_IONIQ_5,driver_251,route_093,1,15
HYUNDAI_IONIQ_5,driver_251,route_093,2,15
HYUNDAI_IONIQ_5,driver_251,route_095,0,15
HYUNDAI_IONIQ_5,driver_251,route_095,1,15
HYUNDAI_IONIQ_5,driver_251,route_164,0,15
HYUNDAI_IONIQ_5,driver_251,route_164,1,15
HYUNDAI_IONIQ_5,driver_251,route_164,2,15
HYUNDAI_IONIQ_5,driver_251,route_164,3,15
HYUNDAI_IONIQ_5,driver_251,route_164,4,15
HYUNDAI_IONIQ_5,driver_251,route_164,5,15
HYUNDAI_IONIQ_5,driver_251,route_164,6,15
HYUNDAI_IONIQ_5,driver_251,route_165,0,15
HYUNDAI_IONIQ_5,driver_251,route_165,1,15
HYUNDAI_IONIQ_5,driver_251,route_165,2,15
HYUNDAI_IONIQ_5,driver_251,route_165,3,15
HYUNDAI_IONIQ_5,driver_251,route_165,4,15
HYUNDAI_IONIQ_5,driver_251,route_165,5,15
HYUNDAI_IONIQ_5,driver_251,route_165,6,15
HYUNDAI_IONIQ_5,driver_251,route_169,0,15
HYUNDAI_IONIQ_5,driver_251,route_169,1,15
HYUNDAI_IONIQ_5,driver_251,route_169,2,15
HYUNDAI_IONIQ_5,driver_251,route_169,3,15
HYUNDAI_IONIQ_5,driver_251,route_169,4,15
HYUNDAI_IONIQ_5,driver_251,route_169,5,15
HYUNDAI_IONIQ_5,driver_251,route_169,6,15
HYUNDAI_IONIQ_5,driver_251,route_169,7,15
HYUNDAI_IONIQ_5,driver_251,route_169,8,15
HYUNDAI_IONIQ_5,driver_251,route_169,9,15
HYUNDAI_IONIQ_5,driver_251,route_169,10,15
HYUNDAI_IONIQ_5,driver_251,route_169,11,15
HYUNDAI_IONIQ_5,driver_251,route_169,12,15
HYUNDAI_IONIQ_5,driver_251,route_169,13,15
HYUNDAI_IONIQ_5,driver_251,route_169,14,15
HYUNDAI_IONIQ_5,driver_251,route_169,15,15
HYUNDAI_IONIQ_5,driver_251,route_169,16,15
HYUNDAI_IONIQ_5,driver_251,route_169,17,15
HYUNDAI_IONIQ_5,driver_251,route_169,18,15
HYUNDAI_IONIQ_5,driver_251,route_169,19,15
HYUNDAI_IONIQ_5,driver_251,route_169,20,15
HYUNDAI_IONIQ_5,driver_251,route_169,21,15
HYUNDAI_IONIQ_5,driver_251,route_169,22,15
HYUNDAI_IONIQ_5,driver_251,route_169,23,15
HYUNDAI_IONIQ_5,driver_251,route_169,24,15
HYUNDAI_IONIQ_5,driver_251,route_169,25,15
HYUNDAI_IONIQ_5,driver_251,route_169,26,15
HYUNDAI_IONIQ_5,driver_251,route_169,27,15
HYUNDAI_IONIQ_5,driver_272,route_001,0,15
HYUNDAI_IONIQ_5,driver_272,route_001,1,15
HYUNDAI_IONIQ_5,driver_272,route_001,2,15
HYUNDAI_IONIQ_5,driver_272,route_001,3,15
HYUNDAI_IONIQ_5,driver_272,route_001,4,15
HYUNDAI_IONIQ_5,driver_272,route_001,5,15
HYUNDAI_IONIQ_5,driver_272,route_001,6,15
HYUNDAI_IONIQ_5,driver_272,route_001,7,10
HYUNDAI_IONIQ_5,driver_272,route_002,0,15
HYUNDAI_IONIQ_5,driver_272,route_002,1,15
HYUNDAI_IONIQ_5,driver_272,route_002,2,15
HYUNDAI_IONIQ_5,driver_272,route_002,3,15
HYUNDAI_IONIQ_5,driver_272,route_002,4,15
HYUNDAI_IONIQ_5,driver_272,route_002,5,15
HYUNDAI_IONIQ_5,driver_272,route_003,0,15
HYUNDAI_IONIQ_5,driver_272,route_003,1,15
HYUNDAI_IONIQ_5,driver_272,route_003,2,15
HYUNDAI_IONIQ_5,driver_272,route_003,3,15
HYUNDAI_IONIQ_5,driver_272,route_003,4,15
HYUNDAI_IONIQ_5,driver_272,route_003,5,15
HYUNDAI_IONIQ_5,driver_272,route_003,6,15
HYUNDAI_IONIQ_5,driver_272,route_003,7,15
HYUNDAI_IONIQ_5,driver_272,route_003,8,15
HYUNDAI_IONIQ_5,driver_272,route_004,0,15
HYUNDAI_IONIQ_5,driver_272,route_004,1,15
HYUNDAI_IONIQ_5,driver_272,route_004,2,15
HYUNDAI_IONIQ_5,driver_272,route_004,3,15
HYUNDAI_IONIQ_5,driver_272,route_004,4,15
HYUNDAI_IONIQ_5,driver_272,route_004,5,15
HYUNDAI_IONIQ_5,driver_272,route_004,6,15
HYUNDAI_IONIQ_5,driver_272,route_004,7,15
HYUNDAI_IONIQ_5,driver_272,route_004,8,15
HYUNDAI_IONIQ_5,driver_272,route_004,9,15
HYUNDAI_IONIQ_5,driver_293,route_001,0,15
HYUNDAI_IONIQ_5,driver_293,route_001,1,10
HYUNDAI_IONIQ_5,driver_314,route_001,0,15
HYUNDAI_IONIQ_5,driver_314,route_001,1,15
HYUNDAI_IONIQ_5,driver_314,route_001,2,15
HYUNDAI_IONIQ_5,driver_314,route_001,3,15
HYUNDAI_IONIQ_5,driver_314,route_001,4,15
HYUNDAI_IONIQ_5,driver_314,route_001,5,15
HYUNDAI_IONIQ_5,driver_314,route_001,6,15
HYUNDAI_IONIQ_5,driver_314,route_001,7,15
HYUNDAI_IONIQ_5,driver_314,route_001,8,15
HYUNDAI_IONIQ_5,driver_314,route_001,9,15
HYUNDAI_IONIQ_5,driver_340,route_001,0,15
HYUNDAI_IONIQ_5,driver_340,route_001,1,15
HYUNDAI_IONIQ_5,driver_340,route_001,2,15
HYUNDAI_IONIQ_5_2022,driver_031,route_002,0,15
HYUNDAI_IONIQ_5_2022,driver_031,route_003,0,15
HYUNDAI_IONIQ_5_2022,driver_031,route_003,1,15
HYUNDAI_IONIQ_5_2022,driver_031,route_003,2,15
HYUNDAI_IONIQ_5_2022,driver_031,route_003,3,15
HYUNDAI_IONIQ_5_2022,driver_031,route_003,4,15
HYUNDAI_IONIQ_5_2022,driver_031,route_003,5,15
HYUNDAI_IONIQ_5_2022,driver_031,route_003,6,15
HYUNDAI_IONIQ_5_2022,driver_031,route_017,0,15
HYUNDAI_IONIQ_5_2022,driver_031,route_017,1,15
HYUNDAI_IONIQ_5_2022,driver_031,route_017,2,15
HYUNDAI_IONIQ_5_2022,driver_031,route_018,0,15
HYUNDAI_IONIQ_5_2022,driver_031,route_018,1,15
HYUNDAI_IONIQ_5_2022,driver_031,route_018,2,15
HYUNDAI_IONIQ_5_2022,driver_031,route_019,0,15
HYUNDAI_IONIQ_5_2022,driver_031,route_019,1,15
HYUNDAI_IONIQ_5_2022,driver_031,route_019,2,15
HYUNDAI_IONIQ_5_2022,driver_031,route_019,3,15
HYUNDAI_IONIQ_5_2022,driver_031,route_019,4,15
HYUNDAI_IONIQ_5_2022,driver_031,route_020,0,15
HYUNDAI_IONIQ_5_2022,driver_031,route_020,1,15
HYUNDAI_IONIQ_5_2022,driver_031,route_020,2,15
HYUNDAI_IONIQ_5_2022,driver_031,route_021,0,15
HYUNDAI_IONIQ_5_2022,driver_031,route_021,1,15
HYUNDAI_IONIQ_5_2022,driver_053,route_001,0,15
HYUNDAI_IONIQ_5_2022,driver_053,route_001,1,10
HYUNDAI_IONIQ_5_2022,driver_053,route_002,0,15
HYUNDAI_IONIQ_5_2022,driver_053,route_002,1,15
HYUNDAI_IONIQ_5_2022,driver_053,route_002,2,15
HYUNDAI_IONIQ_5_2022,driver_053,route_002,3,15
HYUNDAI_IONIQ_5_2022,driver_053,route_002,4,15
HYUNDAI_IONIQ_5_2022,driver_053,route_002,5,10
HYUNDAI_IONIQ_5_2022,driver_053,route_003,0,15
HYUNDAI_IONIQ_5_2022,driver_053,route_003,1,10
HYUNDAI_IONIQ_5_2022,driver_053,route_003,2,15
HYUNDAI_IONIQ_5_2022,driver_053,route_004,0,15
HYUNDAI_IONIQ_5_2022,driver_053,route_004,1,10
HYUNDAI_IONIQ_5_2022,driver_125,route_001,0,15
HYUNDAI_IONIQ_5_2022,driver_125,route_001,1,15
HYUNDAI_IONIQ_5_2022,driver_125,route_001,2,15
HYUNDAI_IONIQ_5_2022,driver_125,route_001,3,15
HYUNDAI_IONIQ_5_2022,driver_125,route_001,4,15
HYUNDAI_IONIQ_5_2022,driver_125,route_002,0,15
HYUNDAI_IONIQ_5_2022,driver_125,route_002,1,15
HYUNDAI_IONIQ_5_2022,driver_125,route_002,2,15
HYUNDAI_IONIQ_5_2022,driver_158,route_001,0,10
HYUNDAI_IONIQ_5_2022,driver_158,route_001,1,10
HYUNDAI_IONIQ_5_2022,driver_158,route_001,2,10
HYUNDAI_IONIQ_5_2022,driver_158,route_001,3,10
HYUNDAI_IONIQ_5_2022,driver_158,route_001,4,10
HYUNDAI_IONIQ_5_2022,driver_158,route_002,0,10
HYUNDAI_IONIQ_5_2022,driver_158,route_002,1,10
HYUNDAI_IONIQ_5_2022,driver_158,route_002,2,10
HYUNDAI_IONIQ_5_2022,driver_158,route_002,3,10
HYUNDAI_IONIQ_5_2022,driver_158,route_002,4,10
HYUNDAI_IONIQ_5_2022,driver_158,route_002,5,10
HYUNDAI_IONIQ_5_2022,driver_158,route_002,6,10
HYUNDAI_IONIQ_5_2022,driver_158,route_003,0,10
HYUNDAI_IONIQ_5_2022,driver_158,route_003,1,10
HYUNDAI_IONIQ_5_2022,driver_158,route_003,2,10
HYUNDAI_IONIQ_5_2022,driver_158,route_003,3,10
HYUNDAI_IONIQ_5_2022,driver_158,route_003,4,10
HYUNDAI_IONIQ_5_2022,driver_158,route_004,0,10
HYUNDAI_IONIQ_5_2022,driver_158,route_004,1,10
HYUNDAI_IONIQ_5_2022,driver_158,route_004,2,10
HYUNDAI_IONIQ_5_2022,driver_158,route_004,3,10
HYUNDAI_IONIQ_5_2022,driver_158,route_004,4,10
HYUNDAI_IONIQ_5_2022,driver_158,route_004,5,10
HYUNDAI_IONIQ_5_2022,driver_158,route_004,6,10
HYUNDAI_IONIQ_5_2022,driver_158,route_004,7,10
HYUNDAI_IONIQ_5_2022,driver_158,route_004,8,10
HYUNDAI_IONIQ_5_2022,driver_158,route_004,9,10
HYUNDAI_IONIQ_5_2022,driver_251,route_141,0,15
HYUNDAI_IONIQ_5_2022,driver_251,route_142,0,15
HYUNDAI_IONIQ_5_2022,driver_251,route_142,1,15
HYUNDAI_IONIQ_5_2022,driver_251,route_142,2,15
HYUNDAI_IONIQ_5_2022,driver_251,route_142,3,15
HYUNDAI_IONIQ_5_2022,driver_251,route_142,4,15
HYUNDAI_IONIQ_5_2022,driver_251,route_143,0,15
HYUNDAI_IONIQ_5_2022,driver_251,route_143,1,15
HYUNDAI_IONIQ_5_2022,driver_251,route_144,0,15
HYUNDAI_IONIQ_5_2022,driver_251,route_145,0,15
HYUNDAI_IONIQ_5_2022,driver_251,route_145,1,15
HYUNDAI_IONIQ_5_2022,driver_251,route_145,2,15
HYUNDAI_IONIQ_5_2022,driver_251,route_146,0,15
HYUNDAI_IONIQ_5_2022,driver_251,route_146,1,15
HYUNDAI_IONIQ_5_2022,driver_251,route_146,2,15
HYUNDAI_IONIQ_5_2022,driver_251,route_146,3,15
HYUNDAI_IONIQ_5_2022,driver_251,route_146,4,15
HYUNDAI_IONIQ_5_2022,driver_251,route_146,5,15
HYUNDAI_IONIQ_5_2022,driver_251,route_146,6,15
HYUNDAI_IONIQ_5_2022,driver_251,route_147,0,15
HYUNDAI_IONIQ_5_2022,driver_251,route_147,1,15
HYUNDAI_IONIQ_5_2022,driver_251,route_147,2,15
HYUNDAI_IONIQ_5_2022,driver_251,route_147,3,15
HYUNDAI_IONIQ_5_2022,driver_251,route_147,4,15
HYUNDAI_IONIQ_5_2022,driver_251,route_147,5,15
HYUNDAI_IONIQ_5_2022,driver_251,route_148,0,15
HYUNDAI_IONIQ_5_2022,driver_251,route_148,1,15
HYUNDAI_IONIQ_5_2022,driver_251,route_148,2,15
HYUNDAI_IONIQ_5_2022,driver_251,route_148,3,15
HYUNDAI_IONIQ_5_2022,driver_251,route_148,4,15
HYUNDAI_IONIQ_5_2022,driver_251,route_149,0,15
HYUNDAI_IONIQ_5_2022,driver_251,route_149,1,15
HYUNDAI_IONIQ_5_2022,driver_251,route_150,0,10
HYUNDAI_IONIQ_5_2022,driver_251,route_150,1,10
HYUNDAI_IONIQ_5_2022,driver_251,route_150,2,10
HYUNDAI_IONIQ_5_2022,driver_251,route_150,3,10
HYUNDAI_IONIQ_5_2022,driver_251,route_150,4,10
HYUNDAI_IONIQ_5_2022,driver_251,route_150,5,10
HYUNDAI_IONIQ_5_2022,driver_251,route_151,0,15
HYUNDAI_IONIQ_5_2022,driver_251,route_151,1,15
HYUNDAI_IONIQ_5_2022,driver_251,route_151,2,15
HYUNDAI_IONIQ_5_2022,driver_251,route_151,3,15
HYUNDAI_IONIQ_5_2022,driver_251,route_151,4,15
HYUNDAI_IONIQ_5_2022,driver_251,route_151,5,15
HYUNDAI_IONIQ_5_2022,driver_251,route_151,6,15
HYUNDAI_IONIQ_5_2022,driver_251,route_151,7,15
HYUNDAI_IONIQ_5_2022,driver_251,route_151,8,15
HYUNDAI_IONIQ_5_2022,driver_251,route_151,9,15
HYUNDAI_IONIQ_5_2022,driver_251,route_151,10,15
HYUNDAI_IONIQ_5_2022,driver_251,route_151,11,15
HYUNDAI_IONIQ_5_2022,driver_251,route_151,12,15
HYUNDAI_IONIQ_5_2022,driver_251,route_152,0,15
HYUNDAI_IONIQ_5_2022,driver_251,route_152,1,15
HYUNDAI_IONIQ_5_2022,driver_251,route_152,2,15
HYUNDAI_IONIQ_5_2022,driver_251,route_152,3,15
HYUNDAI_IONIQ_5_2022,driver_251,route_152,4,15
HYUNDAI_IONIQ_5_2022,driver_251,route_152,5,15
HYUNDAI_IONIQ_5_2022,driver_251,route_153,0,15
HYUNDAI_IONIQ_5_2022,driver_251,route_153,1,15
HYUNDAI_IONIQ_5_2022,driver_251,route_153,2,15
HYUNDAI_IONIQ_5_2022,driver_251,route_153,3,15
HYUNDAI_IONIQ_5_2022,driver_251,route_154,0,15
HYUNDAI_IONIQ_5_2022,driver_251,route_155,0,15
HYUNDAI_IONIQ_5_2022,driver_251,route_155,1,15
HYUNDAI_IONIQ_5_2022,driver_251,route_155,2,15
HYUNDAI_IONIQ_5_2022,driver_251,route_155,3,15
HYUNDAI_IONIQ_5_2022,driver_251,route_155,4,15
HYUNDAI_IONIQ_5_2022,driver_251,route_155,5,15
HYUNDAI_IONIQ_5_2022,driver_251,route_155,6,10
HYUNDAI_IONIQ_5_2022,driver_251,route_156,0,15
HYUNDAI_IONIQ_5_2022,driver_251,route_156,1,15
HYUNDAI_IONIQ_5_2022,driver_251,route_156,2,15
HYUNDAI_IONIQ_5_2022,driver_251,route_156,3,15
HYUNDAI_IONIQ_5_2022,driver_251,route_171,0,15
HYUNDAI_IONIQ_5_2022,driver_251,route_171,1,15
HYUNDAI_IONIQ_5_2022,driver_251,route_171,2,15
HYUNDAI_IONIQ_5_2022,driver_251,route_171,3,15
HYUNDAI_IONIQ_5_2022,driver_251,route_171,4,15
HYUNDAI_IONIQ_5_PE,driver_263,route_001,0,15
HYUNDAI_IONIQ_5_PE,driver_263,route_002,0,15
HYUNDAI_IONIQ_5_PE,driver_263,route_002,1,15
HYUNDAI_IONIQ_5_PE,driver_263,route_002,2,15
HYUNDAI_IONIQ_5_PE,driver_263,route_002,3,15
HYUNDAI_IONIQ_5_PE,driver_263,route_002,4,15
HYUNDAI_IONIQ_5_PE,driver_263,route_002,5,15
HYUNDAI_IONIQ_5_PE,driver_263,route_002,6,15
HYUNDAI_IONIQ_5_PE,driver_263,route_003,0,15
HYUNDAI_IONIQ_5_PE,driver_263,route_003,1,15
HYUNDAI_IONIQ_5_PE,driver_263,route_004,0,15
HYUNDAI_IONIQ_5_PE,driver_263,route_005,0,15
HYUNDAI_IONIQ_5_PE,driver_263,route_005,1,15
HYUNDAI_IONIQ_5_PE,driver_263,route_006,0,15
HYUNDAI_IONIQ_5_PE,driver_263,route_006,1,15
HYUNDAI_IONIQ_5_PE,driver_263,route_006,2,15
HYUNDAI_IONIQ_5_PE,driver_263,route_006,3,15
HYUNDAI_IONIQ_5_PE,driver_263,route_006,4,15
HYUNDAI_IONIQ_5_PE,driver_263,route_006,5,15
HYUNDAI_IONIQ_5_PE,driver_263,route_006,6,15
HYUNDAI_IONIQ_5_PE,driver_263,route_006,7,15
HYUNDAI_IONIQ_5_PE,driver_263,route_006,8,15
HYUNDAI_IONIQ_5_PE,driver_263,route_006,9,15
HYUNDAI_IONIQ_5_PE,driver_263,route_006,10,15
HYUNDAI_IONIQ_5_PE,driver_263,route_006,11,15
HYUNDAI_IONIQ_5_PE,driver_263,route_006,12,15
HYUNDAI_IONIQ_5_PE,driver_263,route_006,13,15
HYUNDAI_IONIQ_5_PE,driver_263,route_006,14,15
HYUNDAI_IONIQ_5_PE,driver_263,route_006,15,15
HYUNDAI_IONIQ_5_PE,driver_263,route_006,16,15
HYUNDAI_IONIQ_5_PE,driver_263,route_006,17,15
HYUNDAI_IONIQ_6,driver_089,route_001,0,15
HYUNDAI_IONIQ_6,driver_089,route_001,1,15
HYUNDAI_IONIQ_6,driver_089,route_001,2,10
HYUNDAI_IONIQ_6,driver_089,route_002,0,15
HYUNDAI_IONIQ_6,driver_089,route_002,1,15
HYUNDAI_IONIQ_6,driver_089,route_002,2,15
HYUNDAI_IONIQ_6,driver_089,route_002,3,15
HYUNDAI_IONIQ_6,driver_089,route_002,4,15
HYUNDAI_IONIQ_6,driver_089,route_002,5,15
HYUNDAI_IONIQ_6,driver_089,route_002,6,15
HYUNDAI_IONIQ_6,driver_089,route_002,7,15
HYUNDAI_IONIQ_6,driver_089,route_002,8,15
HYUNDAI_IONIQ_6,driver_089,route_002,9,10
HYUNDAI_IONIQ_6,driver_089,route_003,0,15
HYUNDAI_IONIQ_6,driver_089,route_003,1,15
HYUNDAI_IONIQ_6,driver_089,route_003,2,15
HYUNDAI_IONIQ_6,driver_089,route_003,3,15
HYUNDAI_IONIQ_6,driver_089,route_003,4,15
HYUNDAI_IONIQ_6,driver_089,route_004,0,15
HYUNDAI_IONIQ_6,driver_089,route_004,1,15
HYUNDAI_IONIQ_6,driver_089,route_005,0,15
HYUNDAI_IONIQ_6,driver_089,route_005,1,15
HYUNDAI_IONIQ_6,driver_089,route_005,2,15
HYUNDAI_IONIQ_6,driver_089,route_005,3,15
HYUNDAI_IONIQ_6,driver_089,route_005,4,15
HYUNDAI_IONIQ_6,driver_089,route_006,0,15
HYUNDAI_IONIQ_6,driver_089,route_006,1,15
HYUNDAI_IONIQ_6,driver_089,route_006,2,15
HYUNDAI_IONIQ_6,driver_089,route_006,3,15
HYUNDAI_IONIQ_6,driver_089,route_006,4,15
HYUNDAI_IONIQ_6,driver_089,route_007,0,15
HYUNDAI_IONIQ_6,driver_089,route_008,0,15
HYUNDAI_IONIQ_6,driver_089,route_008,1,15
HYUNDAI_IONIQ_6,driver_089,route_008,2,15
HYUNDAI_IONIQ_6,driver_089,route_008,3,15
HYUNDAI_IONIQ_6,driver_089,route_008,4,15
HYUNDAI_IONIQ_6,driver_089,route_008,5,15
HYUNDAI_IONIQ_6,driver_089,route_008,6,15
HYUNDAI_IONIQ_6,driver_089,route_008,7,15
HYUNDAI_IONIQ_6,driver_089,route_008,8,15
HYUNDAI_IONIQ_6,driver_089,route_008,9,15
HYUNDAI_IONIQ_6,driver_089,route_008,10,15
HYUNDAI_IONIQ_6,driver_089,route_008,11,15
HYUNDAI_IONIQ_6,driver_089,route_008,12,15
HYUNDAI_IONIQ_6,driver_089,route_008,13,15
HYUNDAI_IONIQ_6,driver_089,route_009,0,15
HYUNDAI_IONIQ_6,driver_089,route_009,1,15
HYUNDAI_IONIQ_6,driver_089,route_009,2,15
HYUNDAI_IONIQ_6,driver_089,route_010,0,15
HYUNDAI_IONIQ_6,driver_089,route_010,1,15
HYUNDAI_IONIQ_6,driver_089,route_010,2,15
HYUNDAI_IONIQ_6,driver_089,route_010,3,15
HYUNDAI_IONIQ_6,driver_089,route_010,4,15
HYUNDAI_IONIQ_6,driver_089,route_011,0,15
HYUNDAI_IONIQ_6,driver_089,route_011,1,15
HYUNDAI_IONIQ_6,driver_089,route_011,2,15
HYUNDAI_IONIQ_6,driver_089,route_011,3,15
HYUNDAI_IONIQ_6,driver_089,route_011,4,15
HYUNDAI_IONIQ_6,driver_089,route_011,5,15
HYUNDAI_IONIQ_6,driver_089,route_011,6,15
HYUNDAI_IONIQ_6,driver_089,route_011,7,15
HYUNDAI_IONIQ_6,driver_089,route_011,8,15
HYUNDAI_IONIQ_6,driver_089,route_011,9,15
HYUNDAI_IONIQ_6,driver_089,route_011,10,15
HYUNDAI_IONIQ_6,driver_089,route_011,11,15
HYUNDAI_IONIQ_6,driver_089,route_011,12,10
HYUNDAI_IONIQ_6,driver_089,route_012,0,15
HYUNDAI_IONIQ_6,driver_089,route_012,1,15
HYUNDAI_IONIQ_6,driver_089,route_012,2,15
HYUNDAI_IONIQ_6,driver_089,route_012,3,15
HYUNDAI_IONIQ_6,driver_089,route_012,4,15
HYUNDAI_IONIQ_6,driver_089,route_012,5,15
HYUNDAI_IONIQ_6,driver_089,route_012,6,15
HYUNDAI_IONIQ_6,driver_089,route_012,7,15
HYUNDAI_IONIQ_6,driver_089,route_012,8,15
HYUNDAI_IONIQ_6,driver_089,route_012,9,15
HYUNDAI_IONIQ_6,driver_089,route_012,10,15
HYUNDAI_IONIQ_6,driver_089,route_012,11,15
HYUNDAI_IONIQ_6,driver_089,route_012,12,15
HYUNDAI_IONIQ_6,driver_089,route_012,13,15
HYUNDAI_IONIQ_6,driver_089,route_012,14,15
HYUNDAI_IONIQ_6,driver_089,route_012,15,15
HYUNDAI_IONIQ_6,driver_089,route_012,16,15
HYUNDAI_IONIQ_6,driver_089,route_012,17,15
HYUNDAI_IONIQ_6,driver_089,route_013,0,15
HYUNDAI_IONIQ_6,driver_089,route_013,1,15
HYUNDAI_IONIQ_6,driver_089,route_013,2,15
HYUNDAI_IONIQ_6,driver_089,route_013,3,15
HYUNDAI_IONIQ_6,driver_089,route_014,0,15
HYUNDAI_IONIQ_6,driver_089,route_014,1,15
HYUNDAI_IONIQ_6,driver_089,route_014,2,15
HYUNDAI_IONIQ_6,driver_089,route_014,3,15
HYUNDAI_IONIQ_6,driver_089,route_015,0,15
HYUNDAI_IONIQ_6,driver_089,route_015,1,15
HYUNDAI_IONIQ_6,driver_089,route_016,0,10
HYUNDAI_IONIQ_6,driver_089,route_016,1,10
HYUNDAI_IONIQ_6,driver_089,route_016,2,10
HYUNDAI_IONIQ_6,driver_089,route_016,3,10
HYUNDAI_IONIQ_6,driver_089,route_016,4,10
HYUNDAI_IONIQ_6,driver_089,route_016,5,10
HYUNDAI_IONIQ_6,driver_089,route_017,0,15
HYUNDAI_IONIQ_6,driver_089,route_017,1,15
HYUNDAI_IONIQ_6,driver_089,route_017,2,15
HYUNDAI_IONIQ_6,driver_089,route_017,3,15
HYUNDAI_IONIQ_6,driver_089,route_017,4,15
HYUNDAI_IONIQ_6,driver_089,route_017,5,15
HYUNDAI_IONIQ_6,driver_089,route_017,6,15
HYUNDAI_IONIQ_6,driver_089,route_017,7,15
HYUNDAI_IONIQ_6,driver_089,route_017,8,15
HYUNDAI_IONIQ_6,driver_089,route_018,0,15
HYUNDAI_IONIQ_6,driver_089,route_018,1,15
HYUNDAI_IONIQ_6,driver_089,route_018,2,15
HYUNDAI_IONIQ_6,driver_089,route_018,3,15
HYUNDAI_IONIQ_6,driver_089,route_019,0,15
HYUNDAI_IONIQ_6,driver_089,route_019,1,15
HYUNDAI_IONIQ_6,driver_089,route_019,2,15
HYUNDAI_IONIQ_6,driver_089,route_019,3,15
HYUNDAI_IONIQ_6,driver_089,route_020,0,15
HYUNDAI_IONIQ_6,driver_089,route_020,1,15
HYUNDAI_IONIQ_6,driver_089,route_020,2,15
HYUNDAI_IONIQ_6,driver_089,route_021,0,15
HYUNDAI_IONIQ_6,driver_089,route_021,1,15
HYUNDAI_IONIQ_6,driver_089,route_021,2,15
HYUNDAI_IONIQ_6,driver_089,route_021,3,15
HYUNDAI_IONIQ_6,driver_089,route_021,4,15
HYUNDAI_IONIQ_6,driver_089,route_022,0,15
HYUNDAI_IONIQ_6,driver_089,route_022,1,15
HYUNDAI_IONIQ_6,driver_089,route_022,2,15
HYUNDAI_IONIQ_6,driver_089,route_022,3,15
HYUNDAI_IONIQ_6,driver_089,route_022,4,15
HYUNDAI_IONIQ_6,driver_089,route_022,5,15
HYUNDAI_IONIQ_6,driver_089,route_023,0,15
HYUNDAI_IONIQ_6,driver_089,route_023,1,15
HYUNDAI_IONIQ_6,driver_089,route_023,2,15
HYUNDAI_IONIQ_6,driver_089,route_023,3,15
HYUNDAI_IONIQ_6,driver_089,route_023,4,15
HYUNDAI_IONIQ_6,driver_089,route_023,5,15
HYUNDAI_IONIQ_6,driver_089,route_023,6,15
HYUNDAI_IONIQ_6,driver_089,route_024,0,15
HYUNDAI_IONIQ_6,driver_089,route_024,1,15
HYUNDAI_IONIQ_6,driver_089,route_024,2,15
HYUNDAI_IONIQ_6,driver_089,route_024,3,15
HYUNDAI_IONIQ_6,driver_089,route_024,4,15
HYUNDAI_IONIQ_6,driver_089,route_024,5,15
HYUNDAI_IONIQ_6,driver_089,route_024,6,15
HYUNDAI_IONIQ_6,driver_089,route_024,7,15
HYUNDAI_IONIQ_6,driver_089,route_024,8,15
HYUNDAI_IONIQ_6,driver_089,route_024,9,15
HYUNDAI_IONIQ_6,driver_089,route_024,10,15
HYUNDAI_IONIQ_6,driver_089,route_025,0,10
HYUNDAI_IONIQ_6,driver_089,route_025,1,10
HYUNDAI_IONIQ_6,driver_089,route_025,2,10
HYUNDAI_IONIQ_6,driver_089,route_025,3,10
HYUNDAI_IONIQ_6,driver_089,route_025,4,10
HYUNDAI_IONIQ_6,driver_089,route_025,5,10
HYUNDAI_IONIQ_6,driver_089,route_025,6,10
HYUNDAI_IONIQ_6,driver_089,route_026,0,15
HYUNDAI_IONIQ_6,driver_089,route_026,1,15
HYUNDAI_IONIQ_6,driver_089,route_026,2,15
HYUNDAI_IONIQ_6,driver_089,route_026,3,15
HYUNDAI_IONIQ_6,driver_089,route_026,4,10
HYUNDAI_IONIQ_6,driver_089,route_027,0,15
HYUNDAI_IONIQ_6,driver_089,route_027,1,15
HYUNDAI_IONIQ_6,driver_089,route_027,2,15
HYUNDAI_IONIQ_6,driver_089,route_028,0,15
HYUNDAI_IONIQ_6,driver_089,route_028,1,15
HYUNDAI_IONIQ_6,driver_089,route_029,0,15
HYUNDAI_IONIQ_6,driver_089,route_029,1,15
HYUNDAI_IONIQ_6,driver_089,route_030,0,15
HYUNDAI_IONIQ_6,driver_089,route_031,0,15
HYUNDAI_IONIQ_6,driver_089,route_031,1,15
HYUNDAI_IONIQ_6,driver_089,route_031,2,15
HYUNDAI_IONIQ_6,driver_089,route_032,0,15
HYUNDAI_IONIQ_6,driver_089,route_033,0,15
HYUNDAI_IONIQ_6,driver_089,route_033,1,15
HYUNDAI_IONIQ_6,driver_089,route_033,2,15
HYUNDAI_IONIQ_6,driver_089,route_033,3,15
HYUNDAI_IONIQ_6,driver_089,route_034,0,15
HYUNDAI_IONIQ_6,driver_089,route_034,1,15
HYUNDAI_IONIQ_6,driver_089,route_034,2,15
HYUNDAI_IONIQ_6,driver_089,route_034,3,15
HYUNDAI_IONIQ_6,driver_089,route_035,0,15
HYUNDAI_IONIQ_6,driver_089,route_035,1,15
HYUNDAI_IONIQ_6,driver_089,route_035,2,15
HYUNDAI_IONIQ_6,driver_089,route_035,3,15
HYUNDAI_IONIQ_6,driver_089,route_035,4,15
HYUNDAI_IONIQ_6_2023,driver_303,route_001,0,15
HYUNDAI_IONIQ_6_2023,driver_303,route_001,1,15
HYUNDAI_IONIQ_6_2023,driver_303,route_001,2,15
HYUNDAI_IONIQ_6_2023,driver_303,route_001,3,15
HYUNDAI_IONIQ_6_2023,driver_303,route_001,4,15
HYUNDAI_IONIQ_6_2023,driver_303,route_001,5,15
HYUNDAI_IONIQ_6_2023,driver_303,route_001,6,15
HYUNDAI_IONIQ_6_2023,driver_303,route_001,7,15
HYUNDAI_IONIQ_6_2023,driver_303,route_001,8,15
HYUNDAI_IONIQ_6_2023,driver_303,route_001,9,15
HYUNDAI_IONIQ_6_2023,driver_303,route_001,10,15
HYUNDAI_IONIQ_6_2023,driver_303,route_002,0,15
HYUNDAI_IONIQ_6_2023,driver_303,route_002,1,15
HYUNDAI_IONIQ_6_2023,driver_303,route_002,2,15
HYUNDAI_IONIQ_6_2023,driver_303,route_002,3,15
HYUNDAI_IONIQ_6_2023,driver_303,route_002,4,15
HYUNDAI_IONIQ_6_2023,driver_303,route_002,5,15
HYUNDAI_IONIQ_6_2023,driver_303,route_002,6,15
HYUNDAI_IONIQ_6_2023,driver_303,route_002,7,15
HYUNDAI_IONIQ_6_2023,driver_303,route_003,0,15
HYUNDAI_IONIQ_6_2023,driver_303,route_003,1,15
HYUNDAI_IONIQ_6_2023,driver_303,route_003,2,15
HYUNDAI_IONIQ_6_2023,driver_303,route_003,3,15
HYUNDAI_IONIQ_6_2023,driver_303,route_003,4,15
HYUNDAI_IONIQ_6_2023,driver_303,route_003,5,15
HYUNDAI_IONIQ_6_2023,driver_303,route_004,0,15
HYUNDAI_IONIQ_6_2023,driver_303,route_004,1,15
HYUNDAI_IONIQ_6_2023,driver_303,route_004,2,15
HYUNDAI_IONIQ_6_2023,driver_303,route_004,3,15
HYUNDAI_IONIQ_6_2023,driver_303,route_005,0,15
HYUNDAI_IONIQ_6_2023,driver_303,route_005,1,15
HYUNDAI_IONIQ_6_2023,driver_303,route_005,2,15
HYUNDAI_IONIQ_6_2023,driver_303,route_005,3,15
HYUNDAI_IONIQ_6_2023,driver_303,route_005,4,15
HYUNDAI_IONIQ_6_2023,driver_303,route_005,5,15
HYUNDAI_IONIQ_6_2023,driver_303,route_005,6,15
HYUNDAI_IONIQ_6_2023,driver_303,route_006,0,15
HYUNDAI_IONIQ_6_2023,driver_303,route_006,1,15
HYUNDAI_IONIQ_6_2023,driver_303,route_006,2,15
HYUNDAI_IONIQ_6_2023,driver_303,route_006,3,15
HYUNDAI_IONIQ_6_2023,driver_303,route_006,4,15
HYUNDAI_IONIQ_6_2023,driver_303,route_006,5,15
HYUNDAI_IONIQ_6_2023,driver_303,route_006,6,15
HYUNDAI_IONIQ_6_2023,driver_303,route_007,0,15
HYUNDAI_IONIQ_6_2023,driver_303,route_007,1,15
HYUNDAI_IONIQ_6_2023,driver_303,route_007,2,15
HYUNDAI_IONIQ_6_2023,driver_303,route_007,3,15
HYUNDAI_IONIQ_ELECTRIC_2020,driver_153,route_001,0,15
HYUNDAI_IONIQ_ELECTRIC_2020,driver_153,route_001,1,15
HYUNDAI_IONIQ_ELECTRIC_2020,driver_153,route_001,2,15
HYUNDAI_IONIQ_ELECTRIC_2020,driver_153,route_001,3,15
HYUNDAI_IONIQ_ELECTRIC_2020,driver_153,route_001,4,15
HYUNDAI_IONIQ_ELECTRIC_2020,driver_153,route_001,5,15
HYUNDAI_IONIQ_ELECTRIC_2020,driver_153,route_001,6,15
HYUNDAI_IONIQ_ELECTRIC_2020,driver_153,route_001,7,10
HYUNDAI_IONIQ_ELECTRIC_2020,driver_153,route_001,8,10
HYUNDAI_IONIQ_ELECTRIC_2020,driver_153,route_001,9,10
HYUNDAI_IONIQ_ELECTRIC_2020,driver_153,route_002,0,15
HYUNDAI_IONIQ_ELECTRIC_2020,driver_153,route_002,1,15
HYUNDAI_IONIQ_ELECTRIC_2020,driver_153,route_002,2,15
HYUNDAI_IONIQ_ELECTRIC_2020,driver_153,route_002,3,10
HYUNDAI_IONIQ_ELECTRIC_2020,driver_153,route_003,0,15
HYUNDAI_IONIQ_ELECTRIC_2020,driver_153,route_003,1,15
HYUNDAI_IONIQ_ELECTRIC_2020,driver_153,route_003,2,15
HYUNDAI_IONIQ_ELECTRIC_2020,driver_153,route_003,3,15
HYUNDAI_IONIQ_ELECTRIC_2020,driver_153,route_003,4,15
HYUNDAI_IONIQ_ELECTRIC_2020,driver_153,route_003,5,15
HYUNDAI_IONIQ_ELECTRIC_2020,driver_153,route_003,6,15
HYUNDAI_IONIQ_ELECTRIC_2020,driver_153,route_003,7,10
HYUNDAI_IONIQ_ELECTRIC_2020,driver_153,route_003,8,10
HYUNDAI_IONIQ_ELECTRIC_2020,driver_153,route_003,9,10
HYUNDAI_IONIQ_ELECTRIC_2020,driver_153,route_003,10,10
HYUNDAI_IONIQ_HEV_2022,driver_107,route_001,0,15
HYUNDAI_IONIQ_HEV_2022,driver_107,route_001,1,15
HYUNDAI_IONIQ_HEV_2022,driver_107,route_001,2,15
HYUNDAI_IONIQ_HEV_2022,driver_107,route_001,3,15
HYUNDAI_IONIQ_HEV_2022,driver_107,route_001,4,15
HYUNDAI_IONIQ_HEV_2022,driver_107,route_001,5,15
HYUNDAI_IONIQ_HEV_2022,driver_107,route_002,0,15
HYUNDAI_IONIQ_HEV_2022,driver_107,route_002,1,15
HYUNDAI_IONIQ_HEV_2022,driver_107,route_002,2,15
HYUNDAI_IONIQ_HEV_2022,driver_107,route_002,3,15
HYUNDAI_IONIQ_HEV_2022,driver_107,route_002,4,15
HYUNDAI_IONIQ_PHEV_2020,driver_052,route_001,0,10
HYUNDAI_IONIQ_PHEV_2020,driver_052,route_001,1,10
HYUNDAI_IONIQ_PHEV_2020,driver_052,route_001,2,10
HYUNDAI_IONIQ_PHEV_2020,driver_052,route_001,3,10
HYUNDAI_IONIQ_PHEV_2020,driver_052,route_001,4,10
HYUNDAI_IONIQ_PHEV_2020,driver_052,route_001,5,10
HYUNDAI_IONIQ_PHEV_2020,driver_052,route_001,6,10
HYUNDAI_IONIQ_PHEV_2020,driver_052,route_001,7,10
HYUNDAI_IONIQ_PHEV_2020,driver_052,route_001,8,10
HYUNDAI_IONIQ_PHEV_2020,driver_052,route_001,9,10
HYUNDAI_IONIQ_PHEV_2020,driver_052,route_001,10,10
HYUNDAI_IONIQ_PHEV_2020,driver_052,route_001,11,10
HYUNDAI_IONIQ_PHEV_2020,driver_052,route_001,12,10
HYUNDAI_IONIQ_PHEV_2020,driver_052,route_001,13,10
HYUNDAI_IONIQ_PHEV_2020,driver_052,route_001,14,10
HYUNDAI_IONIQ_PHEV_2020,driver_052,route_001,15,10
HYUNDAI_IONIQ_PHEV_2020,driver_052,route_001,16,10
HYUNDAI_IONIQ_PHEV_2020,driver_052,route_001,17,10
HYUNDAI_IONIQ_PHEV_2020,driver_052,route_001,18,10
HYUNDAI_IONIQ_PHEV_2020,driver_052,route_001,19,10
HYUNDAI_IONIQ_PHEV_2020,driver_052,route_001,20,10
HYUNDAI_IONIQ_PHEV_2020,driver_052,route_002,0,15
HYUNDAI_IONIQ_PHEV_2020,driver_052,route_002,1,15
HYUNDAI_IONIQ_PHEV_2020,driver_052,route_002,2,15
HYUNDAI_IONIQ_PHEV_2020,driver_052,route_002,3,15
HYUNDAI_IONIQ_PHEV_2020,driver_052,route_002,4,10
HYUNDAI_IONIQ_PHEV_2020,driver_052,route_003,0,15
HYUNDAI_IONIQ_PHEV_2020,driver_052,route_003,1,15
HYUNDAI_IONIQ_PHEV_2020,driver_052,route_003,2,15
HYUNDAI_IONIQ_PHEV_2020,driver_052,route_003,3,15
HYUNDAI_IONIQ_PHEV_2020,driver_052,route_003,4,10
HYUNDAI_IONIQ_PHEV_2020,driver_052,route_003,5,10
HYUNDAI_IONIQ_PHEV_2020,driver_052,route_004,0,10
HYUNDAI_IONIQ_PHEV_2020,driver_052,route_004,1,10
HYUNDAI_IONIQ_PHEV_2020,driver_052,route_004,2,10
HYUNDAI_IONIQ_PHEV_2020,driver_052,route_004,3,10
HYUNDAI_IONIQ_PHEV_2020,driver_052,route_004,4,10
HYUNDAI_IONIQ_PHEV_2020,driver_052,route_004,5,10
HYUNDAI_IONIQ_PHEV_2020,driver_052,route_005,0,15
HYUNDAI_IONIQ_PHEV_2020,driver_052,route_006,0,15
HYUNDAI_IONIQ_PHEV_2020,driver_052,route_006,1,15
HYUNDAI_IONIQ_PHEV_2020,driver_052,route_006,2,15
HYUNDAI_IONIQ_PHEV_2020,driver_052,route_006,3,15
HYUNDAI_IONIQ_PHEV_2020,driver_052,route_006,4,15
HYUNDAI_IONIQ_PHEV_2020,driver_052,route_006,5,15
HYUNDAI_IONIQ_PHEV_2020,driver_052,route_006,6,15
HYUNDAI_IONIQ_PHEV_2020,driver_052,route_006,7,15
HYUNDAI_IONIQ_PHEV_2020,driver_052,route_006,8,15
HYUNDAI_IONIQ_PHEV_2020,driver_052,route_006,9,15
HYUNDAI_IONIQ_PHEV_2020,driver_052,route_006,10,15
HYUNDAI_IONIQ_PHEV_2020,driver_052,route_006,11,15
HYUNDAI_IONIQ_PHEV_2020,driver_052,route_006,12,15
HYUNDAI_IONIQ_PHEV_2020,driver_052,route_007,0,15
HYUNDAI_IONIQ_PHEV_2020,driver_052,route_007,1,15
HYUNDAI_IONIQ_PHEV_2020,driver_052,route_007,2,15
HYUNDAI_IONIQ_PHEV_2020,driver_052,route_007,3,15
HYUNDAI_IONIQ_PHEV_2020,driver_052,route_007,4,15
HYUNDAI_KONA,driver_138,route_001,0,15
HYUNDAI_KONA,driver_138,route_001,1,15
HYUNDAI_KONA,driver_138,route_002,0,15
HYUNDAI_KONA,driver_138,route_002,1,15
HYUNDAI_KONA,driver_138,route_002,2,15
HYUNDAI_KONA,driver_138,route_002,3,15
HYUNDAI_KONA,driver_138,route_002,4,15
HYUNDAI_KONA,driver_138,route_003,0,15
HYUNDAI_KONA,driver_138,route_003,1,15
HYUNDAI_KONA,driver_138,route_003,2,15
HYUNDAI_KONA,driver_138,route_003,3,15
HYUNDAI_KONA,driver_138,route_003,4,15
HYUNDAI_KONA,driver_138,route_003,5,15
HYUNDAI_KONA,driver_138,route_003,6,15
HYUNDAI_KONA,driver_138,route_003,7,15
HYUNDAI_KONA,driver_138,route_003,8,15
HYUNDAI_KONA,driver_138,route_003,9,10
HYUNDAI_KONA,driver_138,route_004,0,15
HYUNDAI_KONA,driver_138,route_004,1,15
HYUNDAI_KONA,driver_138,route_004,2,15
HYUNDAI_KONA,driver_138,route_004,3,15
HYUNDAI_KONA,driver_138,route_004,4,15
HYUNDAI_KONA,driver_138,route_004,5,15
HYUNDAI_KONA_2022,driver_002,route_001,0,15
HYUNDAI_KONA_2022,driver_002,route_001,1,15
HYUNDAI_KONA_2022,driver_002,route_001,2,15
HYUNDAI_KONA_2022,driver_002,route_001,3,15
HYUNDAI_KONA_2022,driver_002,route_001,4,15
HYUNDAI_KONA_2022,driver_002,route_001,5,15
HYUNDAI_KONA_2022,driver_002,route_001,6,15
HYUNDAI_KONA_2022,driver_002,route_001,7,10
HYUNDAI_KONA_2022,driver_002,route_001,8,10
HYUNDAI_KONA_2022,driver_002,route_002,0,15
HYUNDAI_KONA_2ND_GEN,driver_186,route_001,0,15
HYUNDAI_KONA_2ND_GEN,driver_186,route_001,1,15
HYUNDAI_KONA_2ND_GEN,driver_186,route_001,2,15
HYUNDAI_KONA_2ND_GEN,driver_186,route_001,3,15
HYUNDAI_KONA_2ND_GEN,driver_186,route_001,4,15
HYUNDAI_KONA_2ND_GEN,driver_186,route_001,5,15
HYUNDAI_KONA_2ND_GEN,driver_186,route_001,6,15
HYUNDAI_KONA_2ND_GEN,driver_186,route_001,7,15
HYUNDAI_KONA_ELECTRIC_2019,driver_022,route_001,0,15
HYUNDAI_KONA_ELECTRIC_2019,driver_022,route_002,0,15
HYUNDAI_KONA_ELECTRIC_2019,driver_022,route_002,1,15
HYUNDAI_KONA_ELECTRIC_2019,driver_022,route_002,2,10
HYUNDAI_KONA_ELECTRIC_2019,driver_022,route_003,0,15
HYUNDAI_KONA_ELECTRIC_2019,driver_022,route_004,0,15
HYUNDAI_KONA_ELECTRIC_2019,driver_022,route_004,1,15
HYUNDAI_KONA_ELECTRIC_2019,driver_022,route_004,2,15
HYUNDAI_KONA_ELECTRIC_2019,driver_022,route_005,0,15
HYUNDAI_KONA_ELECTRIC_2019,driver_022,route_005,1,15
HYUNDAI_KONA_ELECTRIC_2019,driver_022,route_005,2,15
HYUNDAI_KONA_ELECTRIC_2019,driver_022,route_005,3,15
HYUNDAI_KONA_ELECTRIC_2019,driver_022,route_005,4,15
HYUNDAI_KONA_ELECTRIC_2019,driver_022,route_005,5,15
HYUNDAI_KONA_ELECTRIC_2019,driver_022,route_005,6,15
HYUNDAI_KONA_ELECTRIC_2019,driver_022,route_005,7,10
HYUNDAI_KONA_ELECTRIC_2019,driver_022,route_006,0,15
HYUNDAI_KONA_ELECTRIC_2019,driver_022,route_006,1,15
HYUNDAI_KONA_ELECTRIC_2019,driver_022,route_007,0,15
HYUNDAI_KONA_ELECTRIC_2019,driver_022,route_007,1,15
HYUNDAI_KONA_ELECTRIC_2019,driver_022,route_008,0,15
HYUNDAI_KONA_ELECTRIC_2019,driver_022,route_008,1,15
HYUNDAI_KONA_ELECTRIC_2019,driver_022,route_009,0,15
HYUNDAI_KONA_ELECTRIC_2019,driver_022,route_009,1,15
HYUNDAI_KONA_ELECTRIC_2019,driver_022,route_009,2,15
HYUNDAI_KONA_ELECTRIC_2019,driver_022,route_010,0,15
HYUNDAI_KONA_ELECTRIC_2019,driver_022,route_010,1,15
HYUNDAI_KONA_ELECTRIC_2019,driver_022,route_010,2,15
HYUNDAI_KONA_ELECTRIC_2019,driver_022,route_010,3,15
HYUNDAI_KONA_ELECTRIC_2019,driver_022,route_011,0,15
HYUNDAI_KONA_ELECTRIC_2019,driver_022,route_012,0,15
HYUNDAI_KONA_ELECTRIC_2019,driver_022,route_012,1,15
HYUNDAI_KONA_ELECTRIC_2019,driver_022,route_012,2,15
HYUNDAI_KONA_ELECTRIC_2019,driver_022,route_013,0,15
HYUNDAI_KONA_ELECTRIC_2019,driver_022,route_014,0,15
HYUNDAI_KONA_ELECTRIC_2019,driver_022,route_014,1,15
HYUNDAI_KONA_ELECTRIC_2019,driver_022,route_014,2,15
HYUNDAI_KONA_ELECTRIC_2019,driver_022,route_014,3,15
HYUNDAI_KONA_ELECTRIC_2019,driver_022,route_014,4,15
HYUNDAI_KONA_ELECTRIC_2019,driver_022,route_014,5,15
HYUNDAI_KONA_ELECTRIC_2019,driver_022,route_014,6,15
HYUNDAI_KONA_ELECTRIC_2019,driver_022,route_015,0,15
HYUNDAI_KONA_ELECTRIC_2019,driver_022,route_015,1,15
HYUNDAI_KONA_ELECTRIC_2019,driver_022,route_015,2,15
HYUNDAI_KONA_ELECTRIC_2019,driver_022,route_016,0,15
HYUNDAI_KONA_ELECTRIC_2019,driver_022,route_017,0,15
HYUNDAI_KONA_ELECTRIC_2019,driver_226,route_001,0,15
HYUNDAI_KONA_ELECTRIC_2019,driver_226,route_001,1,15
HYUNDAI_KONA_ELECTRIC_2019,driver_226,route_001,2,15
HYUNDAI_KONA_ELECTRIC_2019,driver_226,route_001,3,15
HYUNDAI_KONA_ELECTRIC_2019,driver_226,route_001,4,15
HYUNDAI_KONA_ELECTRIC_2019,driver_226,route_001,5,15
HYUNDAI_KONA_ELECTRIC_2019,driver_226,route_001,6,15
HYUNDAI_KONA_ELECTRIC_2019,driver_226,route_002,0,15
HYUNDAI_KONA_ELECTRIC_2019,driver_226,route_002,1,15
HYUNDAI_KONA_ELECTRIC_2019,driver_226,route_002,2,15
HYUNDAI_KONA_ELECTRIC_2019,driver_226,route_002,3,15
HYUNDAI_KONA_ELECTRIC_2019,driver_226,route_002,4,15
HYUNDAI_KONA_ELECTRIC_2019,driver_226,route_002,5,15
HYUNDAI_KONA_ELECTRIC_2019,driver_226,route_002,6,15
HYUNDAI_KONA_ELECTRIC_2019,driver_226,route_002,7,15
HYUNDAI_KONA_ELECTRIC_2019,driver_226,route_002,8,15
HYUNDAI_KONA_ELECTRIC_2019,driver_226,route_002,9,10
HYUNDAI_KONA_ELECTRIC_2019,driver_316,route_001,0,10
HYUNDAI_KONA_ELECTRIC_2019,driver_316,route_001,1,10
HYUNDAI_KONA_ELECTRIC_2019,driver_316,route_002,0,10
HYUNDAI_KONA_ELECTRIC_2019,driver_316,route_002,1,10
HYUNDAI_KONA_ELECTRIC_2019,driver_316,route_002,2,10
HYUNDAI_KONA_ELECTRIC_2019,driver_316,route_002,3,10
HYUNDAI_KONA_ELECTRIC_2019,driver_316,route_002,4,10
HYUNDAI_KONA_ELECTRIC_2019,driver_316,route_002,5,10
HYUNDAI_KONA_ELECTRIC_2019,driver_316,route_002,6,10
HYUNDAI_KONA_ELECTRIC_2019,driver_316,route_002,7,10
HYUNDAI_KONA_ELECTRIC_2019,driver_316,route_002,8,10
HYUNDAI_KONA_ELECTRIC_2019,driver_316,route_003,0,10
HYUNDAI_KONA_ELECTRIC_2019,driver_316,route_003,1,10
HYUNDAI_KONA_ELECTRIC_2019,driver_316,route_003,2,10
HYUNDAI_KONA_ELECTRIC_2019,driver_316,route_003,3,10
HYUNDAI_KONA_ELECTRIC_2019,driver_316,route_003,4,10
HYUNDAI_KONA_ELECTRIC_2019,driver_316,route_004,0,15
HYUNDAI_KONA_ELECTRIC_2019,driver_316,route_004,1,15
HYUNDAI_KONA_ELECTRIC_2019,driver_316,route_005,0,10
HYUNDAI_KONA_ELECTRIC_2019,driver_316,route_005,1,10
HYUNDAI_KONA_ELECTRIC_2019,driver_316,route_005,2,10
HYUNDAI_KONA_ELECTRIC_2019,driver_316,route_005,3,10
HYUNDAI_KONA_ELECTRIC_2019,driver_316,route_005,4,10
HYUNDAI_KONA_ELECTRIC_2019,driver_316,route_005,5,10
HYUNDAI_KONA_ELECTRIC_2019,driver_316,route_005,6,10
HYUNDAI_KONA_ELECTRIC_2019,driver_316,route_005,7,10
HYUNDAI_KONA_ELECTRIC_2019,driver_316,route_005,8,10
HYUNDAI_KONA_ELECTRIC_2019,driver_316,route_006,0,15
HYUNDAI_KONA_ELECTRIC_2019,driver_316,route_006,1,15
HYUNDAI_KONA_ELECTRIC_2019,driver_316,route_006,2,15
HYUNDAI_KONA_ELECTRIC_2019,driver_316,route_006,3,15
HYUNDAI_KONA_ELECTRIC_2019,driver_316,route_006,4,15
HYUNDAI_KONA_ELECTRIC_2019,driver_316,route_006,5,15
HYUNDAI_KONA_ELECTRIC_2019,driver_316,route_007,0,15
HYUNDAI_KONA_ELECTRIC_2019,driver_316,route_007,1,15
HYUNDAI_KONA_ELECTRIC_2019,driver_316,route_007,2,15
HYUNDAI_KONA_ELECTRIC_2019,driver_316,route_007,3,15
HYUNDAI_KONA_ELECTRIC_2019,driver_316,route_007,4,15
HYUNDAI_KONA_ELECTRIC_2019,driver_316,route_007,5,15
HYUNDAI_KONA_ELECTRIC_2019,driver_316,route_007,6,15
HYUNDAI_KONA_ELECTRIC_2019,driver_316,route_007,7,15
HYUNDAI_KONA_ELECTRIC_2019,driver_316,route_007,8,15
HYUNDAI_KONA_ELECTRIC_2019,driver_316,route_007,9,15
HYUNDAI_KONA_ELECTRIC_2019,driver_316,route_007,10,15
HYUNDAI_KONA_ELECTRIC_2019,driver_316,route_007,11,15
HYUNDAI_KONA_ELECTRIC_2019,driver_316,route_007,12,15
HYUNDAI_KONA_ELECTRIC_2019,driver_316,route_007,13,15
HYUNDAI_KONA_ELECTRIC_2019,driver_316,route_007,14,15
HYUNDAI_KONA_ELECTRIC_2019,driver_316,route_007,15,15
HYUNDAI_KONA_ELECTRIC_2019,driver_316,route_007,16,15
HYUNDAI_KONA_ELECTRIC_2019,driver_316,route_007,17,15
HYUNDAI_KONA_ELECTRIC_2019,driver_316,route_007,18,15
HYUNDAI_KONA_ELECTRIC_2019,driver_316,route_008,0,15
HYUNDAI_KONA_ELECTRIC_2019,driver_316,route_009,0,15
HYUNDAI_KONA_ELECTRIC_2019,driver_316,route_009,1,15
HYUNDAI_KONA_ELECTRIC_2019,driver_316,route_009,2,15
HYUNDAI_KONA_ELECTRIC_2019,driver_316,route_009,3,15
HYUNDAI_KONA_ELECTRIC_2019,driver_316,route_009,4,15
HYUNDAI_KONA_ELECTRIC_2019,driver_316,route_009,5,15
HYUNDAI_KONA_ELECTRIC_2019,driver_316,route_009,6,15
HYUNDAI_KONA_ELECTRIC_2019,driver_316,route_009,7,15
HYUNDAI_KONA_ELECTRIC_2019,driver_316,route_010,0,15
HYUNDAI_KONA_ELECTRIC_2019,driver_316,route_010,1,15
HYUNDAI_KONA_ELECTRIC_2019,driver_316,route_010,2,15
HYUNDAI_KONA_ELECTRIC_2019,driver_316,route_011,0,15
HYUNDAI_KONA_ELECTRIC_2019,driver_316,route_011,1,15
HYUNDAI_KONA_ELECTRIC_2019,driver_316,route_011,2,15
HYUNDAI_KONA_ELECTRIC_2019,driver_316,route_011,3,15
HYUNDAI_KONA_ELECTRIC_2019,driver_316,route_011,4,15
HYUNDAI_KONA_ELECTRIC_2019,driver_316,route_011,5,15
HYUNDAI_KONA_ELECTRIC_2019,driver_316,route_011,6,15
HYUNDAI_KONA_ELECTRIC_2019,driver_316,route_011,7,15
HYUNDAI_KONA_EV,driver_163,route_001,0,15
HYUNDAI_KONA_EV,driver_163,route_001,1,15
HYUNDAI_KONA_EV,driver_163,route_001,2,15
HYUNDAI_KONA_EV,driver_163,route_001,3,15
HYUNDAI_KONA_EV,driver_163,route_001,4,15
HYUNDAI_KONA_EV,driver_163,route_001,5,15
HYUNDAI_KONA_EV,driver_163,route_001,6,15
HYUNDAI_KONA_EV,driver_163,route_001,7,15
HYUNDAI_KONA_EV,driver_163,route_001,8,15
HYUNDAI_KONA_EV,driver_163,route_001,9,15
HYUNDAI_KONA_EV,driver_163,route_001,10,15
HYUNDAI_KONA_EV,driver_163,route_001,11,15
HYUNDAI_KONA_EV,driver_163,route_002,0,15
HYUNDAI_KONA_EV,driver_163,route_002,1,15
HYUNDAI_KONA_EV,driver_163,route_002,2,15
HYUNDAI_KONA_EV,driver_163,route_002,3,15
HYUNDAI_KONA_EV,driver_163,route_002,4,15
HYUNDAI_KONA_EV,driver_163,route_003,0,15
HYUNDAI_KONA_EV,driver_163,route_003,1,15
HYUNDAI_KONA_EV,driver_163,route_003,2,15
HYUNDAI_KONA_EV,driver_318,route_001,0,15
HYUNDAI_KONA_EV,driver_318,route_001,1,15
HYUNDAI_KONA_EV,driver_318,route_001,2,15
HYUNDAI_KONA_EV,driver_318,route_001,3,15
HYUNDAI_KONA_EV,driver_318,route_001,4,15
HYUNDAI_KONA_EV,driver_318,route_001,5,15
HYUNDAI_KONA_EV,driver_318,route_001,6,15
HYUNDAI_KONA_EV,driver_318,route_001,7,15
HYUNDAI_KONA_EV,driver_318,route_001,8,15
HYUNDAI_KONA_EV,driver_318,route_001,9,15
HYUNDAI_KONA_EV,driver_318,route_001,10,15
HYUNDAI_KONA_EV,driver_318,route_001,11,15
HYUNDAI_KONA_EV,driver_318,route_001,12,15
HYUNDAI_KONA_EV,driver_318,route_001,13,15
HYUNDAI_KONA_EV,driver_318,route_001,14,15
HYUNDAI_KONA_EV,driver_318,route_001,15,15
HYUNDAI_KONA_EV,driver_318,route_001,16,15
HYUNDAI_KONA_EV,driver_318,route_001,17,15
HYUNDAI_KONA_EV,driver_318,route_001,18,15
HYUNDAI_KONA_EV,driver_318,route_001,19,15
HYUNDAI_KONA_EV,driver_318,route_001,20,15
HYUNDAI_KONA_EV,driver_318,route_001,21,15
HYUNDAI_KONA_EV,driver_318,route_001,22,15
HYUNDAI_KONA_EV,driver_318,route_001,23,15
HYUNDAI_KONA_EV,driver_318,route_001,24,15
HYUNDAI_KONA_EV,driver_318,route_001,25,15
HYUNDAI_KONA_EV,driver_318,route_001,26,15
HYUNDAI_KONA_EV,driver_318,route_001,27,15
HYUNDAI_KONA_EV,driver_318,route_001,28,15
HYUNDAI_KONA_EV,driver_318,route_001,29,15
HYUNDAI_KONA_EV,driver_318,route_001,30,15
HYUNDAI_KONA_EV,driver_318,route_001,31,15
HYUNDAI_KONA_EV,driver_318,route_001,32,15
HYUNDAI_KONA_EV,driver_318,route_001,33,15
HYUNDAI_KONA_EV,driver_318,route_001,34,15
HYUNDAI_KONA_EV,driver_318,route_001,35,15
HYUNDAI_KONA_EV,driver_318,route_001,36,10
HYUNDAI_KONA_EV,driver_318,route_002,0,15
HYUNDAI_KONA_EV,driver_318,route_002,1,15
HYUNDAI_KONA_EV,driver_318,route_002,2,15
HYUNDAI_KONA_EV,driver_318,route_002,3,15
HYUNDAI_KONA_EV,driver_318,route_002,4,15
HYUNDAI_KONA_EV,driver_318,route_003,0,15
HYUNDAI_KONA_EV,driver_318,route_003,1,15
HYUNDAI_KONA_EV,driver_318,route_003,2,15
HYUNDAI_KONA_EV,driver_318,route_003,3,15
HYUNDAI_KONA_EV,driver_318,route_003,4,15
HYUNDAI_KONA_EV,driver_318,route_003,5,15
HYUNDAI_KONA_EV,driver_318,route_003,6,15
HYUNDAI_KONA_EV,driver_318,route_003,7,15
HYUNDAI_KONA_EV,driver_318,route_003,8,15
HYUNDAI_KONA_EV,driver_318,route_003,9,15
HYUNDAI_KONA_EV,driver_318,route_003,10,15
HYUNDAI_KONA_EV,driver_318,route_003,11,15
HYUNDAI_KONA_EV,driver_318,route_003,12,15
HYUNDAI_KONA_EV,driver_318,route_003,13,15
HYUNDAI_KONA_EV,driver_318,route_003,14,15
HYUNDAI_KONA_EV,driver_318,route_003,15,10
HYUNDAI_KONA_EV,driver_318,route_004,0,15
HYUNDAI_KONA_EV,driver_318,route_004,1,15
HYUNDAI_KONA_EV,driver_318,route_004,2,15
HYUNDAI_KONA_EV,driver_318,route_004,3,15
HYUNDAI_KONA_EV_2022,driver_137,route_001,0,15
HYUNDAI_KONA_EV_2022,driver_137,route_001,1,15
HYUNDAI_KONA_EV_2022,driver_137,route_001,2,15
HYUNDAI_KONA_EV_2022,driver_137,route_002,0,15
HYUNDAI_KONA_EV_2022,driver_137,route_002,1,15
HYUNDAI_KONA_EV_2022,driver_137,route_003,0,15
HYUNDAI_KONA_EV_2022,driver_137,route_003,1,15
HYUNDAI_KONA_EV_2022,driver_137,route_003,2,15
HYUNDAI_KONA_EV_2022,driver_137,route_003,3,15
HYUNDAI_KONA_EV_2022,driver_362,route_001,0,15
HYUNDAI_KONA_EV_2022,driver_362,route_001,1,15
HYUNDAI_KONA_EV_2022,driver_362,route_001,2,15
HYUNDAI_KONA_EV_2ND_GEN,driver_224,route_001,0,15
HYUNDAI_KONA_EV_2ND_GEN,driver_224,route_001,1,15
HYUNDAI_KONA_EV_2ND_GEN,driver_224,route_001,2,15
HYUNDAI_KONA_EV_2ND_GEN,driver_224,route_001,3,15
HYUNDAI_KONA_EV_2ND_GEN,driver_224,route_001,4,15
HYUNDAI_KONA_EV_2ND_GEN,driver_224,route_001,5,15
HYUNDAI_KONA_EV_2ND_GEN,driver_224,route_001,6,15
HYUNDAI_KONA_EV_2ND_GEN,driver_224,route_001,7,15
HYUNDAI_KONA_EV_2ND_GEN,driver_224,route_002,0,15
HYUNDAI_KONA_EV_2ND_GEN,driver_224,route_002,1,15
HYUNDAI_KONA_EV_2ND_GEN,driver_224,route_002,2,15
HYUNDAI_KONA_EV_2ND_GEN,driver_224,route_003,0,15
HYUNDAI_KONA_EV_2ND_GEN,driver_224,route_003,1,15
HYUNDAI_KONA_EV_2ND_GEN,driver_224,route_003,2,15
HYUNDAI_KONA_EV_2ND_GEN,driver_224,route_003,3,15
HYUNDAI_PALISADE,driver_326,route_001,0,15
HYUNDAI_PALISADE,driver_326,route_001,1,15
HYUNDAI_PALISADE,driver_326,route_001,2,15
HYUNDAI_PALISADE,driver_326,route_001,3,15
HYUNDAI_PALISADE,driver_326,route_001,4,15
HYUNDAI_PALISADE,driver_326,route_002,0,15
HYUNDAI_PALISADE,driver_326,route_002,1,15
HYUNDAI_PALISADE,driver_326,route_002,2,15
HYUNDAI_PALISADE,driver_326,route_002,3,15
HYUNDAI_PALISADE,driver_326,route_002,4,15
HYUNDAI_PALISADE,driver_326,route_002,5,15
HYUNDAI_PALISADE,driver_326,route_003,0,15
HYUNDAI_PALISADE,driver_326,route_003,1,15
HYUNDAI_PALISADE,driver_326,route_003,2,15
HYUNDAI_PALISADE,driver_326,route_003,3,15
HYUNDAI_PALISADE,driver_326,route_004,0,15
HYUNDAI_PALISADE,driver_326,route_004,1,15
HYUNDAI_PALISADE,driver_326,route_004,2,15
HYUNDAI_PALISADE,driver_326,route_004,3,15
HYUNDAI_PALISADE,driver_326,route_004,4,15
HYUNDAI_PALISADE,driver_326,route_004,5,15
HYUNDAI_PALISADE,driver_326,route_004,6,15
HYUNDAI_PALISADE,driver_326,route_005,0,15
HYUNDAI_PALISADE,driver_326,route_005,1,15
HYUNDAI_PALISADE,driver_326,route_005,2,15
HYUNDAI_PALISADE,driver_326,route_005,3,15
HYUNDAI_PALISADE,driver_326,route_005,4,15
HYUNDAI_PALISADE,driver_326,route_005,5,15
HYUNDAI_PALISADE,driver_326,route_006,0,15
HYUNDAI_PALISADE,driver_326,route_006,1,15
HYUNDAI_PALISADE,driver_326,route_006,2,15
HYUNDAI_PALISADE,driver_326,route_006,3,15
HYUNDAI_PALISADE,driver_326,route_007,0,15
HYUNDAI_PALISADE,driver_326,route_007,1,15
HYUNDAI_PALISADE,driver_326,route_007,2,15
HYUNDAI_PALISADE,driver_326,route_008,0,15
HYUNDAI_PALISADE,driver_326,route_008,1,15
HYUNDAI_PALISADE,driver_326,route_009,0,15
HYUNDAI_PALISADE,driver_326,route_009,1,15
HYUNDAI_PALISADE,driver_326,route_009,2,15
HYUNDAI_PALISADE,driver_326,route_009,3,15
HYUNDAI_PALISADE,driver_326,route_009,4,15
HYUNDAI_PALISADE,driver_326,route_009,5,15
HYUNDAI_PALISADE,driver_326,route_009,6,15
HYUNDAI_PALISADE,driver_326,route_009,7,15
HYUNDAI_PALISADE,driver_326,route_009,8,15
HYUNDAI_PALISADE,driver_326,route_009,9,15
HYUNDAI_PALISADE,driver_326,route_010,0,15
HYUNDAI_PALISADE,driver_326,route_010,1,15
HYUNDAI_PALISADE,driver_326,route_010,2,15
HYUNDAI_PALISADE,driver_326,route_010,3,15
HYUNDAI_PALISADE,driver_326,route_010,4,15
HYUNDAI_PALISADE,driver_326,route_010,5,15
HYUNDAI_PALISADE,driver_326,route_010,6,15
HYUNDAI_PALISADE,driver_326,route_010,7,15
HYUNDAI_PALISADE,driver_326,route_010,8,15
HYUNDAI_PALISADE,driver_326,route_011,0,15
HYUNDAI_PALISADE,driver_326,route_011,1,15
HYUNDAI_PALISADE,driver_326,route_011,2,15
HYUNDAI_PALISADE,driver_326,route_012,0,15
HYUNDAI_PALISADE,driver_326,route_012,1,15
HYUNDAI_PALISADE,driver_326,route_012,2,15
HYUNDAI_PALISADE,driver_326,route_012,3,15
HYUNDAI_PALISADE,driver_326,route_012,4,15
HYUNDAI_PALISADE,driver_326,route_012,5,15
HYUNDAI_PALISADE,driver_326,route_013,0,15
HYUNDAI_PALISADE,driver_326,route_013,1,15
HYUNDAI_PALISADE,driver_326,route_013,2,15
HYUNDAI_PALISADE,driver_326,route_013,3,15
HYUNDAI_PALISADE,driver_326,route_013,4,15
HYUNDAI_PALISADE,driver_326,route_013,5,15
HYUNDAI_PALISADE,driver_326,route_014,0,15
HYUNDAI_PALISADE,driver_326,route_014,1,15
HYUNDAI_PALISADE,driver_326,route_014,2,15
HYUNDAI_PALISADE,driver_326,route_014,3,15
HYUNDAI_PALISADE,driver_326,route_014,4,15
HYUNDAI_PALISADE,driver_326,route_014,5,15
HYUNDAI_PALISADE,driver_326,route_014,6,15
HYUNDAI_PALISADE,driver_326,route_014,7,10
HYUNDAI_PALISADE,driver_326,route_015,0,15
HYUNDAI_PALISADE,driver_326,route_015,1,15
HYUNDAI_PALISADE,driver_326,route_015,2,15
HYUNDAI_PALISADE,driver_326,route_015,3,15
HYUNDAI_PALISADE,driver_326,route_015,4,15
HYUNDAI_PALISADE_2023,driver_023,route_001,0,15
HYUNDAI_PALISADE_2023,driver_023,route_001,1,15
HYUNDAI_PALISADE_2023,driver_023,route_002,0,15
HYUNDAI_PALISADE_2023,driver_023,route_002,1,15
HYUNDAI_PALISADE_2023,driver_023,route_002,2,10
HYUNDAI_PALISADE_2023,driver_023,route_003,0,15
HYUNDAI_PALISADE_2023,driver_023,route_003,1,15
HYUNDAI_PALISADE_2023,driver_023,route_003,2,15
HYUNDAI_PALISADE_2023,driver_023,route_003,3,15
HYUNDAI_PALISADE_2023,driver_023,route_003,4,15
HYUNDAI_PALISADE_2023,driver_023,route_003,5,15
HYUNDAI_PALISADE_2023,driver_023,route_003,6,15
HYUNDAI_PALISADE_2023,driver_023,route_003,7,15
HYUNDAI_PALISADE_2023,driver_023,route_003,8,15
HYUNDAI_PALISADE_2023,driver_023,route_003,9,15
HYUNDAI_PALISADE_2023,driver_023,route_003,10,15
HYUNDAI_PALISADE_2023,driver_023,route_003,11,10
HYUNDAI_PALISADE_2023,driver_023,route_004,0,15
HYUNDAI_PALISADE_2023,driver_023,route_004,1,15
HYUNDAI_PALISADE_2023,driver_023,route_005,0,15
HYUNDAI_PALISADE_2023,driver_023,route_005,1,15
HYUNDAI_PALISADE_2023,driver_036,route_001,0,15
HYUNDAI_PALISADE_2023,driver_036,route_001,1,15
HYUNDAI_PALISADE_2023,driver_036,route_002,0,15
HYUNDAI_PALISADE_2023,driver_036,route_002,1,15
HYUNDAI_PALISADE_2023,driver_036,route_002,2,15
HYUNDAI_PALISADE_2023,driver_036,route_002,3,15
HYUNDAI_PALISADE_2023,driver_223,route_001,0,15
HYUNDAI_PALISADE_2023,driver_223,route_001,1,15
HYUNDAI_PALISADE_2023,driver_223,route_001,2,15
HYUNDAI_PALISADE_2023,driver_223,route_001,3,15
HYUNDAI_PALISADE_2023,driver_223,route_001,4,15
HYUNDAI_PALISADE_2023,driver_223,route_001,5,15
HYUNDAI_PALISADE_2023,driver_223,route_001,6,15
HYUNDAI_PALISADE_2023,driver_223,route_001,7,15
HYUNDAI_PALISADE_2023,driver_223,route_001,8,15
HYUNDAI_PALISADE_2023,driver_223,route_002,0,10
HYUNDAI_PALISADE_2023,driver_223,route_002,1,10
HYUNDAI_PALISADE_2023,driver_223,route_002,2,10
HYUNDAI_PALISADE_2023,driver_223,route_002,3,10
HYUNDAI_PALISADE_2023,driver_223,route_002,4,10
HYUNDAI_PALISADE_2023,driver_223,route_002,5,10
HYUNDAI_PALISADE_2023,driver_223,route_002,6,10
HYUNDAI_PALISADE_2023,driver_223,route_002,7,10
HYUNDAI_PALISADE_2023,driver_223,route_002,8,10
HYUNDAI_PALISADE_2023,driver_223,route_003,0,10
HYUNDAI_PALISADE_2023,driver_223,route_003,1,10
HYUNDAI_PALISADE_2023,driver_223,route_003,2,10
HYUNDAI_PALISADE_2023,driver_223,route_003,3,10
HYUNDAI_PALISADE_2023,driver_223,route_003,4,10
HYUNDAI_PALISADE_2023,driver_223,route_003,5,10
HYUNDAI_PALISADE_2023,driver_223,route_004,0,15
HYUNDAI_PALISADE_2023,driver_223,route_005,0,15
HYUNDAI_PALISADE_2023,driver_223,route_005,1,15
HYUNDAI_PALISADE_2023,driver_223,route_005,2,15
HYUNDAI_PALISADE_2023,driver_223,route_005,3,15
HYUNDAI_PALISADE_2023,driver_223,route_006,0,15
HYUNDAI_PALISADE_2023,driver_223,route_006,1,15
HYUNDAI_PALISADE_2023,driver_223,route_006,2,15
HYUNDAI_PALISADE_2023,driver_223,route_006,3,15
HYUNDAI_PALISADE_2023,driver_223,route_006,4,15
HYUNDAI_PALISADE_2023,driver_223,route_007,0,15
HYUNDAI_PALISADE_2023,driver_223,route_007,1,15
HYUNDAI_PALISADE_2023,driver_223,route_007,2,15
HYUNDAI_PALISADE_2023,driver_223,route_007,3,15
HYUNDAI_PALISADE_2023,driver_223,route_007,4,15
HYUNDAI_PALISADE_2023,driver_223,route_007,5,15
HYUNDAI_PALISADE_2023,driver_223,route_008,0,15
HYUNDAI_PALISADE_2023,driver_223,route_008,1,15
HYUNDAI_PALISADE_2023,driver_223,route_009,0,15
HYUNDAI_PALISADE_2023,driver_223,route_009,1,15
HYUNDAI_PALISADE_2023,driver_223,route_009,2,15
HYUNDAI_PALISADE_2023,driver_223,route_009,3,15
HYUNDAI_PALISADE_2023,driver_223,route_009,4,15
HYUNDAI_PALISADE_2023,driver_223,route_010,0,15
HYUNDAI_PALISADE_2023,driver_223,route_010,1,15
HYUNDAI_PALISADE_2023,driver_223,route_010,2,10
HYUNDAI_PALISADE_2023,driver_223,route_012,0,15
HYUNDAI_PALISADE_2023,driver_223,route_012,1,15
HYUNDAI_PALISADE_2023,driver_223,route_012,2,15
HYUNDAI_PALISADE_2023,driver_223,route_012,3,15
HYUNDAI_PALISADE_2023,driver_223,route_012,4,15
HYUNDAI_PALISADE_2023,driver_223,route_013,0,15
HYUNDAI_PALISADE_2023,driver_223,route_013,1,15
HYUNDAI_PALISADE_2023,driver_223,route_013,2,15
HYUNDAI_PALISADE_2023,driver_223,route_013,3,15
HYUNDAI_PALISADE_2023,driver_223,route_013,4,15
HYUNDAI_PALISADE_2023,driver_223,route_013,5,15
HYUNDAI_PALISADE_2023,driver_223,route_014,0,15
HYUNDAI_PALISADE_2023,driver_223,route_014,1,15
HYUNDAI_PALISADE_2023,driver_223,route_014,2,15
HYUNDAI_PALISADE_2023,driver_228,route_001,0,10
HYUNDAI_PALISADE_2023,driver_228,route_001,1,10
HYUNDAI_PALISADE_2023,driver_228,route_001,2,10
HYUNDAI_PALISADE_2023,driver_228,route_002,0,10
HYUNDAI_PALISADE_2023,driver_228,route_002,1,10
HYUNDAI_PALISADE_2023,driver_228,route_002,2,10
HYUNDAI_PALISADE_2023,driver_228,route_002,3,10
HYUNDAI_PALISADE_2023,driver_228,route_003,0,15
HYUNDAI_PALISADE_2023,driver_228,route_003,1,15
HYUNDAI_PALISADE_2023,driver_228,route_003,2,15
HYUNDAI_PALISADE_2023,driver_228,route_004,0,15
HYUNDAI_PALISADE_2023,driver_228,route_004,1,15
HYUNDAI_PALISADE_2023,driver_228,route_005,0,15
HYUNDAI_PALISADE_2023,driver_228,route_005,1,15
HYUNDAI_SANTA_FE,driver_258,route_001,0,15
HYUNDAI_SANTA_FE,driver_258,route_001,1,15
HYUNDAI_SANTA_FE,driver_258,route_002,0,15
HYUNDAI_SANTA_FE,driver_258,route_002,1,15
HYUNDAI_SANTA_FE,driver_258,route_002,2,15
HYUNDAI_SANTA_FE,driver_258,route_002,3,15
HYUNDAI_SANTA_FE,driver_258,route_002,4,15
HYUNDAI_SANTA_FE,driver_258,route_002,5,10
HYUNDAI_SANTA_FE,driver_258,route_003,0,15
HYUNDAI_SANTA_FE,driver_258,route_003,1,15
HYUNDAI_SANTA_FE,driver_258,route_003,2,15
HYUNDAI_SANTA_FE,driver_258,route_003,3,15
HYUNDAI_SANTA_FE,driver_258,route_003,4,15
HYUNDAI_SANTA_FE,driver_258,route_003,5,10
HYUNDAI_SANTA_FE,driver_258,route_003,6,10
HYUNDAI_SANTA_FE,driver_258,route_003,7,10
HYUNDAI_SANTA_FE_2019,driver_184,route_001,0,10
HYUNDAI_SANTA_FE_2019,driver_184,route_001,1,10
HYUNDAI_SANTA_FE_2019,driver_184,route_001,2,10
HYUNDAI_SANTA_FE_2019,driver_184,route_002,0,15
HYUNDAI_SANTA_FE_2019,driver_184,route_002,1,15
HYUNDAI_SANTA_FE_2019,driver_184,route_002,2,15
HYUNDAI_SANTA_FE_2019,driver_184,route_002,3,15
HYUNDAI_SANTA_FE_2019,driver_184,route_002,4,15
HYUNDAI_SANTA_FE_2019,driver_184,route_002,5,15
HYUNDAI_SANTA_FE_2019,driver_184,route_002,6,15
HYUNDAI_SANTA_FE_2019,driver_184,route_003,0,15
HYUNDAI_SANTA_FE_5TH_GEN,driver_111,route_001,0,15
HYUNDAI_SANTA_FE_5TH_GEN,driver_111,route_001,1,15
HYUNDAI_SANTA_FE_5TH_GEN,driver_111,route_002,0,15
HYUNDAI_SANTA_FE_5TH_GEN,driver_111,route_002,1,15
HYUNDAI_SANTA_FE_5TH_GEN,driver_111,route_002,2,15
HYUNDAI_SANTA_FE_5TH_GEN,driver_111,route_002,3,15
HYUNDAI_SANTA_FE_5TH_GEN,driver_111,route_002,4,15
HYUNDAI_SANTA_FE_5TH_GEN,driver_111,route_002,5,15
HYUNDAI_SANTA_FE_5TH_GEN,driver_111,route_002,6,15
HYUNDAI_SANTA_FE_5TH_GEN,driver_111,route_002,7,15
HYUNDAI_SANTA_FE_5TH_GEN,driver_111,route_002,8,15
HYUNDAI_SANTA_FE_5TH_GEN,driver_111,route_002,9,15
HYUNDAI_SANTA_FE_5TH_GEN,driver_111,route_002,10,15
HYUNDAI_SANTA_FE_5TH_GEN,driver_111,route_003,0,15
HYUNDAI_SANTA_FE_5TH_GEN,driver_111,route_003,1,15
HYUNDAI_SANTA_FE_5TH_GEN,driver_111,route_003,2,15
HYUNDAI_SANTA_FE_5TH_GEN,driver_111,route_003,3,15
HYUNDAI_SANTA_FE_5TH_GEN,driver_111,route_003,4,15
HYUNDAI_SANTA_FE_5TH_GEN,driver_111,route_003,5,15
HYUNDAI_SANTA_FE_5TH_GEN,driver_111,route_003,6,15
HYUNDAI_SANTA_FE_5TH_GEN,driver_111,route_003,7,15
HYUNDAI_SANTA_FE_5TH_GEN,driver_111,route_003,8,15
HYUNDAI_SANTA_FE_5TH_GEN,driver_111,route_003,9,15
HYUNDAI_SANTA_FE_5TH_GEN,driver_111,route_003,10,15
HYUNDAI_SANTA_FE_5TH_GEN,driver_111,route_003,11,15
HYUNDAI_SANTA_FE_5TH_GEN,driver_111,route_003,12,10
HYUNDAI_SANTA_FE_5TH_GEN,driver_111,route_004,0,15
HYUNDAI_SANTA_FE_5TH_GEN,driver_111,route_004,1,15
HYUNDAI_SANTA_FE_5TH_GEN,driver_111,route_004,2,15
HYUNDAI_SANTA_FE_5TH_GEN,driver_111,route_004,3,15
HYUNDAI_SANTA_FE_5TH_GEN,driver_111,route_004,4,15
HYUNDAI_SANTA_FE_5TH_GEN,driver_111,route_004,5,15
HYUNDAI_SANTA_FE_5TH_GEN,driver_111,route_004,6,15
HYUNDAI_SANTA_FE_5TH_GEN,driver_111,route_004,7,15
HYUNDAI_SANTA_FE_5TH_GEN,driver_111,route_004,8,15
HYUNDAI_SANTA_FE_5TH_GEN,driver_111,route_004,9,15
HYUNDAI_SANTA_FE_5TH_GEN,driver_111,route_004,10,10
HYUNDAI_SANTA_FE_5TH_GEN,driver_111,route_004,11,10
HYUNDAI_SONATA,driver_205,route_001,0,15
HYUNDAI_SONATA,driver_205,route_001,1,15
HYUNDAI_SONATA,driver_205,route_001,2,15
HYUNDAI_SONATA,driver_205,route_001,3,15
HYUNDAI_SONATA,driver_205,route_001,4,15
HYUNDAI_SONATA,driver_205,route_001,5,15
HYUNDAI_SONATA,driver_205,route_001,6,15
HYUNDAI_SONATA,driver_205,route_001,7,15
HYUNDAI_SONATA,driver_205,route_001,8,15
HYUNDAI_SONATA,driver_205,route_001,9,15
HYUNDAI_SONATA,driver_205,route_001,10,15
HYUNDAI_SONATA,driver_205,route_001,11,15
HYUNDAI_SONATA,driver_205,route_001,12,15
HYUNDAI_SONATA,driver_205,route_001,13,15
HYUNDAI_SONATA,driver_205,route_001,14,15
HYUNDAI_SONATA,driver_205,route_001,15,15
HYUNDAI_SONATA,driver_205,route_001,16,15
HYUNDAI_SONATA,driver_205,route_001,17,15
HYUNDAI_SONATA,driver_205,route_001,18,15
HYUNDAI_SONATA,driver_205,route_001,19,15
HYUNDAI_SONATA,driver_205,route_001,20,15
HYUNDAI_SONATA,driver_205,route_001,21,15
HYUNDAI_SONATA,driver_205,route_001,22,15
HYUNDAI_SONATA,driver_205,route_001,23,15
HYUNDAI_SONATA,driver_205,route_001,24,15
HYUNDAI_SONATA,driver_205,route_001,25,15
HYUNDAI_SONATA,driver_205,route_001,26,15
HYUNDAI_SONATA,driver_205,route_001,27,15
HYUNDAI_SONATA,driver_205,route_001,28,15
HYUNDAI_SONATA,driver_205,route_001,29,15
HYUNDAI_SONATA,driver_205,route_001,30,15
HYUNDAI_SONATA,driver_205,route_001,31,15
HYUNDAI_SONATA,driver_205,route_001,32,15
HYUNDAI_SONATA,driver_205,route_001,33,15
HYUNDAI_SONATA,driver_205,route_001,34,15
HYUNDAI_SONATA,driver_205,route_001,35,15
HYUNDAI_SONATA,driver_205,route_001,36,15
HYUNDAI_SONATA,driver_205,route_002,0,15
HYUNDAI_SONATA,driver_205,route_002,1,15
HYUNDAI_SONATA,driver_205,route_002,2,15
HYUNDAI_SONATA,driver_205,route_002,3,15
HYUNDAI_SONATA,driver_205,route_002,4,15
HYUNDAI_SONATA,driver_205,route_002,5,15
HYUNDAI_SONATA,driver_205,route_002,6,15
HYUNDAI_SONATA,driver_205,route_002,7,15
HYUNDAI_SONATA,driver_205,route_003,0,15
HYUNDAI_SONATA,driver_205,route_003,1,15
HYUNDAI_SONATA,driver_205,route_003,2,15
HYUNDAI_SONATA,driver_205,route_003,3,15
HYUNDAI_SONATA,driver_205,route_003,4,15
HYUNDAI_SONATA,driver_205,route_003,5,15
HYUNDAI_SONATA,driver_205,route_003,6,15
HYUNDAI_SONATA,driver_205,route_003,7,15
HYUNDAI_SONATA,driver_205,route_003,8,15
HYUNDAI_SONATA,driver_205,route_003,9,15
HYUNDAI_SONATA,driver_205,route_003,10,15
HYUNDAI_SONATA,driver_205,route_004,0,15
HYUNDAI_SONATA,driver_205,route_004,1,15
HYUNDAI_SONATA,driver_205,route_004,2,15
HYUNDAI_SONATA,driver_205,route_004,3,15
HYUNDAI_SONATA,driver_205,route_004,4,15
HYUNDAI_SONATA,driver_205,route_004,5,15
HYUNDAI_SONATA,driver_205,route_004,6,15
HYUNDAI_SONATA,driver_205,route_004,7,15
HYUNDAI_SONATA,driver_205,route_004,8,15
HYUNDAI_SONATA,driver_205,route_004,9,15
HYUNDAI_SONATA,driver_205,route_004,10,15
HYUNDAI_SONATA,driver_205,route_004,11,15
HYUNDAI_SONATA,driver_205,route_004,12,15
HYUNDAI_SONATA,driver_205,route_004,13,15
HYUNDAI_SONATA,driver_205,route_004,14,15
HYUNDAI_SONATA,driver_205,route_004,15,15
HYUNDAI_SONATA,driver_205,route_004,16,15
HYUNDAI_SONATA,driver_205,route_004,17,15
HYUNDAI_SONATA,driver_205,route_004,18,15
HYUNDAI_SONATA,driver_205,route_004,19,15
HYUNDAI_SONATA,driver_205,route_004,20,15
HYUNDAI_SONATA,driver_205,route_004,21,15
HYUNDAI_SONATA,driver_205,route_005,0,15
HYUNDAI_SONATA,driver_205,route_005,1,15
HYUNDAI_SONATA,driver_205,route_005,2,15
HYUNDAI_SONATA,driver_205,route_005,3,15
HYUNDAI_SONATA,driver_205,route_005,4,15
HYUNDAI_SONATA,driver_205,route_005,5,15
HYUNDAI_SONATA,driver_205,route_005,6,15
HYUNDAI_SONATA,driver_205,route_005,7,15
HYUNDAI_SONATA,driver_205,route_005,8,15
HYUNDAI_SONATA,driver_205,route_005,9,15
HYUNDAI_SONATA,driver_205,route_005,10,15
HYUNDAI_SONATA,driver_205,route_005,11,15
HYUNDAI_SONATA,driver_205,route_005,12,15
HYUNDAI_SONATA,driver_205,route_005,13,10
HYUNDAI_SONATA,driver_205,route_006,0,15
HYUNDAI_SONATA,driver_205,route_006,1,15
HYUNDAI_SONATA,driver_205,route_006,2,10
HYUNDAI_SONATA,driver_205,route_006,3,10
HYUNDAI_SONATA,driver_205,route_006,4,10
HYUNDAI_SONATA,driver_205,route_006,5,10
HYUNDAI_SONATA_2020,driver_225,route_001,0,15
HYUNDAI_SONATA_2020,driver_225,route_001,1,15
HYUNDAI_SONATA_2020,driver_225,route_001,2,15
HYUNDAI_SONATA_2020,driver_225,route_001,3,15
HYUNDAI_SONATA_2020,driver_225,route_001,4,15
HYUNDAI_SONATA_2020,driver_225,route_001,5,15
HYUNDAI_SONATA_2020,driver_225,route_001,6,15
HYUNDAI_SONATA_2020,driver_225,route_001,7,15
HYUNDAI_SONATA_2020,driver_225,route_001,8,15
HYUNDAI_SONATA_2020,driver_225,route_001,9,15
HYUNDAI_SONATA_2020,driver_225,route_001,10,15
HYUNDAI_SONATA_2020,driver_225,route_001,11,15
HYUNDAI_SONATA_2020,driver_225,route_001,12,15
HYUNDAI_SONATA_2020,driver_225,route_001,13,15
HYUNDAI_SONATA_2020,driver_225,route_001,14,15
HYUNDAI_SONATA_2020,driver_225,route_001,15,15
HYUNDAI_SONATA_2020,driver_225,route_001,16,10
HYUNDAI_SONATA_2020,driver_225,route_001,17,10
HYUNDAI_SONATA_2020,driver_225,route_001,18,10
HYUNDAI_SONATA_2020,driver_225,route_001,19,10
HYUNDAI_SONATA_2020,driver_225,route_001,20,10
HYUNDAI_SONATA_2020,driver_225,route_001,21,10
HYUNDAI_SONATA_2020,driver_225,route_001,22,10
HYUNDAI_SONATA_2020,driver_225,route_001,23,10
HYUNDAI_SONATA_2020,driver_225,route_001,24,10
HYUNDAI_SONATA_2020,driver_225,route_001,25,10
HYUNDAI_SONATA_2024,driver_092,route_001,0,15
HYUNDAI_SONATA_2024,driver_092,route_001,1,15
HYUNDAI_SONATA_2024,driver_092,route_001,2,15
HYUNDAI_SONATA_2024,driver_092,route_001,3,15
HYUNDAI_SONATA_2024,driver_092,route_001,4,15
HYUNDAI_SONATA_2024,driver_092,route_001,5,15
HYUNDAI_SONATA_2024,driver_092,route_001,6,15
HYUNDAI_SONATA_2024,driver_092,route_001,7,15
HYUNDAI_SONATA_2024,driver_092,route_001,8,15
HYUNDAI_SONATA_2024,driver_092,route_001,9,15
HYUNDAI_SONATA_2024,driver_092,route_001,10,15
HYUNDAI_SONATA_2024,driver_092,route_001,11,10
HYUNDAI_SONATA_2024,driver_092,route_001,12,10
HYUNDAI_SONATA_2024,driver_092,route_001,13,10
HYUNDAI_SONATA_2024,driver_092,route_001,14,10
HYUNDAI_SONATA_2024,driver_092,route_001,15,10
HYUNDAI_SONATA_HEV_2024,driver_126,route_001,0,15
HYUNDAI_SONATA_HEV_2024,driver_126,route_001,1,15
HYUNDAI_SONATA_HEV_2024,driver_126,route_001,2,15
HYUNDAI_SONATA_HEV_2024,driver_126,route_001,3,15
HYUNDAI_SONATA_HEV_2024,driver_126,route_001,4,15
HYUNDAI_SONATA_HEV_2024,driver_126,route_001,5,10
HYUNDAI_SONATA_HEV_2024,driver_126,route_002,0,15
HYUNDAI_SONATA_HEV_2024,driver_126,route_002,1,15
HYUNDAI_SONATA_HEV_2024,driver_126,route_002,2,15
HYUNDAI_SONATA_HEV_2024,driver_126,route_002,3,15
HYUNDAI_SONATA_HEV_2024,driver_126,route_002,4,15
HYUNDAI_SONATA_HEV_2024,driver_126,route_002,5,15
HYUNDAI_SONATA_HEV_2024,driver_126,route_002,6,15
HYUNDAI_SONATA_HEV_2024,driver_126,route_002,7,15
HYUNDAI_SONATA_HEV_2024,driver_126,route_002,8,10
HYUNDAI_SONATA_HEV_2024,driver_126,route_003,0,15
HYUNDAI_SONATA_HEV_2024,driver_126,route_003,1,15
HYUNDAI_SONATA_HEV_2024,driver_126,route_003,2,15
HYUNDAI_SONATA_HEV_2024,driver_126,route_003,3,15
HYUNDAI_SONATA_HEV_2024,driver_126,route_003,4,15
HYUNDAI_SONATA_HEV_2024,driver_126,route_003,5,15
HYUNDAI_SONATA_HEV_2024,driver_126,route_003,6,15
HYUNDAI_SONATA_HEV_2024,driver_126,route_003,7,15
HYUNDAI_SONATA_HEV_2024,driver_126,route_003,8,15
HYUNDAI_SONATA_HEV_2024,driver_126,route_003,9,15
HYUNDAI_SONATA_HEV_2024,driver_126,route_003,10,15
HYUNDAI_SONATA_HEV_2024,driver_126,route_003,11,15
HYUNDAI_SONATA_HEV_2024,driver_126,route_003,12,15
HYUNDAI_SONATA_HEV_2024,driver_126,route_003,13,15
HYUNDAI_SONATA_HEV_2024,driver_126,route_003,14,15
HYUNDAI_SONATA_HEV_2024,driver_126,route_003,15,15
HYUNDAI_SONATA_HEV_2024,driver_126,route_003,16,15
HYUNDAI_SONATA_HEV_2024,driver_126,route_003,17,15
HYUNDAI_SONATA_HEV_2024,driver_126,route_003,18,15
HYUNDAI_SONATA_HEV_2024,driver_126,route_003,19,15
HYUNDAI_SONATA_HEV_2024,driver_126,route_003,20,15
HYUNDAI_SONATA_HEV_2024,driver_126,route_003,21,15
HYUNDAI_SONATA_HEV_2024,driver_126,route_003,22,15
HYUNDAI_SONATA_HEV_2024,driver_126,route_003,23,15
HYUNDAI_SONATA_HEV_2024,driver_126,route_003,24,15
HYUNDAI_SONATA_HEV_2024,driver_126,route_003,25,15
HYUNDAI_SONATA_HEV_2024,driver_126,route_003,26,15
HYUNDAI_SONATA_HEV_2024,driver_126,route_003,27,15
HYUNDAI_SONATA_HEV_2024,driver_126,route_003,28,15
HYUNDAI_SONATA_HEV_2024,driver_126,route_003,29,15
HYUNDAI_SONATA_HEV_2024,driver_126,route_003,30,15
HYUNDAI_SONATA_HEV_2024,driver_126,route_003,31,15
HYUNDAI_SONATA_HEV_2024,driver_126,route_003,32,15
HYUNDAI_SONATA_HEV_2024,driver_126,route_003,33,15
HYUNDAI_SONATA_HEV_2024,driver_126,route_003,34,15
HYUNDAI_SONATA_HEV_2024,driver_126,route_003,35,15
HYUNDAI_SONATA_HEV_2024,driver_126,route_003,36,15
HYUNDAI_SONATA_HEV_2024,driver_126,route_003,37,15
HYUNDAI_SONATA_HEV_2024,driver_126,route_003,38,15
HYUNDAI_SONATA_HEV_2024,driver_126,route_003,39,15
HYUNDAI_SONATA_HEV_2024,driver_126,route_003,40,15
HYUNDAI_SONATA_HEV_2024,driver_126,route_003,41,15
HYUNDAI_SONATA_HEV_2024,driver_126,route_003,42,15
HYUNDAI_SONATA_HEV_2024,driver_126,route_003,43,15
HYUNDAI_SONATA_HEV_2024,driver_126,route_003,44,15
HYUNDAI_SONATA_HEV_2024,driver_126,route_003,45,15
HYUNDAI_SONATA_HEV_2024,driver_126,route_003,46,15
HYUNDAI_SONATA_HEV_2024,driver_126,route_003,47,15
HYUNDAI_SONATA_HEV_2024,driver_126,route_003,48,15
HYUNDAI_SONATA_HEV_2024,driver_126,route_003,49,15
HYUNDAI_SONATA_HEV_2024,driver_126,route_003,50,15
HYUNDAI_SONATA_HEV_2024,driver_126,route_003,51,15
HYUNDAI_SONATA_HEV_2024,driver_126,route_003,52,15
HYUNDAI_SONATA_HEV_2024,driver_126,route_003,53,15
HYUNDAI_SONATA_HEV_2024,driver_126,route_003,54,15
HYUNDAI_SONATA_HEV_2024,driver_126,route_003,55,15
HYUNDAI_SONATA_HEV_2024,driver_126,route_003,56,15
HYUNDAI_SONATA_HEV_2024,driver_126,route_003,57,15
HYUNDAI_SONATA_HEV_2024,driver_126,route_003,58,15
HYUNDAI_SONATA_HEV_2024,driver_126,route_003,59,15
HYUNDAI_SONATA_HEV_2024,driver_126,route_003,60,15
HYUNDAI_SONATA_HEV_2024,driver_126,route_003,61,15
HYUNDAI_SONATA_HEV_2024,driver_126,route_003,62,15
HYUNDAI_SONATA_HEV_2024,driver_126,route_003,63,15
HYUNDAI_SONATA_HEV_2024,driver_126,route_003,64,15
HYUNDAI_SONATA_HEV_2024,driver_126,route_003,65,15
HYUNDAI_SONATA_HEV_2024,driver_126,route_003,66,15
HYUNDAI_SONATA_HEV_2024,driver_126,route_003,67,15
HYUNDAI_SONATA_HEV_2024,driver_126,route_003,68,15
HYUNDAI_SONATA_HEV_2024,driver_126,route_003,69,10
HYUNDAI_SONATA_HEV_2024,driver_126,route_003,70,10
HYUNDAI_SONATA_HEV_2024,driver_126,route_003,71,10
HYUNDAI_SONATA_HEV_2024,driver_126,route_003,72,10
HYUNDAI_SONATA_HEV_2024,driver_126,route_003,73,10
HYUNDAI_SONATA_HEV_2024,driver_126,route_003,74,10
HYUNDAI_SONATA_HEV_2024,driver_126,route_003,75,10
HYUNDAI_SONATA_HEV_2024,driver_126,route_003,76,10
HYUNDAI_SONATA_HEV_2024,driver_126,route_003,77,10
HYUNDAI_SONATA_HEV_2024,driver_126,route_003,78,10
HYUNDAI_SONATA_HEV_2024,driver_126,route_003,79,10
HYUNDAI_SONATA_HEV_2024,driver_126,route_003,80,10
HYUNDAI_SONATA_HEV_2024,driver_126,route_003,81,10
HYUNDAI_SONATA_HEV_2024,driver_126,route_003,82,10
HYUNDAI_SONATA_HEV_2024,driver_126,route_003,83,10
HYUNDAI_SONATA_HEV_2024,driver_126,route_003,84,10
HYUNDAI_SONATA_HEV_2024,driver_126,route_003,85,10
HYUNDAI_SONATA_HEV_2024,driver_126,route_003,86,10
HYUNDAI_SONATA_HEV_2024,driver_126,route_004,0,15
HYUNDAI_SONATA_HEV_2024,driver_126,route_004,1,15
HYUNDAI_SONATA_HEV_2024,driver_126,route_005,0,15
HYUNDAI_SONATA_HEV_2024,driver_126,route_005,1,15
HYUNDAI_SONATA_HEV_2024,driver_126,route_005,2,15
HYUNDAI_SONATA_HEV_2024,driver_126,route_005,3,15
HYUNDAI_SONATA_HEV_2024,driver_126,route_005,4,15
HYUNDAI_SONATA_HEV_2024,driver_126,route_005,5,15
HYUNDAI_SONATA_HEV_2024,driver_126,route_005,6,15
HYUNDAI_SONATA_HEV_2024,driver_126,route_005,7,15
HYUNDAI_SONATA_HEV_2024,driver_126,route_005,8,15
HYUNDAI_SONATA_HEV_2024,driver_126,route_005,9,15
HYUNDAI_SONATA_HEV_2024,driver_126,route_005,10,15
HYUNDAI_SONATA_HEV_2024,driver_126,route_005,11,15
HYUNDAI_SONATA_HEV_2024,driver_126,route_005,12,15
HYUNDAI_SONATA_HEV_2024,driver_126,route_005,13,15
HYUNDAI_SONATA_HEV_2024,driver_126,route_005,14,15
HYUNDAI_SONATA_HEV_2024,driver_126,route_005,15,15
HYUNDAI_SONATA_HEV_2024,driver_126,route_005,16,15
HYUNDAI_SONATA_HEV_2024,driver_126,route_005,17,15
HYUNDAI_SONATA_HEV_2024,driver_126,route_005,18,15
HYUNDAI_SONATA_HEV_2024,driver_126,route_005,19,15
HYUNDAI_SONATA_HEV_2024,driver_126,route_005,20,10
HYUNDAI_SONATA_HEV_2024,driver_126,route_005,21,10
HYUNDAI_SONATA_HEV_2024,driver_126,route_005,22,10
HYUNDAI_SONATA_HEV_2024,driver_126,route_006,0,15
HYUNDAI_SONATA_HEV_2024,driver_126,route_006,1,10
HYUNDAI_SONATA_HEV_2024,driver_126,route_006,2,10
HYUNDAI_SONATA_HEV_2024,driver_126,route_006,3,10
HYUNDAI_SONATA_HEV_2024,driver_126,route_006,4,10
HYUNDAI_SONATA_HEV_2024,driver_126,route_006,5,10
HYUNDAI_SONATA_HEV_2024,driver_126,route_006,6,10
HYUNDAI_SONATA_HEV_2024,driver_126,route_007,0,15
HYUNDAI_SONATA_HEV_2024,driver_126,route_007,1,15
HYUNDAI_SONATA_HEV_2024,driver_126,route_007,2,15
HYUNDAI_SONATA_HEV_2024,driver_126,route_007,3,15
HYUNDAI_SONATA_HYBRID,driver_005,route_001,0,15
HYUNDAI_SONATA_HYBRID,driver_005,route_001,1,15
HYUNDAI_SONATA_HYBRID,driver_005,route_001,2,15
HYUNDAI_SONATA_HYBRID,driver_005,route_001,3,15
HYUNDAI_SONATA_HYBRID,driver_005,route_001,4,10
HYUNDAI_SONATA_HYBRID,driver_005,route_001,5,10
HYUNDAI_SONATA_HYBRID,driver_005,route_001,6,10
HYUNDAI_SONATA_HYBRID,driver_005,route_001,7,10
HYUNDAI_SONATA_HYBRID,driver_075,route_001,0,15
HYUNDAI_SONATA_HYBRID,driver_075,route_001,1,15
HYUNDAI_SONATA_HYBRID,driver_075,route_001,2,15
HYUNDAI_SONATA_HYBRID,driver_102,route_001,0,15
HYUNDAI_SONATA_HYBRID,driver_102,route_002,0,15
HYUNDAI_SONATA_HYBRID,driver_102,route_003,0,15
HYUNDAI_SONATA_HYBRID,driver_102,route_003,1,15
HYUNDAI_SONATA_HYBRID,driver_102,route_003,2,15
HYUNDAI_SONATA_HYBRID,driver_102,route_003,3,15
HYUNDAI_SONATA_HYBRID,driver_102,route_004,0,15
HYUNDAI_SONATA_HYBRID,driver_102,route_005,0,15
HYUNDAI_SONATA_HYBRID,driver_102,route_005,1,15
HYUNDAI_SONATA_HYBRID,driver_102,route_006,0,15
HYUNDAI_SONATA_HYBRID,driver_102,route_006,1,15
HYUNDAI_SONATA_HYBRID,driver_193,route_002,0,15
HYUNDAI_SONATA_HYBRID,driver_193,route_002,1,15
HYUNDAI_SONATA_HYBRID,driver_193,route_002,2,15
HYUNDAI_SONATA_HYBRID,driver_193,route_002,3,15
HYUNDAI_SONATA_HYBRID,driver_193,route_002,4,15
HYUNDAI_SONATA_HYBRID,driver_193,route_002,5,15
HYUNDAI_SONATA_HYBRID,driver_193,route_002,6,15
HYUNDAI_SONATA_HYBRID,driver_193,route_002,7,15
HYUNDAI_SONATA_HYBRID,driver_193,route_002,8,15
HYUNDAI_SONATA_HYBRID,driver_193,route_002,9,15
HYUNDAI_SONATA_HYBRID,driver_193,route_002,10,15
HYUNDAI_SONATA_HYBRID,driver_275,route_001,0,15
HYUNDAI_SONATA_HYBRID,driver_275,route_001,1,15
HYUNDAI_SONATA_HYBRID,driver_275,route_001,2,15
HYUNDAI_SONATA_HYBRID,driver_275,route_001,3,15
HYUNDAI_TUCSON_2019,driver_021,route_004,0,15
HYUNDAI_TUCSON_2019,driver_021,route_004,1,15
HYUNDAI_TUCSON_2019,driver_021,route_004,2,15
HYUNDAI_TUCSON_2019,driver_021,route_004,3,15
HYUNDAI_TUCSON_HEV_2025,driver_094,route_001,0,10
HYUNDAI_TUCSON_HEV_2025,driver_094,route_001,1,10
HYUNDAI_TUCSON_HEV_2025,driver_094,route_001,2,10
HYUNDAI_TUCSON_HEV_2025,driver_094,route_001,3,10
HYUNDAI_TUCSON_HEV_2025,driver_094,route_001,4,10
HYUNDAI_TUCSON_HEV_2025,driver_094,route_001,5,10
HYUNDAI_TUCSON_HEV_2025,driver_094,route_001,6,10
HYUNDAI_TUCSON_HEV_2025,driver_094,route_001,7,10
HYUNDAI_TUCSON_HYBRID_4TH_GEN,driver_199,route_001,0,10
HYUNDAI_TUCSON_HYBRID_4TH_GEN,driver_199,route_001,1,10
HYUNDAI_TUCSON_HYBRID_4TH_GEN,driver_199,route_002,0,10
HYUNDAI_TUCSON_HYBRID_4TH_GEN,driver_199,route_002,1,10
HYUNDAI_TUCSON_HYBRID_4TH_GEN,driver_199,route_002,2,10
HYUNDAI_TUCSON_HYBRID_4TH_GEN,driver_199,route_003,0,10
HYUNDAI_TUCSON_HYBRID_4TH_GEN,driver_199,route_003,1,10
HYUNDAI_TUCSON_HYBRID_4TH_GEN,driver_199,route_003,2,10
HYUNDAI_TUCSON_HYBRID_4TH_GEN,driver_199,route_004,0,10
HYUNDAI_TUCSON_HYBRID_4TH_GEN,driver_199,route_004,1,10
HYUNDAI_TUCSON_HYBRID_4TH_GEN,driver_199,route_004,2,10
HYUNDAI_TUCSON_HYBRID_4TH_GEN,driver_199,route_004,3,10
HYUNDAI_TUCSON_HYBRID_4TH_GEN,driver_199,route_004,4,10
HYUNDAI_TUCSON_HYBRID_4TH_GEN,driver_199,route_004,5,10
HYUNDAI_TUCSON_HYBRID_4TH_GEN,driver_199,route_004,6,10
HYUNDAI_TUCSON_HYBRID_4TH_GEN,driver_199,route_004,7,10
HYUNDAI_TUCSON_HYBRID_4TH_GEN,driver_199,route_004,8,10
HYUNDAI_TUCSON_HYBRID_4TH_GEN,driver_199,route_004,9,10
HYUNDAI_TUCSON_HYBRID_4TH_GEN,driver_199,route_004,10,10
HYUNDAI_TUCSON_HYBRID_4TH_GEN,driver_199,route_004,11,10
HYUNDAI_TUCSON_HYBRID_4TH_GEN,driver_199,route_004,12,10
HYUNDAI_TUCSON_HYBRID_4TH_GEN,driver_199,route_004,13,10
HYUNDAI_TUCSON_HYBRID_4TH_GEN,driver_199,route_005,0,10
HYUNDAI_TUCSON_HYBRID_4TH_GEN,driver_199,route_005,1,10
HYUNDAI_TUCSON_HYBRID_4TH_GEN,driver_199,route_005,2,10
HYUNDAI_TUCSON_HYBRID_4TH_GEN,driver_199,route_005,3,10
HYUNDAI_TUCSON_HYBRID_4TH_GEN,driver_199,route_005,4,10
JEEP_CHEROKEE_5TH_GEN,driver_260,route_001,0,10
JEEP_CHEROKEE_5TH_GEN,driver_260,route_001,1,10
JEEP_CHEROKEE_5TH_GEN,driver_260,route_001,2,10
JEEP_CHEROKEE_5TH_GEN,driver_260,route_002,0,10
JEEP_CHEROKEE_5TH_GEN,driver_260,route_002,1,10
JEEP_CHEROKEE_5TH_GEN,driver_260,route_002,2,10
JEEP_CHEROKEE_5TH_GEN,driver_260,route_002,3,10
JEEP_CHEROKEE_5TH_GEN,driver_260,route_002,4,10
JEEP_CHEROKEE_5TH_GEN,driver_260,route_002,5,10
JEEP_CHEROKEE_5TH_GEN,driver_260,route_002,6,10
JEEP_CHEROKEE_5TH_GEN,driver_260,route_003,0,10
JEEP_CHEROKEE_5TH_GEN,driver_260,route_003,1,10
JEEP_CHEROKEE_5TH_GEN,driver_260,route_003,2,10
JEEP_CHEROKEE_5TH_GEN,driver_260,route_003,3,10
JEEP_CHEROKEE_5TH_GEN,driver_260,route_003,4,10
JEEP_CHEROKEE_5TH_GEN,driver_260,route_003,5,10
JEEP_CHEROKEE_5TH_GEN,driver_260,route_004,0,10
JEEP_CHEROKEE_5TH_GEN,driver_260,route_004,1,10
JEEP_CHEROKEE_5TH_GEN,driver_260,route_004,2,10
JEEP_GRAND_CHEROKEE,driver_221,route_001,0,10
JEEP_GRAND_CHEROKEE,driver_221,route_001,1,10
JEEP_GRAND_CHEROKEE,driver_221,route_001,2,10
JEEP_GRAND_CHEROKEE,driver_221,route_001,3,10
JEEP_GRAND_CHEROKEE,driver_221,route_001,4,10
JEEP_GRAND_CHEROKEE,driver_221,route_001,5,10
JEEP_GRAND_CHEROKEE,driver_221,route_001,6,10
JEEP_GRAND_CHEROKEE,driver_221,route_002,0,10
JEEP_GRAND_CHEROKEE,driver_221,route_002,1,10
JEEP_GRAND_CHEROKEE,driver_221,route_002,2,10
JEEP_GRAND_CHEROKEE,driver_221,route_002,3,10
JEEP_GRAND_CHEROKEE,driver_221,route_003,0,10
JEEP_GRAND_CHEROKEE,driver_221,route_003,1,10
JEEP_GRAND_CHEROKEE,driver_221,route_003,2,10
JEEP_GRAND_CHEROKEE_2019,driver_014,route_001,0,10
JEEP_GRAND_CHEROKEE_2019,driver_165,route_001,0,10
JEEP_GRAND_CHEROKEE_2019,driver_165,route_001,1,10
JEEP_GRAND_CHEROKEE_2019,driver_165,route_001,2,10
JEEP_GRAND_CHEROKEE_2019,driver_165,route_001,3,10
JEEP_GRAND_CHEROKEE_2019,driver_165,route_001,4,10
JEEP_GRAND_CHEROKEE_2019,driver_165,route_001,5,10
JEEP_GRAND_CHEROKEE_2019,driver_165,route_001,6,10
JEEP_GRAND_CHEROKEE_2019,driver_165,route_001,7,10
JEEP_GRAND_CHEROKEE_2019,driver_296,route_001,0,10
KIA_CARNIVAL_4TH_GEN,driver_109,route_001,0,10
KIA_CARNIVAL_4TH_GEN,driver_109,route_001,1,10
KIA_CARNIVAL_4TH_GEN,driver_109,route_001,2,10
KIA_CARNIVAL_4TH_GEN,driver_109,route_001,3,10
KIA_CARNIVAL_4TH_GEN,driver_109,route_001,4,10
KIA_CARNIVAL_4TH_GEN,driver_109,route_001,5,10
KIA_CARNIVAL_4TH_GEN,driver_109,route_001,6,10
KIA_CARNIVAL_4TH_GEN,driver_109,route_001,7,10
KIA_CARNIVAL_4TH_GEN,driver_109,route_001,8,10
KIA_CARNIVAL_4TH_GEN,driver_109,route_001,9,10
KIA_CARNIVAL_4TH_GEN,driver_109,route_001,10,10
KIA_CARNIVAL_4TH_GEN,driver_109,route_001,11,10
KIA_CARNIVAL_4TH_GEN,driver_109,route_001,12,10
KIA_CARNIVAL_4TH_GEN,driver_109,route_001,13,10
KIA_CARNIVAL_4TH_GEN,driver_109,route_001,14,10
KIA_CARNIVAL_4TH_GEN,driver_109,route_001,15,10
KIA_CARNIVAL_4TH_GEN,driver_109,route_001,16,10
KIA_CARNIVAL_4TH_GEN,driver_109,route_001,17,10
KIA_CARNIVAL_4TH_GEN,driver_109,route_001,18,10
KIA_CARNIVAL_4TH_GEN,driver_109,route_001,19,10
KIA_CARNIVAL_4TH_GEN,driver_109,route_001,20,10
KIA_CARNIVAL_4TH_GEN,driver_109,route_001,21,10
KIA_CARNIVAL_4TH_GEN,driver_109,route_001,22,10
KIA_CARNIVAL_4TH_GEN,driver_109,route_002,0,10
KIA_CARNIVAL_4TH_GEN,driver_109,route_002,1,10
KIA_CARNIVAL_4TH_GEN,driver_109,route_002,2,10
KIA_CARNIVAL_4TH_GEN,driver_109,route_002,3,10
KIA_CARNIVAL_4TH_GEN,driver_245,route_001,0,10
KIA_CARNIVAL_4TH_GEN,driver_245,route_001,1,10
KIA_CARNIVAL_4TH_GEN,driver_245,route_001,2,10
KIA_CARNIVAL_4TH_GEN,driver_245,route_001,3,10
KIA_CARNIVAL_4TH_GEN,driver_245,route_001,4,10
KIA_CARNIVAL_4TH_GEN,driver_245,route_001,5,10
KIA_CARNIVAL_4TH_GEN,driver_245,route_001,6,10
KIA_CARNIVAL_4TH_GEN,driver_245,route_001,7,10
KIA_CARNIVAL_4TH_GEN,driver_245,route_002,0,10
KIA_CARNIVAL_4TH_GEN,driver_245,route_003,0,10
KIA_CARNIVAL_4TH_GEN,driver_245,route_004,0,10
KIA_CARNIVAL_4TH_GEN,driver_245,route_004,1,10
KIA_CARNIVAL_4TH_GEN,driver_245,route_004,2,10
KIA_CARNIVAL_4TH_GEN,driver_245,route_004,3,10
KIA_CARNIVAL_4TH_GEN,driver_245,route_004,4,10
KIA_CARNIVAL_4TH_GEN,driver_245,route_004,5,10
KIA_CARNIVAL_4TH_GEN,driver_245,route_005,0,10
KIA_CARNIVAL_4TH_GEN,driver_245,route_005,1,10
KIA_CARNIVAL_4TH_GEN,driver_245,route_005,2,10
KIA_CARNIVAL_4TH_GEN,driver_245,route_005,3,10
KIA_CARNIVAL_4TH_GEN,driver_245,route_005,4,10
KIA_CARNIVAL_4TH_GEN,driver_245,route_006,0,10
KIA_CARNIVAL_4TH_GEN,driver_245,route_006,1,10
KIA_CARNIVAL_4TH_GEN,driver_245,route_006,2,10
KIA_CARNIVAL_4TH_GEN,driver_245,route_007,0,10
KIA_CARNIVAL_4TH_GEN,driver_245,route_007,1,10
KIA_CARNIVAL_4TH_GEN,driver_245,route_007,2,10
KIA_CARNIVAL_4TH_GEN,driver_245,route_007,3,10
KIA_CARNIVAL_4TH_GEN,driver_287,route_001,0,10
KIA_CARNIVAL_4TH_GEN,driver_287,route_001,1,10
KIA_CARNIVAL_4TH_GEN,driver_287,route_001,2,10
KIA_CARNIVAL_4TH_GEN,driver_287,route_001,3,10
KIA_CARNIVAL_4TH_GEN,driver_287,route_001,4,10
KIA_CARNIVAL_4TH_GEN,driver_287,route_001,5,10
KIA_CARNIVAL_4TH_GEN,driver_287,route_001,6,10
KIA_CARNIVAL_4TH_GEN,driver_287,route_001,7,10
KIA_CARNIVAL_4TH_GEN,driver_287,route_001,8,10
KIA_CARNIVAL_4TH_GEN,driver_287,route_002,0,10
KIA_CARNIVAL_4TH_GEN,driver_287,route_002,1,10
KIA_CARNIVAL_4TH_GEN,driver_287,route_002,2,10
KIA_CARNIVAL_4TH_GEN,driver_287,route_002,3,10
KIA_CARNIVAL_4TH_GEN,driver_287,route_002,4,10
KIA_CARNIVAL_4TH_GEN,driver_287,route_002,5,10
KIA_CARNIVAL_4TH_GEN,driver_287,route_002,6,10
KIA_CARNIVAL_4TH_GEN,driver_287,route_002,7,10
KIA_CARNIVAL_4TH_GEN,driver_287,route_002,8,10
KIA_CARNIVAL_HEV_4TH_GEN,driver_079,route_001,0,10
KIA_CARNIVAL_HEV_4TH_GEN,driver_079,route_001,1,10
KIA_CARNIVAL_HEV_4TH_GEN,driver_079,route_001,2,10
KIA_CARNIVAL_HEV_4TH_GEN,driver_079,route_001,3,10
KIA_CARNIVAL_HEV_4TH_GEN,driver_100,route_001,0,10
KIA_CARNIVAL_HEV_4TH_GEN,driver_227,route_001,0,10
KIA_CARNIVAL_HEV_4TH_GEN,driver_227,route_001,1,10
KIA_CARNIVAL_HEV_4TH_GEN,driver_227,route_001,2,10
KIA_CARNIVAL_HEV_4TH_GEN,driver_227,route_001,3,10
KIA_CARNIVAL_HEV_4TH_GEN,driver_227,route_001,4,10
KIA_CARNIVAL_HEV_4TH_GEN,driver_227,route_002,0,10
KIA_CARNIVAL_HEV_4TH_GEN,driver_227,route_002,1,10
KIA_CARNIVAL_HEV_4TH_GEN,driver_227,route_002,2,10
KIA_CARNIVAL_HEV_4TH_GEN,driver_227,route_002,3,10
KIA_CARNIVAL_HEV_4TH_GEN,driver_227,route_002,4,10
KIA_CARNIVAL_HEV_4TH_GEN,driver_227,route_002,5,10
KIA_CEED_PHEV_2022_NON_SCC,driver_286,route_001,0,10
KIA_CEED_PHEV_2022_NON_SCC,driver_286,route_001,1,10
KIA_CEED_PHEV_2022_NON_SCC,driver_286,route_001,2,10
KIA_CEED_PHEV_2022_NON_SCC,driver_286,route_001,3,10
KIA_CEED_PHEV_2022_NON_SCC,driver_286,route_001,4,10
KIA_CEED_PHEV_2022_NON_SCC,driver_286,route_001,5,10
KIA_CEED_PHEV_2022_NON_SCC,driver_286,route_001,6,10
KIA_CEED_PHEV_2022_NON_SCC,driver_286,route_001,7,10
KIA_CEED_PHEV_2022_NON_SCC,driver_286,route_002,0,10
KIA_EV6,driver_069,route_001,0,10
KIA_EV6,driver_069,route_001,1,10
KIA_EV6,driver_069,route_002,0,10
KIA_EV6,driver_069,route_002,1,10
KIA_EV6,driver_069,route_002,2,10
KIA_EV6,driver_069,route_002,3,10
KIA_EV6,driver_069,route_003,0,10
KIA_EV6,driver_069,route_003,1,10
KIA_EV6,driver_069,route_003,2,10
KIA_EV6,driver_069,route_003,3,10
KIA_EV6,driver_069,route_003,4,10
KIA_EV6,driver_145,route_001,0,10
KIA_EV6,driver_145,route_001,1,10
KIA_EV6,driver_145,route_001,2,10
KIA_EV6,driver_145,route_001,3,10
KIA_EV6,driver_145,route_001,4,10
KIA_EV6,driver_145,route_001,5,10
KIA_EV6,driver_145,route_001,6,10
KIA_EV6,driver_145,route_001,7,10
KIA_EV6,driver_145,route_001,8,10
KIA_EV6,driver_145,route_001,9,10
KIA_EV6,driver_164,route_001,0,10
KIA_EV6,driver_164,route_001,1,10
KIA_EV6,driver_164,route_001,2,10
KIA_EV6,driver_164,route_002,0,10
KIA_EV6,driver_164,route_003,0,10
KIA_EV6,driver_164,route_003,1,10
KIA_EV6,driver_164,route_004,0,10
KIA_EV6,driver_164,route_004,1,10
KIA_EV6,driver_164,route_004,2,10
KIA_EV6,driver_164,route_005,0,10
KIA_EV6,driver_174,route_001,0,10
KIA_EV6,driver_174,route_001,1,10
KIA_EV6,driver_174,route_001,2,10
KIA_EV6,driver_174,route_001,3,10
KIA_EV6,driver_174,route_001,4,10
KIA_EV6,driver_174,route_001,5,10
KIA_EV6,driver_174,route_001,6,10
KIA_EV6,driver_174,route_001,7,10
KIA_EV6,driver_174,route_002,0,10
KIA_EV6,driver_174,route_002,1,10
KIA_EV6,driver_174,route_002,2,10
KIA_EV6,driver_174,route_002,3,10
KIA_EV6,driver_174,route_002,4,10
KIA_EV6,driver_174,route_002,5,10
KIA_EV6,driver_174,route_002,6,10
KIA_EV6,driver_174,route_002,7,10
KIA_EV6,driver_174,route_002,8,10
KIA_EV6,driver_174,route_002,9,10
KIA_EV6,driver_174,route_002,10,10
KIA_EV6,driver_174,route_003,0,10
KIA_EV6,driver_174,route_003,1,10
KIA_EV6,driver_174,route_003,2,10
KIA_EV6,driver_174,route_003,3,10
KIA_EV6,driver_174,route_004,0,10
KIA_EV6,driver_174,route_004,1,10
KIA_EV6,driver_174,route_004,2,10
KIA_EV6,driver_174,route_004,3,10
KIA_EV6,driver_174,route_004,4,10
KIA_EV6,driver_174,route_004,5,10
KIA_EV6,driver_174,route_005,0,10
KIA_EV6,driver_174,route_005,1,10
KIA_EV6,driver_174,route_005,2,10
KIA_EV6,driver_174,route_005,3,10
KIA_EV6,driver_174,route_005,4,10
KIA_EV6,driver_174,route_005,5,10
KIA_EV6,driver_174,route_005,6,10
KIA_EV6,driver_174,route_005,7,10
KIA_EV6,driver_174,route_005,8,10
KIA_EV6,driver_174,route_005,9,10
KIA_EV6,driver_174,route_005,10,10
KIA_EV6,driver_174,route_005,11,10
KIA_EV6,driver_174,route_005,12,10
KIA_EV6,driver_174,route_005,13,10
KIA_EV6,driver_174,route_005,14,10
KIA_EV6,driver_174,route_005,15,10
KIA_EV6,driver_174,route_006,0,10
KIA_EV6,driver_174,route_007,0,10
KIA_EV6,driver_174,route_007,1,10
KIA_EV6,driver_174,route_007,2,10
KIA_EV6,driver_174,route_007,3,10
KIA_EV6,driver_174,route_007,4,10
KIA_EV6,driver_174,route_007,5,10
KIA_EV6,driver_174,route_008,0,10
KIA_EV6,driver_174,route_008,1,10
KIA_EV6,driver_174,route_008,2,10
KIA_EV6,driver_174,route_008,3,10
KIA_EV6,driver_174,route_008,4,10
KIA_EV6,driver_174,route_008,5,10
KIA_EV6,driver_174,route_008,6,10
KIA_EV6,driver_174,route_008,7,10
KIA_EV6,driver_174,route_008,8,10
KIA_EV6,driver_174,route_009,0,10
KIA_EV6,driver_174,route_009,1,10
KIA_EV6,driver_174,route_009,2,10
KIA_EV6,driver_174,route_009,3,10
KIA_EV6,driver_174,route_010,0,10
KIA_EV6,driver_174,route_010,1,10
KIA_EV6,driver_174,route_011,0,10
KIA_EV6,driver_174,route_011,1,10
KIA_EV6,driver_174,route_011,2,10
KIA_EV6,driver_174,route_011,3,10
KIA_EV6,driver_174,route_011,4,10
KIA_EV6,driver_174,route_011,5,10
KIA_EV6,driver_174,route_011,6,10
KIA_EV6,driver_174,route_011,7,10
KIA_EV6,driver_174,route_011,8,10
KIA_EV6,driver_174,route_011,9,10
KIA_EV6,driver_174,route_012,0,10
KIA_EV6,driver_174,route_012,1,10
KIA_EV6,driver_200,route_001,0,10
KIA_EV6,driver_200,route_001,1,10
KIA_EV6,driver_200,route_001,2,10
KIA_EV6,driver_200,route_001,3,10
KIA_EV6,driver_200,route_001,4,10
KIA_EV6,driver_200,route_001,5,10
KIA_EV6,driver_200,route_001,6,10
KIA_EV6,driver_200,route_001,7,10
KIA_EV6,driver_200,route_002,0,10
KIA_EV6,driver_200,route_002,1,10
KIA_EV6,driver_200,route_002,2,10
KIA_EV6,driver_200,route_003,0,10
KIA_EV6,driver_200,route_003,1,10
KIA_EV6,driver_200,route_003,2,10
KIA_EV6,driver_200,route_004,0,10
KIA_EV6,driver_200,route_004,1,10
KIA_EV6,driver_200,route_004,2,10
KIA_EV6,driver_200,route_004,3,10
KIA_EV6,driver_200,route_004,4,10
KIA_EV6,driver_200,route_004,5,10
KIA_EV6,driver_200,route_004,6,10
KIA_EV6,driver_200,route_004,7,10
KIA_EV6,driver_200,route_004,8,10
KIA_EV6,driver_200,route_004,9,10
KIA_EV6,driver_200,route_004,10,10
KIA_EV6,driver_200,route_004,11,10
KIA_EV6,driver_200,route_004,12,10
KIA_EV6,driver_200,route_004,13,10
KIA_EV6,driver_200,route_004,14,10
KIA_EV6,driver_200,route_004,15,10
KIA_EV6,driver_200,route_004,16,10
KIA_EV6,driver_200,route_004,17,10
KIA_EV6,driver_200,route_005,0,10
KIA_EV6,driver_200,route_005,1,10
KIA_EV6,driver_200,route_005,2,10
KIA_EV6,driver_200,route_005,3,10
KIA_EV6,driver_200,route_005,4,10
KIA_EV6,driver_200,route_005,5,10
KIA_EV6,driver_200,route_005,6,10
KIA_EV6,driver_200,route_005,7,10
KIA_EV6,driver_200,route_005,8,10
KIA_EV6,driver_200,route_005,9,10
KIA_EV6,driver_200,route_005,10,10
KIA_EV6,driver_200,route_005,11,10
KIA_EV6,driver_200,route_005,12,10
KIA_EV6,driver_200,route_005,13,10
KIA_EV6,driver_200,route_005,14,10
KIA_EV6,driver_241,route_001,0,10
KIA_EV6,driver_241,route_001,1,10
KIA_EV6,driver_241,route_001,2,10
KIA_EV6,driver_241,route_001,3,10
KIA_EV6,driver_241,route_002,0,10
KIA_EV6,driver_241,route_002,1,10
KIA_EV6,driver_241,route_002,2,10
KIA_EV6,driver_241,route_002,3,10
KIA_EV6,driver_241,route_002,4,10
KIA_EV6,driver_277,route_001,0,10
KIA_EV6,driver_277,route_001,1,10
KIA_EV6,driver_277,route_001,2,10
KIA_EV6,driver_277,route_001,3,10
KIA_EV6,driver_277,route_001,4,10
KIA_EV6,driver_277,route_001,5,10
KIA_EV6,driver_277,route_001,6,10
KIA_EV6,driver_277,route_001,7,10
KIA_EV6,driver_277,route_001,8,10
KIA_EV6,driver_277,route_001,9,10
KIA_EV6,driver_277,route_001,10,10
KIA_EV6,driver_277,route_001,11,10
KIA_EV6,driver_277,route_001,12,10
KIA_EV6,driver_277,route_001,13,10
KIA_EV6,driver_277,route_001,14,10
KIA_EV6,driver_277,route_001,15,10
KIA_EV6,driver_277,route_001,16,10
KIA_EV6,driver_277,route_001,17,10
KIA_EV6,driver_277,route_001,18,10
KIA_EV6,driver_277,route_001,19,10
KIA_EV6,driver_277,route_001,20,10
KIA_EV6,driver_277,route_001,21,10
KIA_EV6,driver_277,route_002,0,10
KIA_EV6,driver_277,route_002,1,10
KIA_EV6,driver_277,route_002,2,10
KIA_EV6,driver_277,route_002,3,10
KIA_EV6,driver_277,route_002,4,10
KIA_EV6,driver_277,route_002,5,10
KIA_EV6,driver_277,route_002,6,10
KIA_EV6,driver_277,route_002,7,10
KIA_EV6,driver_277,route_002,8,10
KIA_EV6,driver_277,route_002,9,10
KIA_EV6,driver_277,route_002,10,10
KIA_EV6,driver_277,route_002,11,10
KIA_EV6,driver_277,route_002,12,10
KIA_EV6,driver_277,route_002,13,10
KIA_EV6,driver_277,route_002,14,10
KIA_EV6,driver_277,route_002,15,10
KIA_EV6,driver_277,route_002,16,10
KIA_EV6,driver_277,route_002,17,10
KIA_EV6,driver_277,route_002,18,10
KIA_EV6,driver_277,route_002,19,10
KIA_EV6,driver_277,route_002,20,10
KIA_EV6_2022,driver_151,route_001,0,10
KIA_EV6_2022,driver_151,route_002,0,10
KIA_EV6_2022,driver_151,route_002,1,10
KIA_EV6_2022,driver_151,route_003,0,10
KIA_EV6_2022,driver_151,route_004,0,10
KIA_EV6_2022,driver_151,route_004,1,10
KIA_EV6_2022,driver_151,route_004,2,10
KIA_EV6_2022,driver_151,route_004,3,10
KIA_EV6_2022,driver_151,route_004,4,10
KIA_EV6_2022,driver_151,route_004,5,10
KIA_EV6_2022,driver_151,route_005,0,10
KIA_EV6_2022,driver_151,route_005,1,10
KIA_EV6_2022,driver_151,route_005,2,10
KIA_EV6_2022,driver_151,route_005,3,10
KIA_EV6_2022,driver_151,route_005,4,10
KIA_EV6_2022,driver_151,route_005,5,10
KIA_EV6_2022,driver_151,route_005,6,10
KIA_EV6_2022,driver_212,route_001,0,15
KIA_EV6_2022,driver_212,route_001,1,15
KIA_EV6_2022,driver_212,route_001,2,15
KIA_EV6_2022,driver_212,route_001,3,15
KIA_EV6_2022,driver_212,route_001,4,15
KIA_EV6_2022,driver_212,route_001,5,15
KIA_EV6_2022,driver_212,route_001,6,15
KIA_EV6_2022,driver_212,route_001,7,10
KIA_EV6_2022,driver_212,route_001,8,10
KIA_EV6_2022,driver_212,route_001,9,10
KIA_EV6_2022,driver_212,route_001,10,10
KIA_EV6_2022,driver_212,route_001,11,10
KIA_EV6_2022,driver_212,route_002,0,15
KIA_EV6_2022,driver_212,route_002,1,15
KIA_EV6_2022,driver_212,route_002,2,15
KIA_EV6_2022,driver_212,route_002,3,15
KIA_EV6_2022,driver_212,route_002,4,15
KIA_EV6_2022,driver_212,route_002,5,15
KIA_EV6_2022,driver_212,route_002,6,15
KIA_EV6_2022,driver_212,route_002,7,15
KIA_EV6_2022,driver_212,route_002,8,15
KIA_EV6_2022,driver_212,route_002,9,15
KIA_EV6_2022,driver_212,route_002,10,15
KIA_EV6_2022,driver_212,route_002,11,15
KIA_EV6_2022,driver_212,route_002,12,15
KIA_EV6_2022,driver_212,route_002,13,10
KIA_EV6_2022,driver_212,route_002,14,10
KIA_EV6_2022,driver_212,route_002,15,10
KIA_EV6_2022,driver_212,route_003,0,15
KIA_EV6_2022,driver_212,route_003,1,15
KIA_EV6_2022,driver_212,route_003,2,15
KIA_EV6_2022,driver_212,route_003,3,15
KIA_EV6_2022,driver_212,route_003,4,15
KIA_EV6_2022,driver_212,route_003,5,15
KIA_EV6_2022,driver_212,route_003,6,10
KIA_EV6_2022,driver_276,route_001,0,10
KIA_EV6_2022,driver_325,route_001,0,15
KIA_EV6_2022,driver_325,route_001,1,15
KIA_EV6_2022,driver_325,route_001,2,15
KIA_EV6_2022,driver_325,route_001,3,15
KIA_EV6_2022,driver_325,route_001,4,15
KIA_EV6_2022,driver_325,route_001,5,15
KIA_EV6_2022,driver_325,route_001,6,15
KIA_EV6_2022,driver_325,route_001,7,15
KIA_EV6_2022,driver_325,route_001,8,15
KIA_EV6_2022,driver_325,route_001,9,15
KIA_EV6_2022,driver_325,route_001,10,15
KIA_EV6_2022,driver_325,route_001,11,15
KIA_EV6_2022,driver_325,route_001,12,15
KIA_EV6_2022,driver_325,route_001,13,15
KIA_EV6_2022,driver_325,route_001,14,15
KIA_EV6_2022,driver_325,route_001,15,15
KIA_EV6_2022,driver_325,route_001,16,15
KIA_EV6_2022,driver_325,route_001,17,15
KIA_EV6_2022,driver_325,route_001,18,15
KIA_EV6_2022,driver_325,route_001,19,15
KIA_EV6_2022,driver_325,route_001,20,10
KIA_EV6_2022,driver_325,route_001,21,10
KIA_EV6_2022,driver_325,route_001,22,10
KIA_EV6_2022,driver_325,route_001,23,10
KIA_EV6_2022,driver_325,route_001,24,10
KIA_EV6_2022,driver_325,route_001,25,10
KIA_EV6_2022,driver_325,route_001,26,10
KIA_EV6_2022,driver_325,route_001,27,10
KIA_EV6_2022,driver_325,route_001,28,10
KIA_EV6_2022,driver_325,route_002,0,15
KIA_EV6_2022,driver_325,route_002,1,15
KIA_EV6_2022,driver_325,route_002,2,15
KIA_EV6_2022,driver_325,route_002,3,15
KIA_EV6_2022,driver_325,route_002,4,15
KIA_EV6_2022,driver_325,route_002,5,15
KIA_EV6_2022,driver_325,route_002,6,15
KIA_EV6_2022,driver_325,route_002,7,15
KIA_EV6_2022,driver_325,route_002,8,15
KIA_EV6_2022,driver_325,route_002,9,15
KIA_EV6_2022,driver_325,route_002,10,15
KIA_EV6_2022,driver_325,route_002,11,15
KIA_EV6_2022,driver_325,route_002,12,15
KIA_EV6_2022,driver_325,route_002,13,15
KIA_EV6_2022,driver_325,route_002,14,15
KIA_EV6_2022,driver_325,route_002,15,15
KIA_EV6_2022,driver_325,route_002,16,15
KIA_EV6_2022,driver_325,route_002,17,15
KIA_EV6_2022,driver_325,route_002,18,15
KIA_EV6_2022,driver_325,route_002,19,15
KIA_EV6_2022,driver_325,route_002,20,15
KIA_EV6_2022,driver_325,route_002,21,15
KIA_EV6_2022,driver_325,route_002,22,15
KIA_EV6_2022,driver_325,route_002,23,15
KIA_EV6_2022,driver_325,route_002,24,15
KIA_EV6_2022,driver_325,route_002,25,15
KIA_EV6_2022,driver_325,route_002,26,15
KIA_EV6_2022,driver_325,route_002,27,15
KIA_EV6_2022,driver_325,route_002,28,15
KIA_EV6_2022,driver_325,route_002,29,15
KIA_EV6_2022,driver_325,route_002,30,15
KIA_EV6_2022,driver_325,route_002,31,10
KIA_EV6_2022,driver_325,route_002,32,10
KIA_EV6_2022,driver_325,route_002,33,10
KIA_EV6_2022,driver_325,route_002,34,10
KIA_EV6_2022,driver_325,route_002,35,10
KIA_EV6_2022,driver_325,route_002,36,10
KIA_EV6_2022,driver_325,route_002,37,10
KIA_EV6_2022,driver_325,route_002,38,10
KIA_EV6_2022,driver_325,route_002,39,10
KIA_EV6_2022,driver_325,route_002,40,10
KIA_EV6_2022,driver_325,route_002,41,10
KIA_EV6_2022,driver_325,route_002,42,10
KIA_EV6_2022,driver_325,route_002,43,10
KIA_EV6_2022,driver_325,route_002,44,10
KIA_EV6_2022,driver_325,route_003,0,15
KIA_EV6_2022,driver_325,route_003,1,15
KIA_EV6_2022,driver_325,route_003,2,15
KIA_EV6_2022,driver_325,route_003,3,10
KIA_EV6_2022,driver_325,route_004,0,15
KIA_EV6_2022,driver_325,route_004,1,15
KIA_EV6_2022,driver_325,route_004,2,15
KIA_EV6_2022,driver_325,route_005,0,15
KIA_EV6_2022,driver_325,route_005,1,15
KIA_EV6_2022,driver_325,route_005,2,15
KIA_EV6_2022,driver_325,route_005,3,10
KIA_EV6_2025,driver_170,route_001,0,15
KIA_EV6_2025,driver_170,route_001,1,15
KIA_EV6_2025,driver_170,route_001,2,15
KIA_EV9,driver_198,route_001,0,15
KIA_EV9,driver_198,route_001,1,15
KIA_EV9,driver_198,route_001,2,15
KIA_EV9,driver_198,route_001,3,15
KIA_EV9,driver_198,route_002,0,15
KIA_EV9,driver_198,route_002,1,15
KIA_EV9,driver_198,route_002,2,15
KIA_EV9,driver_198,route_002,3,15
KIA_EV9,driver_198,route_002,4,15
KIA_EV9,driver_198,route_002,5,15
KIA_EV9,driver_198,route_003,0,15
KIA_EV9,driver_198,route_003,1,15
KIA_EV9,driver_198,route_003,2,15
KIA_EV9,driver_198,route_003,3,15
KIA_EV9,driver_198,route_003,4,15
KIA_EV9,driver_198,route_003,5,15
KIA_EV9,driver_198,route_003,6,15
KIA_EV9,driver_198,route_003,7,15
KIA_EV9,driver_198,route_003,8,15
KIA_EV9,driver_198,route_003,9,10
KIA_EV9,driver_198,route_004,0,15
KIA_EV9,driver_198,route_004,1,15
KIA_EV9,driver_198,route_004,2,15
KIA_EV9,driver_198,route_004,3,15
KIA_EV9,driver_198,route_004,4,15
KIA_EV9,driver_198,route_004,5,15
KIA_EV9,driver_198,route_004,6,15
KIA_EV9,driver_198,route_004,7,15
KIA_EV9,driver_198,route_004,8,15
KIA_EV9,driver_198,route_004,9,15
KIA_EV9,driver_198,route_004,10,15
KIA_EV9,driver_198,route_004,11,15
KIA_EV9,driver_198,route_004,12,15
KIA_EV9,driver_198,route_004,13,15
KIA_EV9,driver_198,route_004,14,15
KIA_EV9,driver_198,route_004,15,15
KIA_EV9,driver_198,route_004,16,15
KIA_EV9,driver_198,route_004,17,15
KIA_EV9,driver_198,route_004,18,15
KIA_EV9,driver_198,route_004,19,15
KIA_EV9,driver_198,route_004,20,15
KIA_EV9,driver_198,route_004,21,10
KIA_EV9,driver_198,route_004,22,10
KIA_EV9,driver_198,route_005,0,15
KIA_EV9,driver_198,route_005,1,15
KIA_EV9,driver_198,route_005,2,15
KIA_EV9,driver_259,route_001,0,15
KIA_EV9,driver_259,route_001,1,15
KIA_EV9,driver_259,route_001,2,15
KIA_EV9,driver_259,route_001,3,15
KIA_EV9,driver_259,route_002,0,15
KIA_EV9,driver_259,route_002,1,15
KIA_EV9,driver_259,route_002,2,15
KIA_EV9,driver_259,route_002,3,15
KIA_EV9,driver_259,route_002,4,15
KIA_EV9,driver_259,route_002,5,15
KIA_EV9,driver_341,route_001,0,15
KIA_EV9,driver_341,route_001,1,15
KIA_EV9,driver_341,route_001,2,15
KIA_EV9,driver_341,route_001,3,15
KIA_EV9,driver_341,route_001,4,15
KIA_EV9,driver_341,route_002,0,15
KIA_K8_HYBRID_1ST_GEN,driver_168,route_001,0,15
KIA_K8_HYBRID_1ST_GEN,driver_168,route_001,1,15
KIA_K8_HYBRID_1ST_GEN,driver_168,route_001,2,15
KIA_K8_HYBRID_1ST_GEN,driver_168,route_001,3,15
KIA_K8_HYBRID_1ST_GEN,driver_168,route_001,4,15
KIA_K8_HYBRID_1ST_GEN,driver_168,route_001,5,15
KIA_K8_HYBRID_1ST_GEN,driver_168,route_001,6,10
KIA_NIRO_EV,driver_009,route_001,0,15
KIA_NIRO_EV,driver_009,route_001,1,15
KIA_NIRO_EV,driver_009,route_001,2,15
KIA_NIRO_EV,driver_009,route_001,3,15
KIA_NIRO_EV,driver_009,route_001,4,15
KIA_NIRO_EV,driver_009,route_001,5,15
KIA_NIRO_EV,driver_009,route_001,6,15
KIA_NIRO_EV,driver_009,route_001,7,15
KIA_NIRO_EV,driver_009,route_001,8,15
KIA_NIRO_EV,driver_009,route_001,9,15
KIA_NIRO_EV,driver_009,route_002,0,15
KIA_NIRO_EV,driver_009,route_002,1,15
KIA_NIRO_EV,driver_009,route_002,2,15
KIA_NIRO_EV,driver_009,route_002,3,15
KIA_NIRO_EV,driver_009,route_002,4,15
KIA_NIRO_EV,driver_009,route_002,5,15
KIA_NIRO_EV,driver_009,route_002,6,15
KIA_NIRO_EV,driver_009,route_003,0,15
KIA_NIRO_EV,driver_009,route_003,1,15
KIA_NIRO_EV,driver_009,route_003,2,15
KIA_NIRO_EV,driver_113,route_001,0,15
KIA_NIRO_EV,driver_113,route_001,1,15
KIA_NIRO_EV,driver_113,route_001,2,15
KIA_NIRO_EV,driver_113,route_002,0,10
KIA_NIRO_EV,driver_113,route_002,1,10
KIA_NIRO_EV,driver_113,route_002,2,10
KIA_NIRO_EV,driver_113,route_002,3,10
KIA_NIRO_EV,driver_113,route_002,4,10
KIA_NIRO_EV,driver_113,route_002,5,10
KIA_NIRO_EV,driver_113,route_002,6,10
KIA_NIRO_EV,driver_113,route_002,7,10
KIA_NIRO_EV,driver_113,route_002,8,10
KIA_NIRO_EV,driver_113,route_002,9,10
KIA_NIRO_EV,driver_113,route_003,0,15
KIA_NIRO_EV,driver_113,route_003,1,15
KIA_NIRO_EV,driver_113,route_003,2,15
KIA_NIRO_EV,driver_113,route_003,3,15
KIA_NIRO_EV,driver_113,route_003,4,15
KIA_NIRO_EV,driver_113,route_003,5,15
KIA_NIRO_EV,driver_113,route_003,6,15
KIA_NIRO_EV,driver_113,route_003,7,15
KIA_NIRO_EV,driver_113,route_003,8,15
KIA_NIRO_EV,driver_113,route_004,0,15
KIA_NIRO_EV,driver_113,route_004,1,15
KIA_NIRO_EV,driver_113,route_005,0,15
KIA_NIRO_EV,driver_113,route_005,1,15
KIA_NIRO_EV,driver_113,route_005,2,15
KIA_NIRO_EV,driver_113,route_005,3,15
KIA_NIRO_EV,driver_113,route_005,4,15
KIA_NIRO_EV,driver_113,route_006,0,10
KIA_NIRO_EV,driver_113,route_006,1,10
KIA_NIRO_EV,driver_113,route_006,2,10
KIA_NIRO_EV,driver_113,route_006,3,10
KIA_NIRO_EV,driver_113,route_006,4,10
KIA_NIRO_EV,driver_113,route_006,5,10
KIA_NIRO_EV,driver_113,route_006,6,10
KIA_NIRO_EV,driver_113,route_006,7,10
KIA_NIRO_EV,driver_113,route_006,8,10
KIA_NIRO_EV,driver_113,route_006,9,10
KIA_NIRO_EV,driver_113,route_006,10,10
KIA_NIRO_EV,driver_113,route_006,11,10
KIA_NIRO_EV,driver_113,route_006,12,10
KIA_NIRO_EV,driver_113,route_006,13,10
KIA_NIRO_EV,driver_113,route_007,0,15
KIA_NIRO_EV,driver_113,route_007,1,15
KIA_NIRO_EV,driver_113,route_007,2,15
KIA_NIRO_EV,driver_113,route_007,3,15
KIA_NIRO_EV,driver_113,route_007,4,15
KIA_NIRO_EV,driver_113,route_007,5,15
KIA_NIRO_EV,driver_113,route_007,6,15
KIA_NIRO_EV,driver_113,route_007,7,15
KIA_NIRO_EV,driver_113,route_007,8,15
KIA_NIRO_EV,driver_113,route_007,9,15
KIA_NIRO_EV,driver_113,route_007,10,15
KIA_NIRO_EV,driver_113,route_007,11,15
KIA_NIRO_EV,driver_113,route_007,12,15
KIA_NIRO_EV,driver_113,route_008,0,15
KIA_NIRO_EV,driver_113,route_009,0,15
KIA_NIRO_EV,driver_113,route_010,0,15
KIA_NIRO_EV,driver_113,route_011,0,15
KIA_NIRO_EV,driver_113,route_012,0,15
KIA_NIRO_EV,driver_113,route_013,0,15
KIA_NIRO_EV,driver_113,route_014,0,15
KIA_NIRO_EV,driver_113,route_015,0,15
KIA_NIRO_EV,driver_113,route_015,1,15
KIA_NIRO_EV,driver_113,route_015,2,15
KIA_NIRO_EV,driver_113,route_015,3,15
KIA_NIRO_EV,driver_113,route_016,0,15
KIA_NIRO_EV,driver_113,route_016,1,15
KIA_NIRO_EV,driver_113,route_016,2,15
KIA_NIRO_EV,driver_113,route_016,3,15
KIA_NIRO_EV,driver_113,route_017,0,15
KIA_NIRO_EV,driver_113,route_017,1,15
KIA_NIRO_EV,driver_113,route_017,2,15
KIA_NIRO_EV,driver_113,route_017,3,15
KIA_NIRO_EV,driver_113,route_017,4,15
KIA_NIRO_EV,driver_113,route_017,5,15
KIA_NIRO_EV,driver_113,route_018,0,15
KIA_NIRO_EV,driver_113,route_018,1,15
KIA_NIRO_EV,driver_113,route_018,2,15
KIA_NIRO_EV,driver_113,route_019,0,15
KIA_NIRO_EV,driver_113,route_020,0,15
KIA_NIRO_EV,driver_113,route_021,0,15
KIA_NIRO_EV,driver_113,route_022,0,15
KIA_NIRO_EV,driver_113,route_022,1,15
KIA_NIRO_EV,driver_113,route_022,2,15
KIA_NIRO_EV,driver_113,route_022,3,15
KIA_NIRO_EV,driver_113,route_022,4,15
KIA_NIRO_EV,driver_113,route_023,0,15
KIA_NIRO_EV,driver_113,route_023,1,15
KIA_NIRO_EV,driver_113,route_023,2,15
KIA_NIRO_EV,driver_113,route_023,3,15
KIA_NIRO_EV,driver_113,route_023,4,15
KIA_NIRO_EV,driver_113,route_023,5,15
KIA_NIRO_EV,driver_113,route_023,6,15
KIA_NIRO_EV,driver_113,route_023,7,15
KIA_NIRO_EV,driver_113,route_023,8,15
KIA_NIRO_EV,driver_113,route_023,9,15
KIA_NIRO_EV,driver_113,route_023,10,15
KIA_NIRO_EV,driver_113,route_023,11,15
KIA_NIRO_EV,driver_113,route_024,0,15
KIA_NIRO_EV,driver_113,route_024,1,15
KIA_NIRO_EV,driver_113,route_024,2,15
KIA_NIRO_EV,driver_113,route_024,3,15
KIA_NIRO_EV,driver_113,route_024,4,15
KIA_NIRO_EV,driver_113,route_024,5,15
KIA_NIRO_EV,driver_113,route_024,6,15
KIA_NIRO_EV,driver_113,route_024,7,15
KIA_NIRO_EV,driver_113,route_024,8,15
KIA_NIRO_EV,driver_113,route_025,0,15
KIA_NIRO_EV,driver_113,route_025,1,15
KIA_NIRO_EV,driver_113,route_025,2,15
KIA_NIRO_EV,driver_113,route_025,3,15
KIA_NIRO_EV,driver_113,route_025,4,15
KIA_NIRO_EV,driver_113,route_025,5,15
KIA_NIRO_EV,driver_113,route_025,6,15
KIA_NIRO_EV,driver_113,route_025,7,15
KIA_NIRO_EV,driver_113,route_025,8,15
KIA_NIRO_EV,driver_113,route_025,9,15
KIA_NIRO_EV,driver_113,route_025,10,15
KIA_NIRO_EV,driver_113,route_025,11,15
KIA_NIRO_EV,driver_113,route_025,12,15
KIA_NIRO_EV,driver_113,route_026,0,15
KIA_NIRO_EV,driver_113,route_026,1,15
KIA_NIRO_EV,driver_113,route_026,2,15
KIA_NIRO_EV,driver_113,route_026,3,15
KIA_NIRO_EV,driver_113,route_026,4,15
KIA_NIRO_EV,driver_113,route_026,5,15
KIA_NIRO_EV,driver_113,route_027,0,15
KIA_NIRO_EV,driver_113,route_027,1,15
KIA_NIRO_EV,driver_113,route_027,2,15
KIA_NIRO_EV,driver_113,route_028,0,15
KIA_NIRO_EV,driver_113,route_028,1,15
KIA_NIRO_EV,driver_113,route_028,2,15
KIA_NIRO_EV,driver_113,route_028,3,15
KIA_NIRO_EV,driver_113,route_028,4,15
KIA_NIRO_EV,driver_113,route_028,5,15
KIA_NIRO_EV,driver_113,route_028,6,15
KIA_NIRO_EV,driver_113,route_028,7,15
KIA_NIRO_EV,driver_113,route_028,8,15
KIA_NIRO_EV,driver_113,route_028,9,15
KIA_NIRO_EV,driver_113,route_028,10,15
KIA_NIRO_EV,driver_113,route_028,11,15
KIA_NIRO_EV,driver_113,route_028,12,15
KIA_NIRO_EV,driver_113,route_028,13,15
KIA_NIRO_EV,driver_113,route_028,14,15
KIA_NIRO_EV,driver_113,route_028,15,15
KIA_NIRO_EV,driver_113,route_028,16,15
KIA_NIRO_EV,driver_113,route_028,17,15
KIA_NIRO_EV,driver_122,route_001,0,10
KIA_NIRO_EV,driver_122,route_001,1,10
KIA_NIRO_EV,driver_122,route_001,2,10
KIA_NIRO_EV,driver_247,route_001,0,10
KIA_NIRO_EV,driver_247,route_001,1,10
KIA_NIRO_EV,driver_247,route_001,2,10
KIA_NIRO_EV,driver_247,route_001,3,10
KIA_NIRO_EV,driver_247,route_001,4,10
KIA_NIRO_EV,driver_247,route_001,5,10
KIA_NIRO_EV,driver_247,route_001,6,10
KIA_NIRO_EV,driver_247,route_001,7,10
KIA_NIRO_EV,driver_247,route_001,8,10
KIA_NIRO_EV,driver_247,route_001,9,10
KIA_NIRO_EV,driver_247,route_001,10,10
KIA_NIRO_EV,driver_247,route_001,11,10
KIA_NIRO_EV,driver_247,route_002,0,10
KIA_NIRO_EV,driver_247,route_002,1,10
KIA_NIRO_EV,driver_247,route_002,2,10
KIA_NIRO_EV,driver_247,route_002,3,10
KIA_NIRO_EV,driver_247,route_002,4,10
KIA_NIRO_EV,driver_247,route_002,5,10
KIA_NIRO_EV,driver_247,route_002,6,10
KIA_NIRO_EV,driver_247,route_002,7,10
KIA_NIRO_EV,driver_247,route_002,8,10
KIA_NIRO_EV,driver_247,route_002,9,10
KIA_NIRO_EV,driver_247,route_002,10,10
KIA_NIRO_EV,driver_247,route_002,11,10
KIA_NIRO_EV,driver_247,route_002,12,10
KIA_NIRO_EV,driver_247,route_002,13,10
KIA_NIRO_EV,driver_247,route_002,14,10
KIA_NIRO_EV,driver_247,route_002,15,10
KIA_NIRO_EV,driver_247,route_002,16,10
KIA_NIRO_EV,driver_247,route_003,0,10
KIA_NIRO_EV,driver_247,route_003,1,10
KIA_NIRO_EV,driver_247,route_003,2,10
KIA_NIRO_EV,driver_247,route_003,3,10
KIA_NIRO_EV,driver_247,route_004,0,10
KIA_NIRO_EV,driver_247,route_004,1,10
KIA_NIRO_EV,driver_247,route_004,2,10
KIA_NIRO_EV,driver_247,route_004,3,10
KIA_NIRO_EV,driver_247,route_004,4,10
KIA_NIRO_EV,driver_247,route_004,5,10
KIA_NIRO_EV,driver_247,route_004,6,10
KIA_NIRO_EV,driver_247,route_005,0,10
KIA_NIRO_EV,driver_247,route_005,1,10
KIA_NIRO_EV,driver_247,route_005,2,10
KIA_NIRO_EV,driver_247,route_005,3,10
KIA_NIRO_EV,driver_247,route_005,4,10
KIA_NIRO_EV,driver_247,route_005,5,10
KIA_NIRO_EV,driver_247,route_005,6,10
KIA_NIRO_EV,driver_247,route_006,0,10
KIA_NIRO_EV,driver_247,route_006,1,10
KIA_NIRO_EV,driver_268,route_001,0,10
KIA_NIRO_EV,driver_268,route_001,1,10
KIA_NIRO_EV,driver_268,route_001,2,10
KIA_NIRO_EV,driver_268,route_001,3,10
KIA_NIRO_EV,driver_268,route_001,4,10
KIA_NIRO_EV,driver_268,route_002,0,15
KIA_NIRO_EV,driver_268,route_002,1,15
KIA_NIRO_EV,driver_268,route_002,2,15
KIA_NIRO_EV,driver_268,route_003,0,15
KIA_NIRO_EV,driver_268,route_003,1,15
KIA_NIRO_EV,driver_268,route_004,0,15
KIA_NIRO_EV,driver_268,route_004,1,15
KIA_NIRO_EV,driver_268,route_005,0,15
KIA_NIRO_EV,driver_268,route_006,0,15
KIA_NIRO_EV,driver_268,route_006,1,15
KIA_NIRO_EV,driver_268,route_006,2,15
KIA_NIRO_EV,driver_268,route_006,3,15
KIA_NIRO_EV_2020,driver_237,route_001,0,15
KIA_NIRO_EV_2020,driver_237,route_002,0,15
KIA_NIRO_EV_2020,driver_237,route_002,1,15
KIA_NIRO_EV_2020,driver_237,route_003,0,15
KIA_NIRO_EV_2020,driver_237,route_003,1,15
KIA_NIRO_EV_2020,driver_237,route_004,0,15
KIA_NIRO_EV_2020,driver_237,route_004,1,15
KIA_NIRO_EV_2020,driver_237,route_004,2,15
KIA_NIRO_EV_2020,driver_237,route_004,3,15
KIA_NIRO_EV_2020,driver_237,route_004,4,15
KIA_NIRO_EV_2020,driver_237,route_004,5,15
KIA_NIRO_EV_2020,driver_237,route_004,6,15
KIA_NIRO_EV_2020,driver_237,route_004,7,15
KIA_NIRO_EV_2020,driver_237,route_005,0,15
KIA_NIRO_EV_2020,driver_237,route_006,0,15
KIA_NIRO_EV_2020,driver_237,route_006,1,15
KIA_NIRO_EV_2020,driver_237,route_006,2,15
KIA_NIRO_EV_2020,driver_237,route_006,3,15
KIA_NIRO_EV_2ND_GEN,driver_124,route_006,0,15
KIA_NIRO_EV_2ND_GEN,driver_124,route_010,0,10
KIA_NIRO_EV_2ND_GEN,driver_124,route_010,1,10
KIA_NIRO_EV_2ND_GEN,driver_124,route_010,2,10
KIA_NIRO_EV_2ND_GEN,driver_124,route_010,3,10
KIA_NIRO_EV_2ND_GEN,driver_124,route_010,4,10
KIA_NIRO_EV_2ND_GEN,driver_124,route_010,5,10
KIA_NIRO_EV_2ND_GEN,driver_124,route_045,0,15
KIA_NIRO_EV_2ND_GEN,driver_124,route_045,1,15
KIA_NIRO_EV_2ND_GEN,driver_124,route_045,2,15
KIA_NIRO_EV_2ND_GEN,driver_251,route_058,0,10
KIA_NIRO_EV_2ND_GEN,driver_251,route_060,0,15
KIA_NIRO_EV_2ND_GEN,driver_251,route_060,1,15
KIA_NIRO_EV_2ND_GEN,driver_251,route_061,0,10
KIA_NIRO_EV_2ND_GEN,driver_251,route_061,1,10
KIA_NIRO_EV_2ND_GEN,driver_251,route_061,2,10
KIA_NIRO_EV_2ND_GEN,driver_251,route_061,3,10
KIA_NIRO_EV_2ND_GEN,driver_251,route_062,0,15
KIA_NIRO_EV_2ND_GEN,driver_251,route_062,1,10
KIA_NIRO_EV_2ND_GEN,driver_251,route_168,0,15
KIA_NIRO_EV_2ND_GEN,driver_251,route_168,1,15
KIA_NIRO_HYBRID_2ND_GEN,driver_288,route_002,0,10
KIA_NIRO_HYBRID_2ND_GEN,driver_288,route_002,1,10
KIA_NIRO_HYBRID_2ND_GEN,driver_288,route_002,2,10
KIA_NIRO_HYBRID_2ND_GEN,driver_288,route_002,3,10
KIA_NIRO_HYBRID_2ND_GEN,driver_288,route_002,4,10
KIA_NIRO_HYBRID_2ND_GEN,driver_288,route_002,5,10
KIA_NIRO_HYBRID_2ND_GEN,driver_288,route_002,6,10
KIA_NIRO_HYBRID_2ND_GEN,driver_288,route_002,7,10
KIA_NIRO_HYBRID_2ND_GEN,driver_288,route_002,8,10
KIA_NIRO_HYBRID_2ND_GEN,driver_288,route_002,9,10
KIA_NIRO_HYBRID_2ND_GEN,driver_288,route_002,10,10
KIA_NIRO_HYBRID_2ND_GEN,driver_288,route_003,0,15
KIA_NIRO_HYBRID_2ND_GEN,driver_288,route_003,1,15
KIA_NIRO_HYBRID_2ND_GEN,driver_288,route_004,0,15
KIA_NIRO_HYBRID_2ND_GEN,driver_288,route_004,1,15
KIA_NIRO_HYBRID_2ND_GEN,driver_288,route_004,2,15
KIA_NIRO_HYBRID_2ND_GEN,driver_288,route_004,3,15
KIA_NIRO_HYBRID_2ND_GEN,driver_288,route_004,4,15
KIA_NIRO_HYBRID_2ND_GEN,driver_288,route_004,5,15
KIA_NIRO_HYBRID_2ND_GEN,driver_288,route_004,6,15
KIA_NIRO_HYBRID_2ND_GEN,driver_288,route_004,7,15
KIA_NIRO_HYBRID_2ND_GEN,driver_288,route_004,8,15
KIA_NIRO_HYBRID_2ND_GEN,driver_288,route_004,9,15
KIA_NIRO_HYBRID_2ND_GEN,driver_288,route_004,10,15
KIA_NIRO_HYBRID_2ND_GEN,driver_288,route_004,11,15
KIA_NIRO_HYBRID_2ND_GEN,driver_288,route_004,12,15
KIA_NIRO_HYBRID_2ND_GEN,driver_288,route_004,13,15
KIA_NIRO_HYBRID_2ND_GEN,driver_288,route_004,14,15
KIA_NIRO_HYBRID_2ND_GEN,driver_288,route_004,15,15
KIA_NIRO_HYBRID_2ND_GEN,driver_288,route_004,16,15
KIA_NIRO_HYBRID_2ND_GEN,driver_288,route_004,17,15
KIA_NIRO_HYBRID_2ND_GEN,driver_288,route_004,18,15
KIA_NIRO_HYBRID_2ND_GEN,driver_288,route_004,19,15
KIA_NIRO_HYBRID_2ND_GEN,driver_288,route_004,20,15
KIA_NIRO_HYBRID_2ND_GEN,driver_288,route_004,21,15
KIA_NIRO_HYBRID_2ND_GEN,driver_288,route_004,22,15
KIA_NIRO_HYBRID_2ND_GEN,driver_288,route_004,23,15
KIA_NIRO_HYBRID_2ND_GEN,driver_288,route_004,24,15
KIA_NIRO_HYBRID_2ND_GEN,driver_288,route_004,25,15
KIA_NIRO_HYBRID_2ND_GEN,driver_288,route_005,0,15
KIA_NIRO_HYBRID_2ND_GEN,driver_288,route_005,1,15
KIA_NIRO_HYBRID_2ND_GEN,driver_288,route_005,2,15
KIA_NIRO_HYBRID_2ND_GEN,driver_288,route_005,3,15
KIA_NIRO_HYBRID_2ND_GEN,driver_288,route_005,4,15
KIA_NIRO_HYBRID_2ND_GEN,driver_288,route_005,5,15
KIA_NIRO_HYBRID_2ND_GEN,driver_288,route_008,0,15
KIA_NIRO_HYBRID_2ND_GEN,driver_288,route_008,1,15
KIA_NIRO_HYBRID_2ND_GEN,driver_288,route_008,2,15
KIA_NIRO_HYBRID_2ND_GEN,driver_288,route_008,3,15
KIA_NIRO_HYBRID_2ND_GEN,driver_288,route_008,4,15
KIA_NIRO_HYBRID_2ND_GEN,driver_288,route_008,5,15
KIA_NIRO_HYBRID_2ND_GEN,driver_288,route_008,6,15
KIA_NIRO_HYBRID_2ND_GEN,driver_288,route_008,7,15
KIA_NIRO_HYBRID_2ND_GEN,driver_288,route_008,8,15
KIA_NIRO_PHEV_2022,driver_148,route_001,0,15
KIA_NIRO_PHEV_2022,driver_148,route_001,1,15
KIA_NIRO_PHEV_2022,driver_148,route_001,2,15
KIA_NIRO_PHEV_2022,driver_148,route_001,3,15
KIA_NIRO_PHEV_2022,driver_148,route_001,4,15
KIA_NIRO_PHEV_2022,driver_148,route_001,5,15
KIA_NIRO_PHEV_2022,driver_148,route_001,6,15
KIA_NIRO_PHEV_2022,driver_148,route_001,7,15
KIA_NIRO_PHEV_2022,driver_148,route_001,8,15
KIA_NIRO_PHEV_2022,driver_148,route_001,9,15
KIA_NIRO_PHEV_2022,driver_148,route_001,10,15
KIA_NIRO_PHEV_2022,driver_148,route_001,11,15
KIA_NIRO_PHEV_2022,driver_148,route_002,0,15
KIA_NIRO_PHEV_2022,driver_148,route_003,0,15
KIA_NIRO_PHEV_2022,driver_148,route_003,1,15
KIA_NIRO_PHEV_2022,driver_148,route_004,0,15
KIA_NIRO_PHEV_2022,driver_148,route_004,1,15
KIA_NIRO_PHEV_2022,driver_148,route_004,2,15
KIA_NIRO_PHEV_2022,driver_148,route_005,0,15
KIA_NIRO_PHEV_2022,driver_148,route_005,1,15
KIA_NIRO_PHEV_2022,driver_148,route_005,2,15
KIA_NIRO_PHEV_2022,driver_148,route_005,3,15
KIA_NIRO_PHEV_2022,driver_148,route_005,4,15
KIA_NIRO_PHEV_2022,driver_148,route_005,5,15
KIA_NIRO_PHEV_2022,driver_148,route_005,6,15
KIA_NIRO_PHEV_2022,driver_148,route_005,7,15
KIA_NIRO_PHEV_2022,driver_148,route_006,0,15
KIA_NIRO_PHEV_2022,driver_148,route_006,1,15
KIA_NIRO_PHEV_2022,driver_148,route_006,2,15
KIA_NIRO_PHEV_2022,driver_148,route_006,3,15
KIA_NIRO_PHEV_2022,driver_148,route_006,4,15
KIA_NIRO_PHEV_2022,driver_148,route_006,5,15
KIA_NIRO_PHEV_2022,driver_148,route_006,6,15
KIA_NIRO_PHEV_2022,driver_148,route_006,7,15
KIA_NIRO_PHEV_2022,driver_148,route_006,8,15
KIA_NIRO_PHEV_2022,driver_148,route_006,9,15
KIA_NIRO_PHEV_2022,driver_148,route_006,10,15
KIA_NIRO_PHEV_2022,driver_148,route_006,11,15
KIA_NIRO_PHEV_2022,driver_148,route_006,12,15
KIA_NIRO_PHEV_2022,driver_167,route_001,0,15
KIA_NIRO_PHEV_2022,driver_167,route_002,0,15
KIA_NIRO_PHEV_2022,driver_167,route_002,1,15
KIA_NIRO_PHEV_2022,driver_167,route_002,2,15
KIA_NIRO_PHEV_2022,driver_167,route_002,3,15
KIA_NIRO_PHEV_2022,driver_167,route_003,0,15
KIA_NIRO_PHEV_2022,driver_167,route_003,1,15
KIA_NIRO_PHEV_2022,driver_167,route_003,2,15
KIA_NIRO_PHEV_2022,driver_167,route_003,3,15
KIA_NIRO_PHEV_2022,driver_167,route_003,4,15
KIA_NIRO_PHEV_2022,driver_167,route_003,5,15
KIA_NIRO_PHEV_2022,driver_167,route_003,6,15
KIA_NIRO_PHEV_2022,driver_167,route_003,7,15
KIA_NIRO_PHEV_2022,driver_167,route_003,8,15
KIA_NIRO_PHEV_2022,driver_167,route_003,9,15
KIA_NIRO_PHEV_2022,driver_167,route_003,10,15
KIA_NIRO_PHEV_2022,driver_167,route_003,11,15
KIA_NIRO_PHEV_2022,driver_167,route_003,12,15
KIA_NIRO_PHEV_2022,driver_167,route_003,13,15
KIA_NIRO_PHEV_2022,driver_167,route_003,14,15
KIA_NIRO_PHEV_2022,driver_167,route_003,15,15
KIA_NIRO_PHEV_2022,driver_167,route_003,16,15
KIA_NIRO_PHEV_2022,driver_167,route_003,17,15
KIA_NIRO_PHEV_2022,driver_167,route_004,0,15
KIA_NIRO_PHEV_2022,driver_167,route_004,1,15
KIA_NIRO_PHEV_2022,driver_167,route_004,2,15
KIA_NIRO_PHEV_2022,driver_167,route_004,3,15
KIA_NIRO_PHEV_2022,driver_167,route_004,4,15
KIA_NIRO_PHEV_2022,driver_167,route_004,5,15
KIA_NIRO_PHEV_2022,driver_167,route_004,6,15
KIA_NIRO_PHEV_2022,driver_167,route_004,7,15
KIA_NIRO_PHEV_2022,driver_167,route_004,8,15
KIA_NIRO_PHEV_2022,driver_167,route_004,9,15
KIA_NIRO_PHEV_2022,driver_167,route_004,10,15
KIA_NIRO_PHEV_2022,driver_167,route_004,11,15
KIA_NIRO_PHEV_2022,driver_167,route_004,12,15
KIA_NIRO_PHEV_2022,driver_167,route_005,0,15
KIA_NIRO_PHEV_2022,driver_167,route_005,1,15
KIA_NIRO_PHEV_2022,driver_167,route_005,2,15
KIA_NIRO_PHEV_2022,driver_167,route_005,3,15
KIA_NIRO_PHEV_2022,driver_167,route_005,4,15
KIA_NIRO_PHEV_2022,driver_167,route_005,5,15
KIA_NIRO_PHEV_2022,driver_167,route_005,6,15
KIA_NIRO_PHEV_2022,driver_167,route_005,7,15
KIA_NIRO_PHEV_2022,driver_167,route_006,0,15
KIA_NIRO_PHEV_2022,driver_167,route_006,1,15
KIA_NIRO_PHEV_2022,driver_167,route_006,2,15
KIA_NIRO_PHEV_2022,driver_167,route_006,3,15
KIA_NIRO_PHEV_2022,driver_167,route_006,4,15
KIA_NIRO_PHEV_2022,driver_167,route_006,5,15
KIA_NIRO_PHEV_2022,driver_167,route_007,0,15
KIA_NIRO_PHEV_2022,driver_167,route_007,1,15
KIA_NIRO_PHEV_2022,driver_167,route_007,2,15
KIA_NIRO_PHEV_2022,driver_167,route_007,3,15
KIA_NIRO_PHEV_2022,driver_167,route_008,0,15
KIA_NIRO_PHEV_2022,driver_167,route_008,1,15
KIA_NIRO_PHEV_2022,driver_167,route_008,2,15
KIA_NIRO_PHEV_2022,driver_167,route_009,0,15
KIA_NIRO_PHEV_2022,driver_167,route_009,1,15
KIA_NIRO_PHEV_2022,driver_167,route_010,0,15
KIA_NIRO_PHEV_2022,driver_167,route_010,1,15
KIA_NIRO_PHEV_2022,driver_167,route_010,2,15
KIA_NIRO_PHEV_2022,driver_167,route_010,3,15
KIA_NIRO_PHEV_2022,driver_167,route_010,4,15
KIA_NIRO_PHEV_2022,driver_265,route_001,0,15
KIA_NIRO_PHEV_2022,driver_265,route_002,0,15
KIA_NIRO_PHEV_2022,driver_265,route_002,1,15
KIA_NIRO_PHEV_2022,driver_265,route_002,2,15
KIA_NIRO_PHEV_2022,driver_265,route_003,0,15
KIA_NIRO_PHEV_2022,driver_265,route_003,1,15
KIA_NIRO_PHEV_2022,driver_265,route_004,0,15
KIA_NIRO_PHEV_2022,driver_265,route_004,1,15
KIA_NIRO_PHEV_2022,driver_265,route_004,2,15
KIA_NIRO_PHEV_2022,driver_265,route_004,3,15
KIA_SPORTAGE_5TH_GEN,driver_017,route_001,0,10
KIA_SPORTAGE_5TH_GEN,driver_017,route_001,1,10
KIA_SPORTAGE_5TH_GEN,driver_017,route_001,2,10
KIA_SPORTAGE_5TH_GEN,driver_017,route_001,3,10
KIA_SPORTAGE_5TH_GEN,driver_017,route_001,4,10
KIA_SPORTAGE_5TH_GEN,driver_017,route_001,5,10
KIA_SPORTAGE_5TH_GEN,driver_017,route_002,0,10
KIA_SPORTAGE_5TH_GEN,driver_017,route_002,1,10
KIA_SPORTAGE_5TH_GEN,driver_017,route_002,2,10
KIA_SPORTAGE_5TH_GEN,driver_017,route_002,3,10
KIA_SPORTAGE_5TH_GEN,driver_017,route_002,4,10
KIA_SPORTAGE_5TH_GEN,driver_017,route_002,5,10
KIA_SPORTAGE_5TH_GEN,driver_017,route_003,0,10
KIA_SPORTAGE_5TH_GEN,driver_017,route_003,1,10
KIA_SPORTAGE_5TH_GEN,driver_017,route_003,2,10
KIA_SPORTAGE_5TH_GEN,driver_017,route_003,3,10
KIA_SPORTAGE_5TH_GEN,driver_017,route_003,4,10
KIA_SPORTAGE_5TH_GEN,driver_017,route_003,5,10
KIA_SPORTAGE_5TH_GEN,driver_017,route_003,6,10
KIA_SPORTAGE_5TH_GEN,driver_017,route_003,7,10
KIA_SPORTAGE_5TH_GEN,driver_017,route_003,8,10
KIA_SPORTAGE_5TH_GEN,driver_017,route_003,9,10
KIA_SPORTAGE_5TH_GEN,driver_017,route_003,10,10
KIA_SPORTAGE_5TH_GEN,driver_017,route_003,11,10
KIA_SPORTAGE_5TH_GEN,driver_017,route_003,12,10
KIA_SPORTAGE_5TH_GEN,driver_017,route_003,13,10
KIA_SPORTAGE_5TH_GEN,driver_017,route_003,14,10
KIA_SPORTAGE_5TH_GEN,driver_017,route_003,15,10
KIA_SPORTAGE_5TH_GEN,driver_017,route_003,16,10
KIA_SPORTAGE_5TH_GEN,driver_017,route_003,17,10
KIA_SPORTAGE_5TH_GEN,driver_017,route_003,18,10
KIA_SPORTAGE_5TH_GEN,driver_017,route_003,19,10
KIA_SPORTAGE_5TH_GEN,driver_017,route_003,20,10
KIA_SPORTAGE_5TH_GEN,driver_017,route_003,21,10
KIA_SPORTAGE_5TH_GEN,driver_017,route_003,22,10
KIA_SPORTAGE_5TH_GEN,driver_017,route_003,23,10
KIA_SPORTAGE_5TH_GEN,driver_017,route_003,24,10
KIA_SPORTAGE_5TH_GEN,driver_017,route_003,25,10
KIA_SPORTAGE_5TH_GEN,driver_017,route_003,26,10
KIA_SPORTAGE_5TH_GEN,driver_017,route_003,27,10
KIA_SPORTAGE_5TH_GEN,driver_017,route_003,28,10
KIA_SPORTAGE_5TH_GEN,driver_017,route_003,29,10
KIA_SPORTAGE_5TH_GEN,driver_017,route_003,30,10
KIA_SPORTAGE_5TH_GEN,driver_017,route_003,31,10
KIA_SPORTAGE_5TH_GEN,driver_017,route_004,0,10
KIA_SPORTAGE_5TH_GEN,driver_017,route_004,1,10
KIA_SPORTAGE_5TH_GEN,driver_017,route_004,2,10
KIA_SPORTAGE_5TH_GEN,driver_017,route_004,3,10
KIA_SPORTAGE_5TH_GEN,driver_017,route_004,4,10
KIA_SPORTAGE_5TH_GEN,driver_017,route_004,5,10
KIA_SPORTAGE_5TH_GEN,driver_017,route_004,6,10
KIA_SPORTAGE_5TH_GEN,driver_093,route_001,0,15
KIA_SPORTAGE_5TH_GEN,driver_093,route_001,1,15
KIA_SPORTAGE_5TH_GEN,driver_093,route_001,2,15
KIA_SPORTAGE_5TH_GEN,driver_093,route_001,3,15
KIA_SPORTAGE_5TH_GEN,driver_093,route_002,0,15
KIA_SPORTAGE_5TH_GEN,driver_093,route_002,1,15
KIA_SPORTAGE_5TH_GEN,driver_093,route_002,2,15
KIA_SPORTAGE_5TH_GEN,driver_093,route_003,0,15
KIA_SPORTAGE_5TH_GEN,driver_093,route_003,1,15
KIA_SPORTAGE_5TH_GEN,driver_093,route_003,2,15
KIA_SPORTAGE_5TH_GEN,driver_093,route_003,3,15
KIA_SPORTAGE_5TH_GEN,driver_093,route_004,0,15
KIA_SPORTAGE_5TH_GEN,driver_093,route_004,1,15
KIA_SPORTAGE_5TH_GEN,driver_093,route_004,2,15
KIA_SPORTAGE_5TH_GEN,driver_093,route_004,3,15
KIA_SPORTAGE_5TH_GEN,driver_093,route_005,0,15
KIA_SPORTAGE_5TH_GEN,driver_093,route_005,1,15
KIA_SPORTAGE_5TH_GEN,driver_093,route_005,2,15
KIA_SPORTAGE_5TH_GEN,driver_093,route_005,3,15
KIA_SPORTAGE_5TH_GEN,driver_093,route_005,4,15
KIA_SPORTAGE_5TH_GEN,driver_093,route_006,0,15
KIA_SPORTAGE_5TH_GEN,driver_093,route_007,0,15
KIA_SPORTAGE_5TH_GEN,driver_093,route_007,1,15
KIA_SPORTAGE_5TH_GEN,driver_093,route_007,2,15
KIA_SPORTAGE_5TH_GEN,driver_133,route_001,0,15
KIA_SPORTAGE_5TH_GEN,driver_133,route_001,1,15
KIA_SPORTAGE_5TH_GEN,driver_133,route_001,2,15
KIA_SPORTAGE_5TH_GEN,driver_133,route_001,3,15
KIA_SPORTAGE_5TH_GEN,driver_133,route_001,4,15
KIA_SPORTAGE_5TH_GEN,driver_133,route_001,5,15
KIA_SPORTAGE_5TH_GEN,driver_133,route_001,6,10
KIA_SPORTAGE_5TH_GEN,driver_133,route_001,7,10
KIA_SPORTAGE_5TH_GEN,driver_133,route_002,0,15
KIA_STINGER,driver_269,route_001,0,15
KIA_STINGER,driver_269,route_001,1,15
KIA_STINGER,driver_269,route_002,0,15
KIA_STINGER,driver_269,route_002,1,15
KIA_STINGER,driver_269,route_002,2,15
KIA_STINGER,driver_269,route_002,3,15
KIA_STINGER,driver_269,route_003,0,15
KIA_STINGER,driver_269,route_003,1,15
KIA_STINGER,driver_269,route_004,0,15
KIA_STINGER,driver_269,route_004,1,15
KIA_STINGER,driver_269,route_005,0,15
KIA_STINGER,driver_269,route_005,1,15
KIA_STINGER,driver_269,route_005,2,15
KIA_STINGER,driver_269,route_005,3,15
KIA_STINGER,driver_269,route_005,4,15
KIA_STINGER,driver_269,route_005,5,15
KIA_STINGER,driver_269,route_005,6,15
KiaNiro2023,driver_124,route_002,0,15
KiaNiro2023,driver_124,route_002,1,15
KiaNiro2023,driver_251,route_006,0,15
KiaNiro2023,driver_251,route_011,0,15
KiaNiro2023,driver_251,route_011,1,15
KiaNiro2023,driver_251,route_011,2,15
KiaNiro2023,driver_251,route_014,0,10
KiaNiro2023,driver_251,route_024,0,15
KiaNiro2023,driver_251,route_024,1,15
KiaNiro2023,driver_251,route_024,2,15
KiaNiro2023,driver_251,route_024,3,15
KiaNiro2023,driver_251,route_024,4,15
KiaNiro2023,driver_251,route_026,0,15
KiaNiro2023,driver_251,route_026,1,15
KiaNiro2023,driver_251,route_026,2,15
KiaNiro2023,driver_251,route_031,0,15
KiaNiro2023,driver_251,route_031,1,15
KiaNiro2023,driver_251,route_031,2,15
KiaNiro2023,driver_251,route_031,3,15
KiaNiro2023,driver_251,route_031,4,15
KiaNiro2023,driver_251,route_031,5,10
KiaNiro2023,driver_251,route_043,0,15
KiaNiro2023,driver_251,route_043,1,15
KiaNiro2023,driver_251,route_043,2,15
KiaNiro2023,driver_251,route_043,3,15
KiaNiro2023,driver_251,route_044,0,15
KiaNiro2023,driver_251,route_044,1,15
KiaNiro2023,driver_251,route_044,2,15
KiaNiro2023,driver_251,route_044,3,15
KiaNiro2023,driver_251,route_046,0,15
KiaNiro2023,driver_251,route_046,1,15
KiaNiro2023,driver_251,route_046,2,15
KiaNiro2023,driver_251,route_050,0,15
KiaNiro2023,driver_251,route_050,1,15
KiaNiro2023,driver_251,route_057,0,15
LEXUS_ES_TSS2,driver_143,route_001,0,15
LEXUS_ES_TSS2,driver_143,route_001,1,15
LEXUS_ES_TSS2,driver_143,route_001,2,15
LEXUS_ES_TSS2,driver_143,route_001,3,15
LEXUS_ES_TSS2,driver_143,route_001,4,15
LEXUS_ES_TSS2,driver_143,route_002,0,15
LEXUS_ES_TSS2,driver_143,route_002,1,15
LEXUS_ES_TSS2,driver_143,route_002,2,15
LEXUS_ES_TSS2,driver_267,route_001,0,10
LEXUS_ES_TSS2,driver_267,route_001,1,10
LEXUS_ES_TSS2,driver_267,route_001,2,10
LEXUS_ES_TSS2,driver_267,route_001,3,10
LEXUS_ES_TSS2,driver_267,route_001,4,10
LEXUS_ES_TSS2,driver_267,route_001,5,10
LEXUS_ES_TSS2,driver_267,route_001,6,10
LEXUS_ES_TSS2,driver_267,route_001,7,10
LEXUS_ES_TSS2,driver_357,route_001,0,15
LEXUS_ES_TSS2,driver_357,route_001,1,15
LEXUS_ES_TSS2,driver_357,route_001,2,15
LEXUS_ES_TSS2,driver_357,route_001,3,15
LEXUS_ES_TSS2,driver_357,route_001,4,15
LEXUS_ES_TSS2,driver_357,route_001,5,15
LEXUS_ES_TSS2,driver_357,route_001,6,15
LEXUS_LC_2024,driver_099,route_001,0,15
LEXUS_LC_2024,driver_099,route_001,1,15
LEXUS_LC_2024,driver_099,route_001,2,15
LEXUS_LC_2024,driver_099,route_001,3,15
LEXUS_LC_2024,driver_099,route_001,4,15
LEXUS_RC_TSS2,driver_180,route_001,0,15
LEXUS_RC_TSS2,driver_180,route_001,1,15
LEXUS_RC_TSS2,driver_180,route_001,2,15
LEXUS_RC_TSS2,driver_180,route_002,0,15
LEXUS_RC_TSS2,driver_180,route_002,1,15
LEXUS_RC_TSS2,driver_180,route_002,2,15
LEXUS_RC_TSS2,driver_180,route_002,3,15
LEXUS_RC_TSS2,driver_180,route_002,4,15
LEXUS_RX_HYBRID_2017,driver_185,route_001,0,15
LEXUS_RX_HYBRID_2017,driver_185,route_001,1,15
LEXUS_RX_HYBRID_2017,driver_185,route_002,0,15
LEXUS_RX_TSS2,driver_169,route_001,0,15
LEXUS_RX_TSS2,driver_169,route_001,1,15
LEXUS_RX_TSS2,driver_169,route_001,2,15
LEXUS_RX_TSS2,driver_169,route_001,3,15
LEXUS_RX_TSS2,driver_169,route_001,4,15
LEXUS_RX_TSS2,driver_169,route_001,5,10
MAZDA_CX5_2022,driver_101,route_001,0,10
MAZDA_CX5_2022,driver_101,route_001,1,10
MAZDA_CX5_2022,driver_101,route_001,2,10
MAZDA_CX5_2022,driver_101,route_001,3,10
MAZDA_CX5_2022,driver_101,route_001,4,10
MAZDA_CX5_2022,driver_101,route_001,5,10
MAZDA_CX5_2022,driver_101,route_001,6,10
MAZDA_CX5_2022,driver_101,route_001,7,10
MAZDA_CX5_2022,driver_101,route_001,8,10
MAZDA_CX5_2022,driver_101,route_001,9,10
MAZDA_CX5_2022,driver_101,route_001,10,10
MAZDA_CX5_2022,driver_101,route_001,11,10
MAZDA_CX5_2022,driver_101,route_001,12,10
MAZDA_CX5_2022,driver_101,route_001,13,10
MAZDA_CX5_2022,driver_101,route_001,14,10
MAZDA_CX5_2022,driver_101,route_001,15,10
MAZDA_CX5_2022,driver_101,route_001,16,10
MAZDA_CX5_2022,driver_101,route_001,17,10
MAZDA_CX5_2022,driver_101,route_001,18,10
MAZDA_CX5_2022,driver_101,route_001,19,10
MAZDA_CX5_2022,driver_101,route_001,20,10
MAZDA_CX5_2022,driver_101,route_001,21,10
MAZDA_CX5_2022,driver_101,route_001,22,10
MAZDA_CX5_2022,driver_101,route_001,23,10
MAZDA_CX5_2022,driver_101,route_001,24,10
MAZDA_CX5_2022,driver_101,route_001,25,10
MAZDA_CX5_2022,driver_101,route_001,26,10
MAZDA_CX5_2022,driver_101,route_001,27,10
MAZDA_CX5_2022,driver_101,route_001,28,10
MAZDA_CX5_2022,driver_101,route_001,29,10
MAZDA_CX5_2022,driver_101,route_001,30,10
MAZDA_CX5_2022,driver_101,route_001,31,10
MAZDA_CX5_2022,driver_101,route_001,32,10
MAZDA_CX5_2022,driver_101,route_001,33,10
MAZDA_CX5_2022,driver_101,route_001,34,10
MAZDA_CX5_2022,driver_101,route_001,35,10
MAZDA_CX5_2022,driver_101,route_001,36,10
MAZDA_CX5_2022,driver_101,route_001,37,10
MAZDA_CX5_2022,driver_101,route_001,38,10
MAZDA_CX5_2022,driver_101,route_001,39,10
MAZDA_CX5_2022,driver_294,route_001,0,15
MAZDA_CX5_2022,driver_294,route_001,1,15
MAZDA_CX5_2022,driver_294,route_002,0,15
MAZDA_CX5_2022,driver_294,route_003,0,15
MAZDA_CX5_2022,driver_294,route_004,0,15
MAZDA_CX5_2022,driver_294,route_005,0,15
MAZDA_CX5_2022,driver_294,route_005,1,15
MAZDA_CX5_2022,driver_294,route_006,0,15
MAZDA_CX5_2022,driver_294,route_006,1,15
MAZDA_CX5_2022,driver_294,route_006,2,15
MAZDA_CX5_2022,driver_294,route_006,3,15
MAZDA_CX5_2022,driver_294,route_006,4,10
MAZDA_CX5_2022,driver_331,route_001,0,15
MAZDA_CX5_2022,driver_331,route_001,1,15
MAZDA_CX5_2022,driver_331,route_001,2,15
MAZDA_CX5_2022,driver_331,route_001,3,15
MAZDA_CX5_2022,driver_331,route_001,4,15
MAZDA_CX5_2022,driver_331,route_001,5,15
MAZDA_CX5_2022,driver_331,route_001,6,15
MAZDA_CX5_2022,driver_331,route_001,7,15
MAZDA_CX5_2022,driver_331,route_001,8,15
MAZDA_CX5_2022,driver_331,route_001,9,15
MAZDA_CX5_2022,driver_331,route_001,10,15
MAZDA_CX5_2022,driver_331,route_001,11,15
MAZDA_CX5_2022,driver_331,route_001,12,15
MAZDA_CX5_2022,driver_331,route_001,13,15
MAZDA_CX5_2022,driver_331,route_001,14,15
MAZDA_CX5_2022,driver_331,route_001,15,15
MAZDA_CX5_2022,driver_331,route_001,16,15
MAZDA_CX5_2022,driver_331,route_001,17,15
MAZDA_CX5_2022,driver_331,route_001,18,15
MAZDA_CX5_2022,driver_331,route_001,19,10
MAZDA_CX5_2022,driver_331,route_001,20,15
MAZDA_CX5_2022,driver_331,route_001,21,15
MAZDA_CX5_2022,driver_331,route_001,22,15
MAZDA_CX5_2022,driver_331,route_001,23,15
MAZDA_CX5_2022,driver_331,route_001,24,15
MAZDA_CX5_2022,driver_331,route_001,25,15
MAZDA_CX5_2022,driver_331,route_001,26,15
MAZDA_CX5_2022,driver_331,route_001,27,15
MAZDA_CX5_2022,driver_331,route_001,28,15
MAZDA_CX5_2022,driver_331,route_001,29,15
MAZDA_CX5_2022,driver_331,route_001,30,15
MAZDA_CX5_2022,driver_331,route_001,31,15
MAZDA_CX9_2021,driver_355,route_001,0,15
MAZDA_CX9_2021,driver_355,route_001,1,15
MAZDA_CX9_2021,driver_355,route_001,2,15
MAZDA_CX9_2021,driver_355,route_001,3,15
MAZDA_CX9_2021,driver_355,route_001,4,15
MAZDA_CX9_2021,driver_355,route_001,5,15
MAZDA_CX9_2021,driver_355,route_002,0,15
MAZDA_CX9_2021,driver_355,route_002,1,15
MAZDA_CX9_2021,driver_355,route_002,2,15
MAZDA_CX9_2021,driver_355,route_002,3,15
MAZDA_CX9_2021,driver_355,route_003,0,15
MAZDA_CX9_2021,driver_355,route_003,1,15
MAZDA_CX9_2021,driver_355,route_003,2,15
MAZDA_CX9_2021,driver_355,route_003,3,15
MAZDA_CX9_2021,driver_355,route_003,4,15
MAZDA_CX9_2021,driver_355,route_003,5,15
MAZDA_CX9_2021,driver_355,route_003,6,15
MAZDA_CX9_2021,driver_355,route_003,7,15
MAZDA_CX9_2021,driver_355,route_003,8,15
MAZDA_CX9_2021,driver_355,route_003,9,15
MAZDA_CX9_2021,driver_355,route_003,10,15
MAZDA_CX9_2021,driver_355,route_003,11,15
MAZDA_CX9_2021,driver_355,route_004,0,15
MAZDA_CX9_2021,driver_355,route_004,1,15
NISSAN_LEAF,driver_019,route_001,0,15
NISSAN_LEAF,driver_019,route_001,1,15
NISSAN_LEAF,driver_019,route_001,2,15
NISSAN_LEAF,driver_019,route_001,3,15
NISSAN_LEAF,driver_019,route_001,4,15
NISSAN_LEAF,driver_123,route_001,0,15
NISSAN_LEAF,driver_123,route_001,1,15
NISSAN_LEAF,driver_123,route_001,2,15
NISSAN_LEAF,driver_123,route_001,3,15
NISSAN_LEAF,driver_123,route_001,4,15
NISSAN_LEAF,driver_123,route_001,5,15
NISSAN_LEAF,driver_123,route_001,6,15
NISSAN_LEAF,driver_123,route_002,0,15
NISSAN_LEAF,driver_123,route_002,1,15
NISSAN_LEAF,driver_123,route_003,0,15
NISSAN_LEAF,driver_123,route_003,1,15
NISSAN_LEAF,driver_123,route_003,2,15
NISSAN_LEAF,driver_123,route_003,3,15
NISSAN_LEAF,driver_123,route_003,4,15
NISSAN_LEAF,driver_123,route_003,5,15
NISSAN_LEAF,driver_123,route_003,6,15
NISSAN_LEAF,driver_123,route_003,7,15
NISSAN_LEAF,driver_123,route_003,8,15
NISSAN_LEAF,driver_123,route_003,9,15
NISSAN_LEAF,driver_123,route_003,10,10
NISSAN_LEAF,driver_123,route_004,0,15
NISSAN_LEAF,driver_123,route_004,1,15
NISSAN_LEAF,driver_123,route_004,2,15
NISSAN_LEAF,driver_123,route_005,0,15
NISSAN_LEAF,driver_123,route_005,1,15
NISSAN_LEAF,driver_123,route_006,0,15
NISSAN_LEAF,driver_123,route_006,1,15
NISSAN_LEAF,driver_123,route_006,2,15
NISSAN_LEAF,driver_123,route_006,3,15
NISSAN_LEAF,driver_123,route_007,0,15
NISSAN_LEAF,driver_123,route_007,1,15
NISSAN_LEAF,driver_123,route_007,2,15
NISSAN_LEAF,driver_123,route_007,3,15
NISSAN_LEAF,driver_123,route_007,4,15
NISSAN_LEAF,driver_123,route_007,5,15
NISSAN_LEAF,driver_123,route_007,6,15
NISSAN_LEAF,driver_123,route_007,7,15
NISSAN_LEAF,driver_123,route_007,8,15
NISSAN_ROGUE,driver_043,route_001,0,15
NISSAN_ROGUE,driver_043,route_001,1,15
NISSAN_ROGUE,driver_043,route_001,2,15
NISSAN_ROGUE,driver_043,route_001,3,15
NISSAN_ROGUE,driver_043,route_001,4,15
NISSAN_ROGUE,driver_043,route_001,5,15
NISSAN_ROGUE,driver_043,route_001,6,15
NISSAN_ROGUE,driver_043,route_002,0,15
NISSAN_ROGUE,driver_043,route_002,1,15
NISSAN_ROGUE,driver_043,route_002,2,15
NISSAN_ROGUE,driver_043,route_002,3,15
NISSAN_ROGUE,driver_043,route_002,4,15
NISSAN_ROGUE,driver_043,route_002,5,15
NISSAN_ROGUE,driver_043,route_002,6,15
NISSAN_ROGUE,driver_043,route_002,7,15
NISSAN_ROGUE,driver_043,route_002,8,15
NISSAN_ROGUE,driver_043,route_002,9,15
NISSAN_ROGUE,driver_043,route_002,10,15
NISSAN_ROGUE,driver_043,route_002,11,15
NISSAN_ROGUE,driver_043,route_002,12,15
NISSAN_ROGUE,driver_043,route_002,13,15
NISSAN_ROGUE,driver_043,route_002,14,15
NISSAN_ROGUE,driver_043,route_002,15,15
NISSAN_ROGUE,driver_043,route_002,16,15
NISSAN_ROGUE,driver_043,route_002,17,10
NISSAN_ROGUE,driver_202,route_001,0,15
NISSAN_ROGUE,driver_202,route_001,1,15
NISSAN_ROGUE,driver_202,route_001,2,15
NISSAN_ROGUE,driver_202,route_001,3,15
NISSAN_ROGUE,driver_202,route_001,4,15
NISSAN_ROGUE,driver_202,route_001,5,15
NISSAN_ROGUE,driver_202,route_001,6,15
PORSCHE_MACAN_MK1,driver_280,route_001,0,15
PORSCHE_MACAN_MK1,driver_280,route_001,1,15
PORSCHE_MACAN_MK1,driver_280,route_001,2,15
PORSCHE_MACAN_MK1,driver_280,route_002,0,15
PORSCHE_MACAN_MK1,driver_280,route_002,1,15
PORSCHE_MACAN_MK1,driver_280,route_002,2,15
PORSCHE_MACAN_MK1,driver_280,route_002,3,15
PORSCHE_MACAN_MK1,driver_280,route_002,4,15
PORSCHE_MACAN_MK1,driver_280,route_002,5,15
PORSCHE_MACAN_MK1,driver_280,route_002,6,15
PORSCHE_MACAN_MK1,driver_280,route_002,7,15
PORSCHE_MACAN_MK1,driver_280,route_002,8,15
PORSCHE_MACAN_MK1,driver_280,route_003,0,15
PORSCHE_MACAN_MK1,driver_280,route_003,1,15
PORSCHE_MACAN_MK1,driver_280,route_003,2,15
PORSCHE_MACAN_MK1,driver_280,route_003,3,15
PORSCHE_MACAN_MK1,driver_280,route_003,4,15
PORSCHE_MACAN_MK1,driver_280,route_004,0,15
PORSCHE_MACAN_MK1,driver_280,route_004,1,15
PORSCHE_MACAN_MK1,driver_280,route_004,2,15
PORSCHE_MACAN_MK1,driver_280,route_004,3,15
PORSCHE_MACAN_MK1,driver_280,route_004,4,15
PORSCHE_MACAN_MK1,driver_280,route_004,5,15
PORSCHE_MACAN_MK1,driver_280,route_005,0,15
PORSCHE_MACAN_MK1,driver_280,route_005,1,15
PORSCHE_MACAN_MK1,driver_280,route_005,2,15
PORSCHE_MACAN_MK1,driver_280,route_005,3,15
PORSCHE_MACAN_MK1,driver_280,route_006,0,15
PORSCHE_MACAN_MK1,driver_280,route_006,1,15
PORSCHE_MACAN_MK1,driver_280,route_006,2,15
PORSCHE_MACAN_MK1,driver_280,route_006,3,15
PORSCHE_MACAN_MK1,driver_280,route_006,4,15
PORSCHE_MACAN_MK1,driver_280,route_007,0,15
PORSCHE_MACAN_MK1,driver_280,route_008,0,15
PORSCHE_MACAN_MK1,driver_280,route_008,1,15
PORSCHE_MACAN_MK1,driver_280,route_008,2,15
PORSCHE_MACAN_MK1,driver_280,route_008,3,15
PORSCHE_MACAN_MK1,driver_280,route_008,4,15
PORSCHE_MACAN_MK1,driver_280,route_009,0,15
PORSCHE_MACAN_MK1,driver_280,route_009,1,15
PORSCHE_MACAN_MK1,driver_280,route_009,2,15
PORSCHE_MACAN_MK1,driver_280,route_010,0,15
PORSCHE_MACAN_MK1,driver_280,route_011,0,15
PORSCHE_MACAN_MK1,driver_280,route_011,1,15
PORSCHE_MACAN_MK1,driver_280,route_011,2,15
PORSCHE_MACAN_MK1,driver_280,route_011,3,15
PORSCHE_MACAN_MK1,driver_297,route_001,0,15
PORSCHE_MACAN_MK1,driver_297,route_001,1,15
PORSCHE_MACAN_MK1,driver_297,route_002,0,15
PORSCHE_MACAN_MK1,driver_297,route_002,1,15
PORSCHE_MACAN_MK1,driver_297,route_002,2,15
PORSCHE_MACAN_MK1,driver_297,route_003,0,15
PORSCHE_MACAN_MK1,driver_297,route_003,1,15
PORSCHE_MACAN_MK1,driver_297,route_004,0,15
PORSCHE_MACAN_MK1,driver_297,route_004,1,15
PORSCHE_MACAN_MK1,driver_297,route_004,2,15
PORSCHE_MACAN_MK1,driver_297,route_004,3,15
PORSCHE_MACAN_MK1,driver_297,route_004,4,15
PORSCHE_MACAN_MK1,driver_297,route_004,5,15
PORSCHE_MACAN_MK1,driver_297,route_005,0,15
PORSCHE_MACAN_MK1,driver_297,route_005,1,15
PORSCHE_MACAN_MK1,driver_297,route_005,2,15
PORSCHE_MACAN_MK1,driver_297,route_005,3,15
PORSCHE_MACAN_MK1,driver_297,route_005,4,15
PORSCHE_MACAN_MK1,driver_297,route_006,0,15
PORSCHE_MACAN_MK1,driver_297,route_006,1,15
PORSCHE_MACAN_MK1,driver_297,route_006,2,15
PORSCHE_MACAN_MK1,driver_297,route_006,3,15
PORSCHE_MACAN_MK1,driver_297,route_006,4,15
PORSCHE_MACAN_MK1,driver_297,route_006,5,15
PORSCHE_MACAN_MK1,driver_297,route_006,6,15
PORSCHE_MACAN_MK1,driver_297,route_006,7,15
PORSCHE_MACAN_MK1,driver_297,route_006,8,15
PORSCHE_MACAN_MK1,driver_297,route_006,9,15
PORSCHE_MACAN_MK1,driver_297,route_006,10,15
PORSCHE_MACAN_MK1,driver_297,route_006,11,15
RAM_1500_5TH_GEN,driver_027,route_001,0,10
RAM_1500_5TH_GEN,driver_027,route_001,1,10
RAM_1500_5TH_GEN,driver_027,route_001,2,10
RAM_1500_5TH_GEN,driver_027,route_001,3,10
RAM_1500_5TH_GEN,driver_027,route_001,4,10
RAM_1500_5TH_GEN,driver_027,route_001,5,10
RAM_1500_5TH_GEN,driver_027,route_001,6,10
RAM_1500_5TH_GEN,driver_027,route_001,7,10
RAM_1500_5TH_GEN,driver_027,route_001,8,10
RAM_1500_5TH_GEN,driver_027,route_001,9,10
RAM_1500_5TH_GEN,driver_027,route_001,10,10
RAM_1500_5TH_GEN,driver_027,route_001,11,10
RAM_1500_5TH_GEN,driver_027,route_001,12,10
RAM_1500_5TH_GEN,driver_027,route_001,13,10
RAM_1500_5TH_GEN,driver_027,route_001,14,10
RAM_1500_5TH_GEN,driver_027,route_002,0,15
RAM_1500_5TH_GEN,driver_027,route_002,1,15
RAM_1500_5TH_GEN,driver_027,route_002,2,15
RAM_1500_5TH_GEN,driver_027,route_002,3,15
RAM_1500_5TH_GEN,driver_027,route_002,4,15
RAM_1500_5TH_GEN,driver_027,route_002,5,15
RAM_1500_5TH_GEN,driver_027,route_002,6,15
RAM_1500_5TH_GEN,driver_027,route_002,7,15
RAM_1500_5TH_GEN,driver_027,route_002,8,15
RAM_1500_5TH_GEN,driver_027,route_002,9,15
RAM_1500_5TH_GEN,driver_027,route_002,10,10
RAM_1500_5TH_GEN,driver_027,route_003,0,15
RAM_1500_5TH_GEN,driver_027,route_003,1,15
RAM_1500_5TH_GEN,driver_027,route_003,2,15
RAM_1500_5TH_GEN,driver_027,route_003,3,15
RAM_1500_5TH_GEN,driver_027,route_004,0,15
RAM_1500_5TH_GEN,driver_027,route_004,1,15
RAM_1500_5TH_GEN,driver_027,route_004,2,15
RAM_1500_5TH_GEN,driver_027,route_004,3,15
RAM_1500_5TH_GEN,driver_027,route_004,4,15
RAM_1500_5TH_GEN,driver_027,route_004,5,15
RAM_1500_5TH_GEN,driver_027,route_004,6,15
RAM_1500_5TH_GEN,driver_027,route_004,7,15
RAM_1500_5TH_GEN,driver_027,route_004,8,15
RAM_1500_5TH_GEN,driver_027,route_004,9,15
RAM_1500_5TH_GEN,driver_027,route_004,10,15
RAM_1500_5TH_GEN,driver_027,route_004,11,15
RAM_1500_5TH_GEN,driver_027,route_004,12,15
RAM_1500_5TH_GEN,driver_172,route_001,0,15
RAM_1500_5TH_GEN,driver_172,route_001,1,15
RAM_1500_5TH_GEN,driver_261,route_001,0,15
RAM_1500_5TH_GEN,driver_261,route_001,1,15
RAM_1500_5TH_GEN,driver_261,route_001,2,15
RAM_1500_5TH_GEN,driver_261,route_001,3,15
RAM_1500_5TH_GEN,driver_261,route_001,4,15
RAM_1500_5TH_GEN,driver_261,route_001,5,15
RAM_1500_5TH_GEN,driver_281,route_001,0,15
RAM_1500_5TH_GEN,driver_281,route_002,0,15
RAM_1500_5TH_GEN,driver_281,route_002,1,15
RAM_1500_5TH_GEN,driver_281,route_002,2,15
RAM_1500_5TH_GEN,driver_281,route_002,3,15
RAM_1500_5TH_GEN,driver_281,route_002,4,15
RAM_1500_5TH_GEN,driver_281,route_002,5,15
RAM_1500_5TH_GEN,driver_281,route_002,6,15
RAM_1500_5TH_GEN,driver_281,route_002,7,15
RAM_HD_5TH_GEN,driver_077,route_001,0,15
RAM_HD_5TH_GEN,driver_077,route_001,1,15
RAM_HD_5TH_GEN,driver_077,route_001,2,15
RAM_HD_5TH_GEN,driver_077,route_001,3,15
RAM_HD_5TH_GEN,driver_077,route_001,4,15
RAM_HD_5TH_GEN,driver_077,route_001,5,15
RAM_HD_5TH_GEN,driver_077,route_001,6,15
RAM_HD_5TH_GEN,driver_077,route_001,7,15
RAM_HD_5TH_GEN,driver_077,route_001,8,15
RAM_HD_5TH_GEN,driver_077,route_001,9,15
RAM_HD_5TH_GEN,driver_077,route_001,10,15
RAM_HD_5TH_GEN,driver_077,route_001,11,15
RAM_HD_5TH_GEN,driver_077,route_001,12,15
RAM_HD_5TH_GEN,driver_077,route_001,13,15
RAM_HD_5TH_GEN,driver_077,route_001,14,15
RAM_HD_5TH_GEN,driver_077,route_001,15,15
RAM_HD_5TH_GEN,driver_077,route_001,16,15
RAM_HD_5TH_GEN,driver_077,route_001,17,15
RAM_HD_5TH_GEN,driver_077,route_001,18,15
RAM_HD_5TH_GEN,driver_077,route_001,19,15
RAM_HD_5TH_GEN,driver_077,route_001,20,15
RAM_HD_5TH_GEN,driver_077,route_001,21,15
RAM_HD_5TH_GEN,driver_077,route_001,22,15
RAM_HD_5TH_GEN,driver_077,route_001,23,15
RAM_HD_5TH_GEN,driver_077,route_001,24,15
RAM_HD_5TH_GEN,driver_077,route_001,25,15
RAM_HD_5TH_GEN,driver_077,route_001,26,15
RAM_HD_5TH_GEN,driver_077,route_001,27,15
RAM_HD_5TH_GEN,driver_077,route_001,28,15
RAM_HD_5TH_GEN,driver_077,route_001,29,15
RAM_HD_5TH_GEN,driver_077,route_001,30,15
RAM_HD_5TH_GEN,driver_077,route_001,31,15
RAM_HD_5TH_GEN,driver_077,route_001,32,15
RAM_HD_5TH_GEN,driver_077,route_001,33,15
RAM_HD_5TH_GEN,driver_077,route_001,34,15
RAM_HD_5TH_GEN,driver_077,route_001,35,15
RAM_HD_5TH_GEN,driver_077,route_001,36,15
RAM_HD_5TH_GEN,driver_077,route_001,37,15
RAM_HD_5TH_GEN,driver_077,route_001,38,15
RAM_HD_5TH_GEN,driver_077,route_001,39,15
RAM_HD_5TH_GEN,driver_077,route_001,40,15
RAM_HD_5TH_GEN,driver_077,route_001,41,15
RAM_HD_5TH_GEN,driver_077,route_001,42,15
RAM_HD_5TH_GEN,driver_077,route_001,43,15
RAM_HD_5TH_GEN,driver_077,route_001,44,15
RAM_HD_5TH_GEN,driver_077,route_001,45,15
RAM_HD_5TH_GEN,driver_077,route_001,46,15
RAM_HD_5TH_GEN,driver_077,route_001,47,15
RAM_HD_5TH_GEN,driver_077,route_001,48,15
RAM_HD_5TH_GEN,driver_077,route_001,49,15
RAM_HD_5TH_GEN,driver_077,route_001,50,15
RAM_HD_5TH_GEN,driver_077,route_001,51,15
RAM_HD_5TH_GEN,driver_077,route_001,52,15
RAM_HD_5TH_GEN,driver_077,route_001,53,15
RAM_HD_5TH_GEN,driver_077,route_001,54,15
RAM_HD_5TH_GEN,driver_077,route_001,55,15
RAM_HD_5TH_GEN,driver_077,route_001,56,15
RAM_HD_5TH_GEN,driver_077,route_001,57,15
RAM_HD_5TH_GEN,driver_077,route_001,58,15
RAM_HD_5TH_GEN,driver_077,route_001,59,15
RAM_HD_5TH_GEN,driver_077,route_001,60,15
RAM_HD_5TH_GEN,driver_077,route_001,61,15
RAM_HD_5TH_GEN,driver_077,route_001,62,15
RAM_HD_5TH_GEN,driver_077,route_001,63,15
RAM_HD_5TH_GEN,driver_077,route_001,64,15
RAM_HD_5TH_GEN,driver_077,route_001,65,15
RAM_HD_5TH_GEN,driver_077,route_001,66,15
RAM_HD_5TH_GEN,driver_077,route_001,67,15
RAM_HD_5TH_GEN,driver_077,route_001,68,15
RAM_HD_5TH_GEN,driver_077,route_001,69,15
RAM_HD_5TH_GEN,driver_077,route_001,70,15
RAM_HD_5TH_GEN,driver_077,route_001,71,15
RAM_HD_5TH_GEN,driver_077,route_001,72,15
RAM_HD_5TH_GEN,driver_077,route_001,73,15
RAM_HD_5TH_GEN,driver_077,route_001,74,15
RAM_HD_5TH_GEN,driver_077,route_001,75,15
RAM_HD_5TH_GEN,driver_077,route_001,76,15
RAM_HD_5TH_GEN,driver_077,route_001,77,15
RAM_HD_5TH_GEN,driver_077,route_001,78,15
RAM_HD_5TH_GEN,driver_077,route_001,79,10
RAM_HD_5TH_GEN,driver_077,route_001,80,10
RAM_HD_5TH_GEN,driver_077,route_001,81,10
RAM_HD_5TH_GEN,driver_077,route_001,82,10
RAM_HD_5TH_GEN,driver_077,route_001,83,10
RAM_HD_5TH_GEN,driver_077,route_001,84,10
RAM_HD_5TH_GEN,driver_077,route_001,85,10
RAM_HD_5TH_GEN,driver_077,route_001,86,10
RAM_HD_5TH_GEN,driver_077,route_001,87,10
RAM_HD_5TH_GEN,driver_077,route_001,88,10
RAM_HD_5TH_GEN,driver_077,route_001,89,10
RAM_HD_5TH_GEN,driver_077,route_001,90,10
RAM_HD_5TH_GEN,driver_077,route_001,91,10
RAM_HD_5TH_GEN,driver_077,route_001,92,10
RAM_HD_5TH_GEN,driver_077,route_001,93,10
RAM_HD_5TH_GEN,driver_077,route_001,94,10
RAM_HD_5TH_GEN,driver_077,route_001,95,10
RAM_HD_5TH_GEN,driver_077,route_001,96,10
RAM_HD_5TH_GEN,driver_077,route_001,97,10
RAM_HD_5TH_GEN,driver_077,route_001,98,10
RAM_HD_5TH_GEN,driver_077,route_001,99,10
RAM_HD_5TH_GEN,driver_077,route_001,100,10
RAM_HD_5TH_GEN,driver_077,route_001,101,10
RAM_HD_5TH_GEN,driver_077,route_001,102,10
RAM_HD_5TH_GEN,driver_077,route_001,103,10
RAM_HD_5TH_GEN,driver_077,route_002,0,15
RAM_HD_5TH_GEN,driver_077,route_002,1,15
RAM_HD_5TH_GEN,driver_077,route_002,2,15
RAM_HD_5TH_GEN,driver_077,route_002,3,15
RAM_HD_5TH_GEN,driver_077,route_002,4,15
RAM_HD_5TH_GEN,driver_077,route_002,5,15
RAM_HD_5TH_GEN,driver_077,route_002,6,15
RAM_HD_5TH_GEN,driver_077,route_002,7,15
RAM_HD_5TH_GEN,driver_077,route_002,8,15
RAM_HD_5TH_GEN,driver_077,route_002,9,15
RAM_HD_5TH_GEN,driver_077,route_002,10,15
RAM_HD_5TH_GEN,driver_077,route_002,11,15
RAM_HD_5TH_GEN,driver_077,route_002,12,15
RAM_HD_5TH_GEN,driver_077,route_002,13,15
RAM_HD_5TH_GEN,driver_077,route_002,14,15
RAM_HD_5TH_GEN,driver_077,route_002,15,15
RAM_HD_5TH_GEN,driver_077,route_002,16,15
RAM_HD_5TH_GEN,driver_077,route_002,17,15
RAM_HD_5TH_GEN,driver_077,route_002,18,15
RAM_HD_5TH_GEN,driver_077,route_002,19,15
RAM_HD_5TH_GEN,driver_077,route_002,20,15
RAM_HD_5TH_GEN,driver_077,route_002,21,15
RAM_HD_5TH_GEN,driver_077,route_002,22,15
RAM_HD_5TH_GEN,driver_077,route_002,23,15
RAM_HD_5TH_GEN,driver_077,route_002,24,15
RAM_HD_5TH_GEN,driver_077,route_002,25,15
RAM_HD_5TH_GEN,driver_077,route_002,26,15
RAM_HD_5TH_GEN,driver_077,route_002,27,15
RAM_HD_5TH_GEN,driver_077,route_002,28,15
RAM_HD_5TH_GEN,driver_077,route_002,29,15
RAM_HD_5TH_GEN,driver_077,route_002,30,15
RAM_HD_5TH_GEN,driver_077,route_002,31,10
RAM_HD_5TH_GEN,driver_077,route_002,32,10
RAM_HD_5TH_GEN,driver_077,route_002,33,10
RAM_HD_5TH_GEN,driver_077,route_002,34,10
RAM_HD_5TH_GEN,driver_077,route_002,35,10
RAM_HD_5TH_GEN,driver_077,route_002,36,10
RAM_HD_5TH_GEN,driver_077,route_002,37,10
RAM_HD_5TH_GEN,driver_077,route_002,38,10
RAM_HD_5TH_GEN,driver_077,route_002,39,10
RAM_HD_5TH_GEN,driver_077,route_002,40,10
RAM_HD_5TH_GEN,driver_238,route_001,0,15
RAM_HD_5TH_GEN,driver_238,route_001,1,15
RAM_HD_5TH_GEN,driver_238,route_001,2,15
RAM_HD_5TH_GEN,driver_238,route_001,3,15
RAM_HD_5TH_GEN,driver_238,route_002,0,15
RAM_HD_5TH_GEN,driver_238,route_002,1,15
RAM_HD_5TH_GEN,driver_238,route_002,2,15
RAM_HD_5TH_GEN,driver_238,route_002,3,15
RAM_HD_5TH_GEN,driver_238,route_002,4,15
RAM_HD_5TH_GEN,driver_238,route_003,0,15
RAM_HD_5TH_GEN,driver_238,route_003,1,15
RAM_HD_5TH_GEN,driver_238,route_004,0,15
RAM_HD_5TH_GEN,driver_238,route_004,1,15
RAM_HD_5TH_GEN,driver_238,route_004,2,15
RAM_HD_5TH_GEN,driver_238,route_004,3,15
RAM_HD_5TH_GEN,driver_238,route_004,4,15
RAM_HD_5TH_GEN,driver_238,route_004,5,15
RAM_HD_5TH_GEN,driver_238,route_004,6,10
RAM_HD_5TH_GEN,driver_238,route_005,0,15
RAM_HD_5TH_GEN,driver_238,route_005,1,15
RAM_HD_5TH_GEN,driver_238,route_005,2,15
RAM_HD_5TH_GEN,driver_238,route_005,3,15
RAM_HD_5TH_GEN,driver_238,route_005,4,15
RAM_HD_5TH_GEN,driver_238,route_005,5,15
RAM_HD_5TH_GEN,driver_238,route_005,6,15
RAM_HD_5TH_GEN,driver_238,route_005,7,15
RAM_HD_5TH_GEN,driver_238,route_005,8,15
RAM_HD_5TH_GEN,driver_238,route_005,9,15
RAM_HD_5TH_GEN,driver_238,route_005,10,15
RAM_HD_5TH_GEN,driver_238,route_005,11,15
RAM_HD_5TH_GEN,driver_238,route_005,12,15
RAM_HD_5TH_GEN,driver_238,route_005,13,15
RAM_HD_5TH_GEN,driver_238,route_005,14,15
RAM_HD_5TH_GEN,driver_238,route_006,0,15
RAM_HD_5TH_GEN,driver_238,route_006,1,15
RAM_HD_5TH_GEN,driver_238,route_006,2,15
RAM_HD_5TH_GEN,driver_238,route_006,3,15
RAM_HD_5TH_GEN,driver_238,route_006,4,15
RAM_HD_5TH_GEN,driver_238,route_006,5,15
RAM_HD_5TH_GEN,driver_238,route_007,0,15
RAM_HD_5TH_GEN,driver_238,route_007,1,15
RAM_HD_5TH_GEN,driver_238,route_007,2,15
RAM_HD_5TH_GEN,driver_238,route_007,3,15
RAM_HD_5TH_GEN,driver_238,route_007,4,15
RAM_HD_5TH_GEN,driver_238,route_007,5,15
RAM_HD_5TH_GEN,driver_238,route_007,6,15
RAM_HD_5TH_GEN,driver_238,route_007,7,15
RAM_HD_5TH_GEN,driver_238,route_007,8,15
RAM_HD_5TH_GEN,driver_238,route_007,9,15
RAM_HD_5TH_GEN,driver_238,route_007,10,15
RAM_HD_5TH_GEN,driver_238,route_007,11,15
RAM_HD_5TH_GEN,driver_238,route_007,12,15
RAM_HD_5TH_GEN,driver_238,route_008,0,15
RAM_HD_5TH_GEN,driver_238,route_008,1,15
RAM_HD_5TH_GEN,driver_238,route_008,2,15
RAM_HD_5TH_GEN,driver_238,route_009,0,15
RAM_HD_5TH_GEN,driver_238,route_010,0,15
RAM_HD_5TH_GEN,driver_238,route_010,1,15
RAM_HD_5TH_GEN,driver_238,route_010,2,15
RAM_HD_5TH_GEN,driver_238,route_010,3,15
RAM_HD_5TH_GEN,driver_238,route_010,4,15
RAM_HD_5TH_GEN,driver_238,route_010,5,15
RAM_HD_5TH_GEN,driver_238,route_010,6,15
RAM_HD_5TH_GEN,driver_238,route_010,7,15
RAM_HD_5TH_GEN,driver_238,route_010,8,15
RAM_HD_5TH_GEN,driver_238,route_010,9,15
RAM_HD_5TH_GEN,driver_238,route_010,10,15
RAM_HD_5TH_GEN,driver_238,route_010,11,15
RAM_HD_5TH_GEN,driver_238,route_010,12,15
RAM_HD_5TH_GEN,driver_238,route_010,13,15
RAM_HD_5TH_GEN,driver_238,route_011,0,15
RAM_HD_5TH_GEN,driver_238,route_011,1,15
RAM_HD_5TH_GEN,driver_238,route_011,2,15
RAM_HD_5TH_GEN,driver_238,route_011,3,15
RAM_HD_5TH_GEN,driver_238,route_011,4,15
RAM_HD_5TH_GEN,driver_238,route_011,5,15
RIVIAN_R1,driver_270,route_005,0,15
RIVIAN_R1S_GEN1,driver_095,route_044,0,15
RIVIAN_R1S_GEN1,driver_095,route_044,1,15
RIVIAN_R1S_GEN1,driver_095,route_044,2,15
RIVIAN_R1S_GEN1,driver_095,route_044,3,15
RIVIAN_R1S_GEN1,driver_095,route_045,0,15
RIVIAN_R1S_GEN1,driver_095,route_045,1,15
RIVIAN_R1S_GEN1,driver_095,route_045,2,15
RIVIAN_R1S_GEN1,driver_095,route_048,0,15
RIVIAN_R1S_GEN1,driver_095,route_048,1,15
RIVIAN_R1S_GEN1,driver_095,route_048,2,15
RIVIAN_R1S_GEN1,driver_095,route_048,3,15
RIVIAN_R1S_GEN1,driver_095,route_048,4,15
RIVIAN_R1S_GEN1,driver_095,route_048,5,15
RIVIAN_R1S_GEN1,driver_095,route_048,6,15
RIVIAN_R1S_GEN1,driver_095,route_049,0,15
RIVIAN_R1S_GEN1,driver_095,route_049,1,15
RIVIAN_R1S_GEN1,driver_095,route_049,2,15
RIVIAN_R1S_GEN1,driver_095,route_049,3,15
RIVIAN_R1S_GEN1,driver_095,route_049,4,15
RIVIAN_R1S_GEN1,driver_095,route_049,5,15
RIVIAN_R1S_GEN1,driver_095,route_049,6,15
RIVIAN_R1S_GEN1,driver_095,route_049,7,15
RIVIAN_R1S_GEN1,driver_095,route_050,0,15
RIVIAN_R1S_GEN1,driver_095,route_050,1,15
RIVIAN_R1S_GEN1,driver_095,route_050,2,15
RIVIAN_R1S_GEN1,driver_095,route_050,3,15
RIVIAN_R1_GEN1,driver_011,route_001,0,10
RIVIAN_R1_GEN1,driver_011,route_001,1,10
RIVIAN_R1_GEN1,driver_011,route_001,2,10
RIVIAN_R1_GEN1,driver_011,route_001,3,10
RIVIAN_R1_GEN1,driver_011,route_001,4,10
RIVIAN_R1_GEN1,driver_011,route_001,5,10
RIVIAN_R1_GEN1,driver_011,route_001,6,10
RIVIAN_R1_GEN1,driver_011,route_001,7,10
RIVIAN_R1_GEN1,driver_011,route_001,8,10
RIVIAN_R1_GEN1,driver_011,route_001,9,10
RIVIAN_R1_GEN1,driver_011,route_001,10,10
RIVIAN_R1_GEN1,driver_011,route_001,11,10
RIVIAN_R1_GEN1,driver_011,route_001,12,10
RIVIAN_R1_GEN1,driver_011,route_001,13,10
RIVIAN_R1_GEN1,driver_011,route_002,0,10
RIVIAN_R1_GEN1,driver_011,route_002,1,10
RIVIAN_R1_GEN1,driver_011,route_002,2,10
RIVIAN_R1_GEN1,driver_011,route_002,3,10
RIVIAN_R1_GEN1,driver_011,route_002,4,10
RIVIAN_R1_GEN1,driver_011,route_002,5,10
RIVIAN_R1_GEN1,driver_011,route_002,6,10
RIVIAN_R1_GEN1,driver_011,route_003,0,10
RIVIAN_R1_GEN1,driver_011,route_003,1,10
RIVIAN_R1_GEN1,driver_011,route_003,2,10
RIVIAN_R1_GEN1,driver_011,route_003,3,10
RIVIAN_R1_GEN1,driver_011,route_003,4,10
RIVIAN_R1_GEN1,driver_011,route_003,5,10
RIVIAN_R1_GEN1,driver_011,route_003,6,10
RIVIAN_R1_GEN1,driver_011,route_003,7,10
RIVIAN_R1_GEN1,driver_011,route_003,8,10
RIVIAN_R1_GEN1,driver_011,route_003,9,10
RIVIAN_R1_GEN1,driver_011,route_004,0,10
RIVIAN_R1_GEN1,driver_011,route_004,1,10
RIVIAN_R1_GEN1,driver_011,route_004,2,10
RIVIAN_R1_GEN1,driver_011,route_004,3,10
RIVIAN_R1_GEN1,driver_011,route_004,4,10
RIVIAN_R1_GEN1,driver_011,route_004,5,10
RIVIAN_R1_GEN1,driver_011,route_004,6,10
RIVIAN_R1_GEN1,driver_011,route_004,7,10
RIVIAN_R1_GEN1,driver_011,route_004,8,10
RIVIAN_R1_GEN1,driver_011,route_004,9,10
RIVIAN_R1_GEN1,driver_011,route_004,10,10
RIVIAN_R1_GEN1,driver_011,route_004,11,10
RIVIAN_R1_GEN1,driver_011,route_004,12,10
RIVIAN_R1_GEN1,driver_011,route_004,13,10
RIVIAN_R1_GEN1,driver_011,route_004,14,10
RIVIAN_R1_GEN1,driver_011,route_004,15,10
RIVIAN_R1_GEN1,driver_048,route_001,0,15
RIVIAN_R1_GEN1,driver_048,route_001,1,15
RIVIAN_R1_GEN1,driver_048,route_001,2,15
RIVIAN_R1_GEN1,driver_048,route_001,3,15
RIVIAN_R1_GEN1,driver_048,route_001,4,15
RIVIAN_R1_GEN1,driver_048,route_001,5,15
RIVIAN_R1_GEN1,driver_048,route_001,6,15
RIVIAN_R1_GEN1,driver_048,route_001,7,15
RIVIAN_R1_GEN1,driver_048,route_001,8,15
RIVIAN_R1_GEN1,driver_048,route_001,9,15
RIVIAN_R1_GEN1,driver_048,route_001,10,15
RIVIAN_R1_GEN1,driver_048,route_001,11,15
RIVIAN_R1_GEN1,driver_048,route_001,12,15
RIVIAN_R1_GEN1,driver_048,route_001,13,15
RIVIAN_R1_GEN1,driver_048,route_001,14,15
RIVIAN_R1_GEN1,driver_048,route_001,15,15
RIVIAN_R1_GEN1,driver_048,route_001,16,15
RIVIAN_R1_GEN1,driver_048,route_001,17,15
RIVIAN_R1_GEN1,driver_048,route_001,18,15
RIVIAN_R1_GEN1,driver_048,route_001,19,15
RIVIAN_R1_GEN1,driver_048,route_001,20,15
RIVIAN_R1_GEN1,driver_048,route_001,21,15
RIVIAN_R1_GEN1,driver_048,route_001,22,15
RIVIAN_R1_GEN1,driver_048,route_001,23,15
RIVIAN_R1_GEN1,driver_048,route_001,24,15
RIVIAN_R1_GEN1,driver_048,route_001,25,15
RIVIAN_R1_GEN1,driver_048,route_001,26,15
RIVIAN_R1_GEN1,driver_048,route_001,27,15
RIVIAN_R1_GEN1,driver_048,route_001,28,15
RIVIAN_R1_GEN1,driver_048,route_001,29,15
RIVIAN_R1_GEN1,driver_048,route_001,30,15
RIVIAN_R1_GEN1,driver_048,route_001,31,15
RIVIAN_R1_GEN1,driver_048,route_001,32,15
RIVIAN_R1_GEN1,driver_048,route_001,33,15
RIVIAN_R1_GEN1,driver_048,route_001,34,15
RIVIAN_R1_GEN1,driver_048,route_001,35,15
RIVIAN_R1_GEN1,driver_048,route_001,36,10
RIVIAN_R1_GEN1,driver_048,route_001,37,10
RIVIAN_R1_GEN1,driver_048,route_002,0,15
RIVIAN_R1_GEN1,driver_048,route_002,1,15
RIVIAN_R1_GEN1,driver_048,route_002,2,15
RIVIAN_R1_GEN1,driver_048,route_002,3,15
RIVIAN_R1_GEN1,driver_048,route_003,0,15
RIVIAN_R1_GEN1,driver_048,route_003,1,15
RIVIAN_R1_GEN1,driver_048,route_003,2,15
RIVIAN_R1_GEN1,driver_048,route_003,3,15
RIVIAN_R1_GEN1,driver_048,route_003,4,15
RIVIAN_R1_GEN1,driver_048,route_003,5,15
RIVIAN_R1_GEN1,driver_048,route_003,6,15
RIVIAN_R1_GEN1,driver_048,route_003,7,15
RIVIAN_R1_GEN1,driver_048,route_003,8,15
RIVIAN_R1_GEN1,driver_048,route_003,9,15
RIVIAN_R1_GEN1,driver_048,route_003,10,15
RIVIAN_R1_GEN1,driver_048,route_003,11,15
RIVIAN_R1_GEN1,driver_048,route_003,12,15
RIVIAN_R1_GEN1,driver_048,route_003,13,15
RIVIAN_R1_GEN1,driver_048,route_003,14,15
RIVIAN_R1_GEN1,driver_048,route_003,15,15
RIVIAN_R1_GEN1,driver_048,route_003,16,15
RIVIAN_R1_GEN1,driver_048,route_003,17,15
RIVIAN_R1_GEN1,driver_048,route_003,18,15
RIVIAN_R1_GEN1,driver_048,route_003,19,15
RIVIAN_R1_GEN1,driver_048,route_003,20,15
RIVIAN_R1_GEN1,driver_048,route_003,21,15
RIVIAN_R1_GEN1,driver_048,route_003,22,15
RIVIAN_R1_GEN1,driver_048,route_003,23,15
RIVIAN_R1_GEN1,driver_048,route_003,24,15
RIVIAN_R1_GEN1,driver_048,route_003,25,15
RIVIAN_R1_GEN1,driver_048,route_003,26,15
RIVIAN_R1_GEN1,driver_048,route_003,27,15
RIVIAN_R1_GEN1,driver_048,route_003,28,15
RIVIAN_R1_GEN1,driver_048,route_003,29,15
RIVIAN_R1_GEN1,driver_048,route_003,30,15
RIVIAN_R1_GEN1,driver_048,route_003,31,15
RIVIAN_R1_GEN1,driver_048,route_003,32,15
RIVIAN_R1_GEN1,driver_048,route_003,33,15
RIVIAN_R1_GEN1,driver_048,route_003,34,15
RIVIAN_R1_GEN1,driver_048,route_003,35,15
RIVIAN_R1_GEN1,driver_048,route_003,36,15
RIVIAN_R1_GEN1,driver_048,route_003,37,15
RIVIAN_R1_GEN1,driver_048,route_003,38,15
RIVIAN_R1_GEN1,driver_048,route_003,39,15
RIVIAN_R1_GEN1,driver_048,route_003,40,15
RIVIAN_R1_GEN1,driver_048,route_003,41,15
RIVIAN_R1_GEN1,driver_048,route_003,42,15
RIVIAN_R1_GEN1,driver_048,route_003,43,15
RIVIAN_R1_GEN1,driver_048,route_003,44,15
RIVIAN_R1_GEN1,driver_048,route_003,45,15
RIVIAN_R1_GEN1,driver_048,route_003,46,15
RIVIAN_R1_GEN1,driver_048,route_003,47,15
RIVIAN_R1_GEN1,driver_048,route_003,48,15
RIVIAN_R1_GEN1,driver_048,route_003,49,15
RIVIAN_R1_GEN1,driver_048,route_003,50,15
RIVIAN_R1_GEN1,driver_048,route_003,51,15
RIVIAN_R1_GEN1,driver_048,route_003,52,15
RIVIAN_R1_GEN1,driver_048,route_003,53,15
RIVIAN_R1_GEN1,driver_048,route_004,0,15
RIVIAN_R1_GEN1,driver_048,route_004,1,15
RIVIAN_R1_GEN1,driver_048,route_004,2,15
RIVIAN_R1_GEN1,driver_048,route_004,3,15
RIVIAN_R1_GEN1,driver_048,route_004,4,15
RIVIAN_R1_GEN1,driver_048,route_004,5,15
RIVIAN_R1_GEN1,driver_048,route_004,6,15
RIVIAN_R1_GEN1,driver_048,route_004,7,15
RIVIAN_R1_GEN1,driver_048,route_004,8,15
RIVIAN_R1_GEN1,driver_048,route_004,9,15
RIVIAN_R1_GEN1,driver_048,route_004,10,15
RIVIAN_R1_GEN1,driver_048,route_004,11,15
RIVIAN_R1_GEN1,driver_048,route_004,12,15
RIVIAN_R1_GEN1,driver_048,route_004,13,15
RIVIAN_R1_GEN1,driver_048,route_004,14,15
RIVIAN_R1_GEN1,driver_048,route_004,15,15
RIVIAN_R1_GEN1,driver_048,route_004,16,15
RIVIAN_R1_GEN1,driver_048,route_004,17,15
RIVIAN_R1_GEN1,driver_048,route_004,18,15
RIVIAN_R1_GEN1,driver_048,route_004,19,15
RIVIAN_R1_GEN1,driver_048,route_004,20,15
RIVIAN_R1_GEN1,driver_048,route_004,21,15
RIVIAN_R1_GEN1,driver_048,route_004,22,15
RIVIAN_R1_GEN1,driver_048,route_004,23,15
RIVIAN_R1_GEN1,driver_048,route_005,0,15
RIVIAN_R1_GEN1,driver_048,route_005,1,15
RIVIAN_R1_GEN1,driver_048,route_005,2,15
RIVIAN_R1_GEN1,driver_048,route_005,3,15
RIVIAN_R1_GEN1,driver_048,route_005,4,15
RIVIAN_R1_GEN1,driver_048,route_005,5,15
RIVIAN_R1_GEN1,driver_048,route_005,6,15
RIVIAN_R1_GEN1,driver_048,route_005,7,15
RIVIAN_R1_GEN1,driver_048,route_005,8,15
RIVIAN_R1_GEN1,driver_048,route_005,9,15
RIVIAN_R1_GEN1,driver_048,route_005,10,15
RIVIAN_R1_GEN1,driver_048,route_005,11,15
RIVIAN_R1_GEN1,driver_048,route_005,12,15
RIVIAN_R1_GEN1,driver_048,route_005,13,15
RIVIAN_R1_GEN1,driver_048,route_005,14,10
RIVIAN_R1_GEN1,driver_048,route_006,0,15
RIVIAN_R1_GEN1,driver_048,route_006,1,15
RIVIAN_R1_GEN1,driver_048,route_006,2,15
RIVIAN_R1_GEN1,driver_048,route_006,3,15
RIVIAN_R1_GEN1,driver_048,route_006,4,15
RIVIAN_R1_GEN1,driver_048,route_006,5,15
RIVIAN_R1_GEN1,driver_048,route_006,6,15
RIVIAN_R1_GEN1,driver_048,route_006,7,15
RIVIAN_R1_GEN1,driver_048,route_006,8,15
RIVIAN_R1_GEN1,driver_048,route_006,9,15
RIVIAN_R1_GEN1,driver_048,route_006,10,15
RIVIAN_R1_GEN1,driver_048,route_006,11,15
RIVIAN_R1_GEN1,driver_048,route_006,12,15
RIVIAN_R1_GEN1,driver_048,route_006,13,15
RIVIAN_R1_GEN1,driver_048,route_006,14,15
RIVIAN_R1_GEN1,driver_048,route_006,15,15
RIVIAN_R1_GEN1,driver_048,route_006,16,15
RIVIAN_R1_GEN1,driver_048,route_006,17,15
RIVIAN_R1_GEN1,driver_048,route_006,18,15
RIVIAN_R1_GEN1,driver_048,route_006,19,15
RIVIAN_R1_GEN1,driver_048,route_006,20,15
RIVIAN_R1_GEN1,driver_048,route_006,21,15
RIVIAN_R1_GEN1,driver_048,route_006,22,15
RIVIAN_R1_GEN1,driver_048,route_007,0,15
RIVIAN_R1_GEN1,driver_048,route_007,1,15
RIVIAN_R1_GEN1,driver_048,route_007,2,15
RIVIAN_R1_GEN1,driver_048,route_007,3,15
RIVIAN_R1_GEN1,driver_048,route_007,4,15
RIVIAN_R1_GEN1,driver_048,route_007,5,15
RIVIAN_R1_GEN1,driver_048,route_008,0,15
RIVIAN_R1_GEN1,driver_048,route_008,1,15
RIVIAN_R1_GEN1,driver_048,route_008,2,15
RIVIAN_R1_GEN1,driver_048,route_008,3,15
RIVIAN_R1_GEN1,driver_048,route_008,4,15
RIVIAN_R1_GEN1,driver_048,route_008,5,15
RIVIAN_R1_GEN1,driver_048,route_008,6,15
RIVIAN_R1_GEN1,driver_048,route_008,7,15
RIVIAN_R1_GEN1,driver_048,route_008,8,15
RIVIAN_R1_GEN1,driver_048,route_008,9,15
RIVIAN_R1_GEN1,driver_048,route_008,10,15
RIVIAN_R1_GEN1,driver_048,route_008,11,15
RIVIAN_R1_GEN1,driver_048,route_008,12,15
RIVIAN_R1_GEN1,driver_048,route_008,13,15
RIVIAN_R1_GEN1,driver_048,route_008,14,15
RIVIAN_R1_GEN1,driver_048,route_008,15,15
RIVIAN_R1_GEN1,driver_048,route_008,16,15
RIVIAN_R1_GEN1,driver_048,route_008,17,15
RIVIAN_R1_GEN1,driver_048,route_008,18,15
RIVIAN_R1_GEN1,driver_048,route_008,19,15
RIVIAN_R1_GEN1,driver_048,route_008,20,15
RIVIAN_R1_GEN1,driver_048,route_008,21,15
RIVIAN_R1_GEN1,driver_048,route_008,22,15
RIVIAN_R1_GEN1,driver_048,route_008,23,15
RIVIAN_R1_GEN1,driver_048,route_008,24,15
RIVIAN_R1_GEN1,driver_048,route_008,25,15
RIVIAN_R1_GEN1,driver_048,route_008,26,15
RIVIAN_R1_GEN1,driver_048,route_008,27,15
RIVIAN_R1_GEN1,driver_048,route_008,28,15
RIVIAN_R1_GEN1,driver_048,route_008,29,15
RIVIAN_R1_GEN1,driver_048,route_008,30,15
RIVIAN_R1_GEN1,driver_048,route_008,31,15
RIVIAN_R1_GEN1,driver_048,route_008,32,15
RIVIAN_R1_GEN1,driver_048,route_008,33,15
RIVIAN_R1_GEN1,driver_048,route_008,34,15
RIVIAN_R1_GEN1,driver_048,route_008,35,15
RIVIAN_R1_GEN1,driver_048,route_008,36,15
RIVIAN_R1_GEN1,driver_048,route_008,37,15
RIVIAN_R1_GEN1,driver_048,route_008,38,15
RIVIAN_R1_GEN1,driver_048,route_008,39,15
RIVIAN_R1_GEN1,driver_048,route_008,40,15
RIVIAN_R1_GEN1,driver_048,route_008,41,15
RIVIAN_R1_GEN1,driver_048,route_008,42,15
RIVIAN_R1_GEN1,driver_048,route_008,43,15
RIVIAN_R1_GEN1,driver_048,route_008,44,15
RIVIAN_R1_GEN1,driver_048,route_008,45,15
RIVIAN_R1_GEN1,driver_048,route_008,46,15
RIVIAN_R1_GEN1,driver_048,route_009,0,15
RIVIAN_R1_GEN1,driver_048,route_009,1,15
RIVIAN_R1_GEN1,driver_048,route_009,2,15
RIVIAN_R1_GEN1,driver_048,route_009,3,15
RIVIAN_R1_GEN1,driver_048,route_009,4,15
RIVIAN_R1_GEN1,driver_048,route_009,5,15
RIVIAN_R1_GEN1,driver_048,route_009,6,15
RIVIAN_R1_GEN1,driver_048,route_009,7,15
RIVIAN_R1_GEN1,driver_048,route_009,8,15
RIVIAN_R1_GEN1,driver_048,route_009,9,15
RIVIAN_R1_GEN1,driver_048,route_009,10,15
RIVIAN_R1_GEN1,driver_048,route_009,11,15
RIVIAN_R1_GEN1,driver_048,route_009,12,15
RIVIAN_R1_GEN1,driver_048,route_009,13,15
RIVIAN_R1_GEN1,driver_048,route_009,14,15
RIVIAN_R1_GEN1,driver_048,route_009,15,15
RIVIAN_R1_GEN1,driver_048,route_009,16,15
RIVIAN_R1_GEN1,driver_048,route_009,17,15
RIVIAN_R1_GEN1,driver_048,route_009,18,15
RIVIAN_R1_GEN1,driver_048,route_009,19,15
RIVIAN_R1_GEN1,driver_048,route_009,20,15
RIVIAN_R1_GEN1,driver_048,route_009,21,15
RIVIAN_R1_GEN1,driver_048,route_009,22,15
RIVIAN_R1_GEN1,driver_048,route_009,23,15
RIVIAN_R1_GEN1,driver_048,route_009,24,15
RIVIAN_R1_GEN1,driver_048,route_009,25,15
RIVIAN_R1_GEN1,driver_048,route_009,26,15
RIVIAN_R1_GEN1,driver_048,route_009,27,15
RIVIAN_R1_GEN1,driver_048,route_009,28,15
RIVIAN_R1_GEN1,driver_048,route_009,29,15
RIVIAN_R1_GEN1,driver_048,route_009,30,15
RIVIAN_R1_GEN1,driver_048,route_009,31,15
RIVIAN_R1_GEN1,driver_048,route_009,32,15
RIVIAN_R1_GEN1,driver_048,route_009,33,15
RIVIAN_R1_GEN1,driver_048,route_009,34,15
RIVIAN_R1_GEN1,driver_048,route_009,35,15
RIVIAN_R1_GEN1,driver_048,route_009,36,15
RIVIAN_R1_GEN1,driver_048,route_009,37,15
RIVIAN_R1_GEN1,driver_048,route_009,38,15
RIVIAN_R1_GEN1,driver_048,route_009,39,15
RIVIAN_R1_GEN1,driver_048,route_009,40,15
RIVIAN_R1_GEN1,driver_048,route_009,41,15
RIVIAN_R1_GEN1,driver_048,route_009,42,15
RIVIAN_R1_GEN1,driver_048,route_009,43,15
RIVIAN_R1_GEN1,driver_048,route_009,44,15
RIVIAN_R1_GEN1,driver_048,route_009,45,15
RIVIAN_R1_GEN1,driver_048,route_009,46,15
RIVIAN_R1_GEN1,driver_048,route_009,47,15
RIVIAN_R1_GEN1,driver_048,route_009,48,15
RIVIAN_R1_GEN1,driver_048,route_009,49,15
RIVIAN_R1_GEN1,driver_048,route_009,50,15
RIVIAN_R1_GEN1,driver_048,route_009,51,15
RIVIAN_R1_GEN1,driver_048,route_009,52,15
RIVIAN_R1_GEN1,driver_048,route_009,53,15
RIVIAN_R1_GEN1,driver_048,route_009,54,15
RIVIAN_R1_GEN1,driver_048,route_009,55,15
RIVIAN_R1_GEN1,driver_048,route_009,56,15
RIVIAN_R1_GEN1,driver_048,route_009,57,15
RIVIAN_R1_GEN1,driver_048,route_009,58,15
RIVIAN_R1_GEN1,driver_048,route_009,59,15
RIVIAN_R1_GEN1,driver_048,route_009,60,15
RIVIAN_R1_GEN1,driver_048,route_009,61,15
RIVIAN_R1_GEN1,driver_048,route_009,62,15
RIVIAN_R1_GEN1,driver_048,route_009,63,15
RIVIAN_R1_GEN1,driver_048,route_009,64,15
RIVIAN_R1_GEN1,driver_048,route_009,65,15
RIVIAN_R1_GEN1,driver_048,route_009,66,15
RIVIAN_R1_GEN1,driver_048,route_009,67,15
RIVIAN_R1_GEN1,driver_048,route_009,68,15
RIVIAN_R1_GEN1,driver_048,route_009,69,15
RIVIAN_R1_GEN1,driver_048,route_009,70,15
RIVIAN_R1_GEN1,driver_048,route_009,71,15
RIVIAN_R1_GEN1,driver_048,route_010,0,15
RIVIAN_R1_GEN1,driver_048,route_010,1,15
RIVIAN_R1_GEN1,driver_048,route_010,2,15
RIVIAN_R1_GEN1,driver_048,route_010,3,15
RIVIAN_R1_GEN1,driver_048,route_010,4,15
RIVIAN_R1_GEN1,driver_048,route_010,5,15
RIVIAN_R1_GEN1,driver_048,route_010,6,15
RIVIAN_R1_GEN1,driver_048,route_010,7,15
RIVIAN_R1_GEN1,driver_048,route_010,8,15
RIVIAN_R1_GEN1,driver_048,route_010,9,15
RIVIAN_R1_GEN1,driver_048,route_010,10,15
RIVIAN_R1_GEN1,driver_048,route_010,11,15
RIVIAN_R1_GEN1,driver_048,route_010,12,15
RIVIAN_R1_GEN1,driver_048,route_010,13,15
RIVIAN_R1_GEN1,driver_048,route_010,14,15
RIVIAN_R1_GEN1,driver_048,route_010,15,15
RIVIAN_R1_GEN1,driver_048,route_010,16,15
RIVIAN_R1_GEN1,driver_048,route_010,17,15
RIVIAN_R1_GEN1,driver_048,route_010,18,15
RIVIAN_R1_GEN1,driver_048,route_010,19,15
RIVIAN_R1_GEN1,driver_048,route_010,20,15
RIVIAN_R1_GEN1,driver_048,route_010,21,15
RIVIAN_R1_GEN1,driver_048,route_010,22,15
RIVIAN_R1_GEN1,driver_048,route_010,23,15
RIVIAN_R1_GEN1,driver_048,route_010,24,15
RIVIAN_R1_GEN1,driver_048,route_010,25,15
RIVIAN_R1_GEN1,driver_048,route_010,26,15
RIVIAN_R1_GEN1,driver_048,route_010,27,15
RIVIAN_R1_GEN1,driver_048,route_010,28,15
RIVIAN_R1_GEN1,driver_048,route_010,29,15
RIVIAN_R1_GEN1,driver_048,route_010,30,15
RIVIAN_R1_GEN1,driver_048,route_010,31,15
RIVIAN_R1_GEN1,driver_048,route_010,32,15
RIVIAN_R1_GEN1,driver_048,route_010,33,15
RIVIAN_R1_GEN1,driver_048,route_010,34,15
RIVIAN_R1_GEN1,driver_048,route_010,35,15
RIVIAN_R1_GEN1,driver_048,route_010,36,15
RIVIAN_R1_GEN1,driver_048,route_011,0,15
RIVIAN_R1_GEN1,driver_048,route_011,1,15
RIVIAN_R1_GEN1,driver_048,route_011,2,15
RIVIAN_R1_GEN1,driver_048,route_011,3,15
RIVIAN_R1_GEN1,driver_048,route_011,4,15
RIVIAN_R1_GEN1,driver_048,route_011,5,15
RIVIAN_R1_GEN1,driver_048,route_011,6,15
RIVIAN_R1_GEN1,driver_048,route_011,7,15
RIVIAN_R1_GEN1,driver_048,route_011,8,15
RIVIAN_R1_GEN1,driver_048,route_011,9,15
RIVIAN_R1_GEN1,driver_048,route_011,10,15
RIVIAN_R1_GEN1,driver_048,route_011,11,15
RIVIAN_R1_GEN1,driver_048,route_011,12,15
RIVIAN_R1_GEN1,driver_048,route_011,13,15
RIVIAN_R1_GEN1,driver_048,route_011,14,15
RIVIAN_R1_GEN1,driver_048,route_011,15,10
RIVIAN_R1_GEN1,driver_048,route_012,0,15
RIVIAN_R1_GEN1,driver_048,route_012,1,15
RIVIAN_R1_GEN1,driver_048,route_012,2,15
RIVIAN_R1_GEN1,driver_048,route_012,3,15
RIVIAN_R1_GEN1,driver_048,route_012,4,15
RIVIAN_R1_GEN1,driver_048,route_012,5,15
RIVIAN_R1_GEN1,driver_048,route_013,0,15
RIVIAN_R1_GEN1,driver_048,route_013,1,15
RIVIAN_R1_GEN1,driver_048,route_013,2,15
RIVIAN_R1_GEN1,driver_048,route_013,3,15
RIVIAN_R1_GEN1,driver_048,route_013,4,15
RIVIAN_R1_GEN1,driver_048,route_013,5,15
RIVIAN_R1_GEN1,driver_048,route_013,6,15
RIVIAN_R1_GEN1,driver_048,route_013,7,15
RIVIAN_R1_GEN1,driver_048,route_013,8,15
RIVIAN_R1_GEN1,driver_048,route_013,9,15
RIVIAN_R1_GEN1,driver_048,route_013,10,15
RIVIAN_R1_GEN1,driver_048,route_013,11,15
RIVIAN_R1_GEN1,driver_048,route_013,12,15
RIVIAN_R1_GEN1,driver_048,route_013,13,15
RIVIAN_R1_GEN1,driver_048,route_013,14,15
RIVIAN_R1_GEN1,driver_048,route_013,15,15
RIVIAN_R1_GEN1,driver_048,route_013,16,15
RIVIAN_R1_GEN1,driver_048,route_013,17,15
RIVIAN_R1_GEN1,driver_048,route_013,18,15
RIVIAN_R1_GEN1,driver_048,route_013,19,15
RIVIAN_R1_GEN1,driver_048,route_013,20,15
RIVIAN_R1_GEN1,driver_048,route_013,21,15
RIVIAN_R1_GEN1,driver_048,route_013,22,15
RIVIAN_R1_GEN1,driver_048,route_013,23,15
RIVIAN_R1_GEN1,driver_048,route_013,24,15
RIVIAN_R1_GEN1,driver_048,route_013,25,15
RIVIAN_R1_GEN1,driver_048,route_013,26,15
RIVIAN_R1_GEN1,driver_048,route_013,27,15
RIVIAN_R1_GEN1,driver_048,route_013,28,15
RIVIAN_R1_GEN1,driver_048,route_013,29,15
RIVIAN_R1_GEN1,driver_048,route_013,30,15
RIVIAN_R1_GEN1,driver_048,route_013,31,15
RIVIAN_R1_GEN1,driver_048,route_013,32,15
RIVIAN_R1_GEN1,driver_048,route_013,33,10
RIVIAN_R1_GEN1,driver_048,route_013,34,10
RIVIAN_R1_GEN1,driver_048,route_013,35,10
RIVIAN_R1_GEN1,driver_048,route_014,0,15
RIVIAN_R1_GEN1,driver_048,route_014,1,15
RIVIAN_R1_GEN1,driver_048,route_014,2,15
RIVIAN_R1_GEN1,driver_048,route_014,3,15
RIVIAN_R1_GEN1,driver_048,route_014,4,15
RIVIAN_R1_GEN1,driver_048,route_014,5,15
RIVIAN_R1_GEN1,driver_048,route_014,6,15
RIVIAN_R1_GEN1,driver_048,route_014,7,15
RIVIAN_R1_GEN1,driver_048,route_014,8,15
RIVIAN_R1_GEN1,driver_048,route_014,9,15
RIVIAN_R1_GEN1,driver_048,route_014,10,15
RIVIAN_R1_GEN1,driver_048,route_014,11,15
RIVIAN_R1_GEN1,driver_048,route_014,12,15
RIVIAN_R1_GEN1,driver_048,route_014,13,15
RIVIAN_R1_GEN1,driver_048,route_014,14,15
RIVIAN_R1_GEN1,driver_048,route_014,15,15
RIVIAN_R1_GEN1,driver_048,route_014,16,15
RIVIAN_R1_GEN1,driver_048,route_014,17,15
RIVIAN_R1_GEN1,driver_048,route_014,18,15
RIVIAN_R1_GEN1,driver_048,route_014,19,15
RIVIAN_R1_GEN1,driver_048,route_014,20,15
RIVIAN_R1_GEN1,driver_048,route_014,21,15
RIVIAN_R1_GEN1,driver_048,route_014,22,15
RIVIAN_R1_GEN1,driver_048,route_014,23,15
RIVIAN_R1_GEN1,driver_048,route_014,24,15
RIVIAN_R1_GEN1,driver_048,route_014,25,15
RIVIAN_R1_GEN1,driver_048,route_014,26,15
RIVIAN_R1_GEN1,driver_048,route_014,27,15
RIVIAN_R1_GEN1,driver_048,route_014,28,15
RIVIAN_R1_GEN1,driver_048,route_014,29,15
RIVIAN_R1_GEN1,driver_048,route_014,30,15
RIVIAN_R1_GEN1,driver_048,route_014,31,15
RIVIAN_R1_GEN1,driver_048,route_014,32,15
RIVIAN_R1_GEN1,driver_048,route_014,33,10
RIVIAN_R1_GEN1,driver_048,route_015,0,15
RIVIAN_R1_GEN1,driver_048,route_015,1,15
RIVIAN_R1_GEN1,driver_048,route_015,2,15
RIVIAN_R1_GEN1,driver_048,route_015,3,15
RIVIAN_R1_GEN1,driver_048,route_015,4,15
RIVIAN_R1_GEN1,driver_048,route_015,5,15
RIVIAN_R1_GEN1,driver_048,route_016,0,15
RIVIAN_R1_GEN1,driver_048,route_016,1,15
RIVIAN_R1_GEN1,driver_048,route_016,2,15
RIVIAN_R1_GEN1,driver_048,route_016,3,15
RIVIAN_R1_GEN1,driver_048,route_016,4,15
RIVIAN_R1_GEN1,driver_048,route_016,5,15
RIVIAN_R1_GEN1,driver_048,route_016,6,15
RIVIAN_R1_GEN1,driver_048,route_016,7,15
RIVIAN_R1_GEN1,driver_048,route_016,8,15
RIVIAN_R1_GEN1,driver_048,route_016,9,15
RIVIAN_R1_GEN1,driver_048,route_016,10,15
RIVIAN_R1_GEN1,driver_048,route_016,11,15
RIVIAN_R1_GEN1,driver_048,route_016,12,15
RIVIAN_R1_GEN1,driver_048,route_016,13,15
RIVIAN_R1_GEN1,driver_048,route_016,14,15
RIVIAN_R1_GEN1,driver_048,route_016,15,15
RIVIAN_R1_GEN1,driver_048,route_016,16,15
RIVIAN_R1_GEN1,driver_048,route_016,17,15
RIVIAN_R1_GEN1,driver_048,route_016,18,15
RIVIAN_R1_GEN1,driver_048,route_016,19,15
RIVIAN_R1_GEN1,driver_048,route_016,20,15
RIVIAN_R1_GEN1,driver_048,route_016,21,15
RIVIAN_R1_GEN1,driver_048,route_016,22,15
RIVIAN_R1_GEN1,driver_048,route_016,23,15
RIVIAN_R1_GEN1,driver_048,route_016,24,15
RIVIAN_R1_GEN1,driver_048,route_016,25,15
RIVIAN_R1_GEN1,driver_048,route_016,26,15
RIVIAN_R1_GEN1,driver_048,route_016,27,15
RIVIAN_R1_GEN1,driver_048,route_016,28,15
RIVIAN_R1_GEN1,driver_048,route_016,29,15
RIVIAN_R1_GEN1,driver_048,route_016,30,15
RIVIAN_R1_GEN1,driver_048,route_016,31,15
RIVIAN_R1_GEN1,driver_048,route_016,32,15
RIVIAN_R1_GEN1,driver_048,route_016,33,15
RIVIAN_R1_GEN1,driver_048,route_016,34,15
RIVIAN_R1_GEN1,driver_048,route_016,35,15
RIVIAN_R1_GEN1,driver_048,route_016,36,15
RIVIAN_R1_GEN1,driver_048,route_016,37,15
RIVIAN_R1_GEN1,driver_048,route_016,38,15
RIVIAN_R1_GEN1,driver_048,route_016,39,15
RIVIAN_R1_GEN1,driver_048,route_016,40,15
RIVIAN_R1_GEN1,driver_048,route_016,41,15
RIVIAN_R1_GEN1,driver_048,route_016,42,15
RIVIAN_R1_GEN1,driver_048,route_016,43,15
RIVIAN_R1_GEN1,driver_048,route_016,44,15
RIVIAN_R1_GEN1,driver_048,route_016,45,15
RIVIAN_R1_GEN1,driver_048,route_016,46,15
RIVIAN_R1_GEN1,driver_048,route_016,47,15
RIVIAN_R1_GEN1,driver_048,route_016,48,15
RIVIAN_R1_GEN1,driver_048,route_016,49,15
RIVIAN_R1_GEN1,driver_048,route_016,50,15
RIVIAN_R1_GEN1,driver_048,route_016,51,15
RIVIAN_R1_GEN1,driver_048,route_016,52,15
RIVIAN_R1_GEN1,driver_048,route_016,53,15
RIVIAN_R1_GEN1,driver_048,route_016,54,15
RIVIAN_R1_GEN1,driver_048,route_016,55,15
RIVIAN_R1_GEN1,driver_048,route_016,56,15
RIVIAN_R1_GEN1,driver_048,route_016,57,15
RIVIAN_R1_GEN1,driver_048,route_016,58,15
RIVIAN_R1_GEN1,driver_048,route_016,59,15
RIVIAN_R1_GEN1,driver_048,route_016,60,15
RIVIAN_R1_GEN1,driver_048,route_016,61,15
RIVIAN_R1_GEN1,driver_048,route_016,62,10
RIVIAN_R1_GEN1,driver_048,route_017,0,15
RIVIAN_R1_GEN1,driver_048,route_017,1,15
RIVIAN_R1_GEN1,driver_048,route_017,2,15
RIVIAN_R1_GEN1,driver_048,route_017,3,15
RIVIAN_R1_GEN1,driver_048,route_017,4,15
RIVIAN_R1_GEN1,driver_048,route_017,5,15
RIVIAN_R1_GEN1,driver_048,route_017,6,15
RIVIAN_R1_GEN1,driver_048,route_017,7,15
RIVIAN_R1_GEN1,driver_048,route_017,8,15
RIVIAN_R1_GEN1,driver_048,route_017,9,15
RIVIAN_R1_GEN1,driver_048,route_017,10,15
RIVIAN_R1_GEN1,driver_048,route_017,11,15
RIVIAN_R1_GEN1,driver_048,route_017,12,15
RIVIAN_R1_GEN1,driver_048,route_017,13,15
RIVIAN_R1_GEN1,driver_048,route_018,0,15
RIVIAN_R1_GEN1,driver_048,route_019,0,15
RIVIAN_R1_GEN1,driver_048,route_019,1,15
RIVIAN_R1_GEN1,driver_048,route_019,2,15
RIVIAN_R1_GEN1,driver_048,route_019,3,15
RIVIAN_R1_GEN1,driver_048,route_019,4,15
RIVIAN_R1_GEN1,driver_048,route_019,5,15
RIVIAN_R1_GEN1,driver_048,route_019,6,15
RIVIAN_R1_GEN1,driver_048,route_019,7,15
RIVIAN_R1_GEN1,driver_048,route_020,0,15
RIVIAN_R1_GEN1,driver_048,route_020,1,15
RIVIAN_R1_GEN1,driver_048,route_020,2,15
RIVIAN_R1_GEN1,driver_048,route_020,3,15
RIVIAN_R1_GEN1,driver_048,route_020,4,15
RIVIAN_R1_GEN1,driver_048,route_020,5,15
RIVIAN_R1_GEN1,driver_048,route_020,6,15
RIVIAN_R1_GEN1,driver_048,route_020,7,15
RIVIAN_R1_GEN1,driver_048,route_020,8,15
RIVIAN_R1_GEN1,driver_048,route_020,9,15
RIVIAN_R1_GEN1,driver_048,route_021,0,15
RIVIAN_R1_GEN1,driver_048,route_021,1,15
RIVIAN_R1_GEN1,driver_048,route_022,0,15
RIVIAN_R1_GEN1,driver_048,route_022,1,15
RIVIAN_R1_GEN1,driver_048,route_022,2,15
RIVIAN_R1_GEN1,driver_048,route_022,3,15
RIVIAN_R1_GEN1,driver_048,route_022,4,15
RIVIAN_R1_GEN1,driver_048,route_022,5,15
RIVIAN_R1_GEN1,driver_048,route_022,6,15
RIVIAN_R1_GEN1,driver_048,route_023,0,10
RIVIAN_R1_GEN1,driver_048,route_023,1,10
RIVIAN_R1_GEN1,driver_048,route_023,2,10
RIVIAN_R1_GEN1,driver_048,route_023,3,10
RIVIAN_R1_GEN1,driver_048,route_023,4,10
RIVIAN_R1_GEN1,driver_048,route_023,5,10
RIVIAN_R1_GEN1,driver_048,route_023,6,10
RIVIAN_R1_GEN1,driver_048,route_023,7,10
RIVIAN_R1_GEN1,driver_048,route_023,8,10
RIVIAN_R1_GEN1,driver_048,route_023,9,10
RIVIAN_R1_GEN1,driver_048,route_023,10,10
RIVIAN_R1_GEN1,driver_048,route_023,11,10
RIVIAN_R1_GEN1,driver_048,route_023,12,10
RIVIAN_R1_GEN1,driver_048,route_023,13,10
RIVIAN_R1_GEN1,driver_048,route_023,14,10
RIVIAN_R1_GEN1,driver_048,route_023,15,10
RIVIAN_R1_GEN1,driver_048,route_023,16,10
RIVIAN_R1_GEN1,driver_048,route_023,17,10
RIVIAN_R1_GEN1,driver_048,route_023,18,10
RIVIAN_R1_GEN1,driver_048,route_023,19,10
RIVIAN_R1_GEN1,driver_048,route_023,20,10
RIVIAN_R1_GEN1,driver_048,route_023,21,10
RIVIAN_R1_GEN1,driver_048,route_023,22,10
RIVIAN_R1_GEN1,driver_048,route_023,23,10
RIVIAN_R1_GEN1,driver_048,route_023,24,10
RIVIAN_R1_GEN1,driver_048,route_023,25,10
RIVIAN_R1_GEN1,driver_048,route_023,26,10
RIVIAN_R1_GEN1,driver_048,route_023,27,10
RIVIAN_R1_GEN1,driver_048,route_023,28,10
RIVIAN_R1_GEN1,driver_048,route_023,29,10
RIVIAN_R1_GEN1,driver_048,route_023,30,10
RIVIAN_R1_GEN1,driver_048,route_023,31,10
RIVIAN_R1_GEN1,driver_048,route_023,32,10
RIVIAN_R1_GEN1,driver_048,route_023,33,10
RIVIAN_R1_GEN1,driver_048,route_023,34,10
RIVIAN_R1_GEN1,driver_048,route_023,35,10
RIVIAN_R1_GEN1,driver_048,route_023,36,10
RIVIAN_R1_GEN1,driver_048,route_023,37,10
RIVIAN_R1_GEN1,driver_048,route_023,38,10
RIVIAN_R1_GEN1,driver_048,route_023,39,10
RIVIAN_R1_GEN1,driver_048,route_023,40,10
RIVIAN_R1_GEN1,driver_048,route_023,41,10
RIVIAN_R1_GEN1,driver_048,route_023,42,10
RIVIAN_R1_GEN1,driver_048,route_023,43,10
RIVIAN_R1_GEN1,driver_048,route_023,44,10
RIVIAN_R1_GEN1,driver_048,route_023,45,10
RIVIAN_R1_GEN1,driver_048,route_023,46,10
RIVIAN_R1_GEN1,driver_048,route_023,47,10
RIVIAN_R1_GEN1,driver_048,route_023,48,10
RIVIAN_R1_GEN1,driver_048,route_023,49,10
RIVIAN_R1_GEN1,driver_048,route_023,50,10
RIVIAN_R1_GEN1,driver_048,route_024,0,15
RIVIAN_R1_GEN1,driver_048,route_024,1,15
RIVIAN_R1_GEN1,driver_048,route_024,2,15
RIVIAN_R1_GEN1,driver_048,route_024,3,15
RIVIAN_R1_GEN1,driver_048,route_024,4,15
RIVIAN_R1_GEN1,driver_048,route_024,5,15
RIVIAN_R1_GEN1,driver_048,route_024,6,15
RIVIAN_R1_GEN1,driver_048,route_024,7,15
RIVIAN_R1_GEN1,driver_048,route_024,8,15
RIVIAN_R1_GEN1,driver_048,route_024,9,15
RIVIAN_R1_GEN1,driver_048,route_024,10,15
RIVIAN_R1_GEN1,driver_048,route_024,11,15
RIVIAN_R1_GEN1,driver_048,route_024,12,15
RIVIAN_R1_GEN1,driver_048,route_024,13,15
RIVIAN_R1_GEN1,driver_048,route_024,14,15
RIVIAN_R1_GEN1,driver_048,route_024,15,15
RIVIAN_R1_GEN1,driver_048,route_024,16,15
RIVIAN_R1_GEN1,driver_048,route_024,17,15
RIVIAN_R1_GEN1,driver_048,route_024,18,15
RIVIAN_R1_GEN1,driver_048,route_024,19,15
RIVIAN_R1_GEN1,driver_048,route_024,20,15
RIVIAN_R1_GEN1,driver_048,route_025,0,15
RIVIAN_R1_GEN1,driver_048,route_026,0,15
RIVIAN_R1_GEN1,driver_048,route_026,1,15
RIVIAN_R1_GEN1,driver_048,route_026,2,15
RIVIAN_R1_GEN1,driver_048,route_026,3,15
RIVIAN_R1_GEN1,driver_048,route_026,4,15
RIVIAN_R1_GEN1,driver_048,route_026,5,15
RIVIAN_R1_GEN1,driver_048,route_026,6,15
RIVIAN_R1_GEN1,driver_048,route_026,7,15
RIVIAN_R1_GEN1,driver_048,route_026,8,15
RIVIAN_R1_GEN1,driver_048,route_026,9,15
RIVIAN_R1_GEN1,driver_048,route_026,10,15
RIVIAN_R1_GEN1,driver_048,route_026,11,15
RIVIAN_R1_GEN1,driver_048,route_026,12,15
RIVIAN_R1_GEN1,driver_048,route_026,13,15
RIVIAN_R1_GEN1,driver_048,route_026,14,15
RIVIAN_R1_GEN1,driver_048,route_026,15,15
RIVIAN_R1_GEN1,driver_048,route_026,16,15
RIVIAN_R1_GEN1,driver_048,route_026,17,15
RIVIAN_R1_GEN1,driver_048,route_026,18,15
RIVIAN_R1_GEN1,driver_048,route_026,19,15
RIVIAN_R1_GEN1,driver_048,route_026,20,15
RIVIAN_R1_GEN1,driver_048,route_026,21,15
RIVIAN_R1_GEN1,driver_048,route_026,22,15
RIVIAN_R1_GEN1,driver_048,route_026,23,15
RIVIAN_R1_GEN1,driver_048,route_026,24,15
RIVIAN_R1_GEN1,driver_048,route_026,25,15
RIVIAN_R1_GEN1,driver_048,route_026,26,15
RIVIAN_R1_GEN1,driver_048,route_026,27,15
RIVIAN_R1_GEN1,driver_048,route_026,28,15
RIVIAN_R1_GEN1,driver_048,route_026,29,15
RIVIAN_R1_GEN1,driver_048,route_026,30,15
RIVIAN_R1_GEN1,driver_048,route_026,31,15
RIVIAN_R1_GEN1,driver_048,route_026,32,15
RIVIAN_R1_GEN1,driver_048,route_026,33,15
RIVIAN_R1_GEN1,driver_048,route_026,34,15
RIVIAN_R1_GEN1,driver_048,route_026,35,15
RIVIAN_R1_GEN1,driver_048,route_026,36,15
RIVIAN_R1_GEN1,driver_048,route_026,37,15
RIVIAN_R1_GEN1,driver_048,route_026,38,15
RIVIAN_R1_GEN1,driver_048,route_026,39,15
RIVIAN_R1_GEN1,driver_048,route_026,40,15
RIVIAN_R1_GEN1,driver_048,route_026,41,15
RIVIAN_R1_GEN1,driver_048,route_026,42,15
RIVIAN_R1_GEN1,driver_048,route_026,43,15
RIVIAN_R1_GEN1,driver_048,route_027,0,15
RIVIAN_R1_GEN1,driver_048,route_027,1,15
RIVIAN_R1_GEN1,driver_048,route_027,2,15
RIVIAN_R1_GEN1,driver_048,route_027,3,15
RIVIAN_R1_GEN1,driver_048,route_027,4,15
RIVIAN_R1_GEN1,driver_048,route_027,5,15
RIVIAN_R1_GEN1,driver_048,route_027,6,15
RIVIAN_R1_GEN1,driver_048,route_027,7,15
RIVIAN_R1_GEN1,driver_048,route_027,8,15
RIVIAN_R1_GEN1,driver_048,route_027,9,15
RIVIAN_R1_GEN1,driver_048,route_027,10,15
RIVIAN_R1_GEN1,driver_048,route_028,0,15
RIVIAN_R1_GEN1,driver_048,route_028,1,15
RIVIAN_R1_GEN1,driver_048,route_028,2,15
RIVIAN_R1_GEN1,driver_048,route_028,3,15
RIVIAN_R1_GEN1,driver_048,route_028,4,15
RIVIAN_R1_GEN1,driver_048,route_028,5,15
RIVIAN_R1_GEN1,driver_048,route_028,6,15
RIVIAN_R1_GEN1,driver_048,route_028,7,15
RIVIAN_R1_GEN1,driver_048,route_029,0,15
RIVIAN_R1_GEN1,driver_048,route_029,1,15
RIVIAN_R1_GEN1,driver_048,route_029,2,15
RIVIAN_R1_GEN1,driver_048,route_029,3,15
RIVIAN_R1_GEN1,driver_048,route_029,4,15
RIVIAN_R1_GEN1,driver_048,route_029,5,15
RIVIAN_R1_GEN1,driver_048,route_030,0,15
RIVIAN_R1_GEN1,driver_048,route_031,0,15
RIVIAN_R1_GEN1,driver_048,route_031,1,15
RIVIAN_R1_GEN1,driver_048,route_031,2,15
RIVIAN_R1_GEN1,driver_048,route_031,3,15
RIVIAN_R1_GEN1,driver_048,route_031,4,15
RIVIAN_R1_GEN1,driver_048,route_031,5,15
RIVIAN_R1_GEN1,driver_048,route_031,6,15
RIVIAN_R1_GEN1,driver_048,route_031,7,15
RIVIAN_R1_GEN1,driver_048,route_031,8,15
RIVIAN_R1_GEN1,driver_048,route_031,9,15
RIVIAN_R1_GEN1,driver_048,route_031,10,15
RIVIAN_R1_GEN1,driver_048,route_032,0,15
RIVIAN_R1_GEN1,driver_048,route_032,1,15
RIVIAN_R1_GEN1,driver_048,route_032,2,15
RIVIAN_R1_GEN1,driver_048,route_032,3,15
RIVIAN_R1_GEN1,driver_048,route_032,4,15
RIVIAN_R1_GEN1,driver_048,route_032,5,15
RIVIAN_R1_GEN1,driver_048,route_032,6,15
RIVIAN_R1_GEN1,driver_048,route_032,7,15
RIVIAN_R1_GEN1,driver_048,route_032,8,15
RIVIAN_R1_GEN1,driver_048,route_032,9,15
RIVIAN_R1_GEN1,driver_048,route_032,10,15
RIVIAN_R1_GEN1,driver_048,route_032,11,15
RIVIAN_R1_GEN1,driver_048,route_032,12,15
RIVIAN_R1_GEN1,driver_048,route_032,13,15
RIVIAN_R1_GEN1,driver_048,route_033,0,15
RIVIAN_R1_GEN1,driver_048,route_033,1,15
RIVIAN_R1_GEN1,driver_048,route_033,2,15
RIVIAN_R1_GEN1,driver_048,route_033,3,15
RIVIAN_R1_GEN1,driver_048,route_033,4,15
RIVIAN_R1_GEN1,driver_048,route_033,5,15
RIVIAN_R1_GEN1,driver_048,route_033,6,15
RIVIAN_R1_GEN1,driver_048,route_033,7,15
RIVIAN_R1_GEN1,driver_048,route_033,8,15
RIVIAN_R1_GEN1,driver_048,route_033,9,15
RIVIAN_R1_GEN1,driver_048,route_033,10,15
RIVIAN_R1_GEN1,driver_048,route_033,11,15
RIVIAN_R1_GEN1,driver_048,route_033,12,15
RIVIAN_R1_GEN1,driver_048,route_033,13,15
RIVIAN_R1_GEN1,driver_048,route_033,14,15
RIVIAN_R1_GEN1,driver_048,route_033,15,15
RIVIAN_R1_GEN1,driver_048,route_033,16,15
RIVIAN_R1_GEN1,driver_048,route_034,0,15
RIVIAN_R1_GEN1,driver_048,route_034,1,15
RIVIAN_R1_GEN1,driver_048,route_034,2,15
RIVIAN_R1_GEN1,driver_048,route_034,3,15
RIVIAN_R1_GEN1,driver_048,route_034,4,15
RIVIAN_R1_GEN1,driver_048,route_034,5,15
RIVIAN_R1_GEN1,driver_048,route_034,6,15
RIVIAN_R1_GEN1,driver_048,route_034,7,15
RIVIAN_R1_GEN1,driver_048,route_034,8,15
RIVIAN_R1_GEN1,driver_048,route_034,9,15
RIVIAN_R1_GEN1,driver_048,route_034,10,15
RIVIAN_R1_GEN1,driver_048,route_034,11,15
RIVIAN_R1_GEN1,driver_048,route_034,12,15
RIVIAN_R1_GEN1,driver_048,route_034,13,15
RIVIAN_R1_GEN1,driver_048,route_034,14,15
RIVIAN_R1_GEN1,driver_048,route_034,15,15
RIVIAN_R1_GEN1,driver_048,route_034,16,15
RIVIAN_R1_GEN1,driver_048,route_034,17,15
RIVIAN_R1_GEN1,driver_048,route_034,18,15
RIVIAN_R1_GEN1,driver_048,route_034,19,15
RIVIAN_R1_GEN1,driver_048,route_034,20,15
RIVIAN_R1_GEN1,driver_048,route_034,21,15
RIVIAN_R1_GEN1,driver_048,route_034,22,15
RIVIAN_R1_GEN1,driver_048,route_034,23,15
RIVIAN_R1_GEN1,driver_048,route_034,24,15
RIVIAN_R1_GEN1,driver_048,route_034,25,15
RIVIAN_R1_GEN1,driver_048,route_034,26,15
RIVIAN_R1_GEN1,driver_048,route_034,27,15
RIVIAN_R1_GEN1,driver_048,route_034,28,15
RIVIAN_R1_GEN1,driver_048,route_035,0,15
RIVIAN_R1_GEN1,driver_048,route_035,1,15
RIVIAN_R1_GEN1,driver_048,route_035,2,15
RIVIAN_R1_GEN1,driver_048,route_035,3,15
RIVIAN_R1_GEN1,driver_048,route_035,4,15
RIVIAN_R1_GEN1,driver_048,route_035,5,15
RIVIAN_R1_GEN1,driver_048,route_035,6,15
RIVIAN_R1_GEN1,driver_048,route_035,7,15
RIVIAN_R1_GEN1,driver_048,route_035,8,15
RIVIAN_R1_GEN1,driver_048,route_035,9,15
RIVIAN_R1_GEN1,driver_048,route_035,10,15
RIVIAN_R1_GEN1,driver_048,route_035,11,15
RIVIAN_R1_GEN1,driver_048,route_035,12,15
RIVIAN_R1_GEN1,driver_048,route_035,13,15
RIVIAN_R1_GEN1,driver_048,route_035,14,15
RIVIAN_R1_GEN1,driver_048,route_035,15,15
RIVIAN_R1_GEN1,driver_048,route_035,16,15
RIVIAN_R1_GEN1,driver_048,route_035,17,15
RIVIAN_R1_GEN1,driver_048,route_035,18,15
RIVIAN_R1_GEN1,driver_048,route_035,19,15
RIVIAN_R1_GEN1,driver_048,route_035,20,15
RIVIAN_R1_GEN1,driver_048,route_035,21,15
RIVIAN_R1_GEN1,driver_048,route_035,22,15
RIVIAN_R1_GEN1,driver_048,route_035,23,15
RIVIAN_R1_GEN1,driver_048,route_035,24,15
RIVIAN_R1_GEN1,driver_048,route_035,25,15
RIVIAN_R1_GEN1,driver_048,route_035,26,15
RIVIAN_R1_GEN1,driver_048,route_035,27,15
RIVIAN_R1_GEN1,driver_048,route_035,28,15
RIVIAN_R1_GEN1,driver_048,route_035,29,15
RIVIAN_R1_GEN1,driver_048,route_035,30,15
RIVIAN_R1_GEN1,driver_048,route_035,31,15
RIVIAN_R1_GEN1,driver_048,route_035,32,15
RIVIAN_R1_GEN1,driver_048,route_035,33,15
RIVIAN_R1_GEN1,driver_048,route_035,34,15
RIVIAN_R1_GEN1,driver_048,route_035,35,15
RIVIAN_R1_GEN1,driver_048,route_035,36,15
RIVIAN_R1_GEN1,driver_048,route_035,37,15
RIVIAN_R1_GEN1,driver_048,route_035,38,15
RIVIAN_R1_GEN1,driver_048,route_035,39,15
RIVIAN_R1_GEN1,driver_048,route_035,40,15
RIVIAN_R1_GEN1,driver_048,route_035,41,15
RIVIAN_R1_GEN1,driver_048,route_035,42,15
RIVIAN_R1_GEN1,driver_048,route_035,43,15
RIVIAN_R1_GEN1,driver_048,route_035,44,15
RIVIAN_R1_GEN1,driver_048,route_035,45,15
RIVIAN_R1_GEN1,driver_048,route_035,46,15
RIVIAN_R1_GEN1,driver_048,route_035,47,15
RIVIAN_R1_GEN1,driver_048,route_035,48,15
RIVIAN_R1_GEN1,driver_048,route_035,49,15
RIVIAN_R1_GEN1,driver_048,route_035,50,15
RIVIAN_R1_GEN1,driver_048,route_035,51,15
RIVIAN_R1_GEN1,driver_048,route_035,52,15
RIVIAN_R1_GEN1,driver_048,route_035,53,15
RIVIAN_R1_GEN1,driver_048,route_035,54,15
RIVIAN_R1_GEN1,driver_048,route_035,55,15
RIVIAN_R1_GEN1,driver_048,route_035,56,15
RIVIAN_R1_GEN1,driver_048,route_035,57,15
RIVIAN_R1_GEN1,driver_048,route_035,58,15
RIVIAN_R1_GEN1,driver_048,route_035,59,15
RIVIAN_R1_GEN1,driver_048,route_035,60,15
RIVIAN_R1_GEN1,driver_048,route_035,61,15
RIVIAN_R1_GEN1,driver_048,route_035,62,10
RIVIAN_R1_GEN1,driver_048,route_036,0,15
RIVIAN_R1_GEN1,driver_048,route_036,1,15
RIVIAN_R1_GEN1,driver_048,route_036,2,15
RIVIAN_R1_GEN1,driver_048,route_036,3,15
RIVIAN_R1_GEN1,driver_048,route_036,4,15
RIVIAN_R1_GEN1,driver_048,route_036,5,15
RIVIAN_R1_GEN1,driver_048,route_036,6,15
RIVIAN_R1_GEN1,driver_048,route_036,7,15
RIVIAN_R1_GEN1,driver_048,route_036,8,15
RIVIAN_R1_GEN1,driver_048,route_036,9,15
RIVIAN_R1_GEN1,driver_048,route_036,10,15
RIVIAN_R1_GEN1,driver_048,route_036,11,15
RIVIAN_R1_GEN1,driver_048,route_036,12,15
RIVIAN_R1_GEN1,driver_048,route_036,13,15
RIVIAN_R1_GEN1,driver_048,route_036,14,15
RIVIAN_R1_GEN1,driver_048,route_036,15,15
RIVIAN_R1_GEN1,driver_048,route_036,16,15
RIVIAN_R1_GEN1,driver_048,route_036,17,15
RIVIAN_R1_GEN1,driver_048,route_036,18,15
RIVIAN_R1_GEN1,driver_048,route_036,19,15
RIVIAN_R1_GEN1,driver_048,route_036,20,15
RIVIAN_R1_GEN1,driver_048,route_036,21,15
RIVIAN_R1_GEN1,driver_048,route_036,22,15
RIVIAN_R1_GEN1,driver_048,route_036,23,15
RIVIAN_R1_GEN1,driver_048,route_036,24,15
RIVIAN_R1_GEN1,driver_048,route_036,25,15
RIVIAN_R1_GEN1,driver_048,route_036,26,15
RIVIAN_R1_GEN1,driver_048,route_036,27,15
RIVIAN_R1_GEN1,driver_048,route_036,28,15
RIVIAN_R1_GEN1,driver_048,route_036,29,15
RIVIAN_R1_GEN1,driver_048,route_036,30,15
RIVIAN_R1_GEN1,driver_048,route_036,31,15
RIVIAN_R1_GEN1,driver_048,route_036,32,15
RIVIAN_R1_GEN1,driver_048,route_036,33,15
RIVIAN_R1_GEN1,driver_048,route_036,34,15
RIVIAN_R1_GEN1,driver_048,route_036,35,15
RIVIAN_R1_GEN1,driver_048,route_036,36,15
RIVIAN_R1_GEN1,driver_048,route_036,37,15
RIVIAN_R1_GEN1,driver_048,route_036,38,15
RIVIAN_R1_GEN1,driver_048,route_036,39,15
RIVIAN_R1_GEN1,driver_048,route_036,40,15
RIVIAN_R1_GEN1,driver_048,route_036,41,15
RIVIAN_R1_GEN1,driver_048,route_036,42,15
RIVIAN_R1_GEN1,driver_048,route_036,43,15
RIVIAN_R1_GEN1,driver_048,route_036,44,15
RIVIAN_R1_GEN1,driver_048,route_036,45,15
RIVIAN_R1_GEN1,driver_048,route_036,46,15
RIVIAN_R1_GEN1,driver_048,route_036,47,15
RIVIAN_R1_GEN1,driver_048,route_036,48,15
RIVIAN_R1_GEN1,driver_051,route_001,0,10
RIVIAN_R1_GEN1,driver_051,route_001,1,10
RIVIAN_R1_GEN1,driver_051,route_001,2,10
RIVIAN_R1_GEN1,driver_061,route_001,0,15
RIVIAN_R1_GEN1,driver_061,route_001,1,15
RIVIAN_R1_GEN1,driver_061,route_001,2,15
RIVIAN_R1_GEN1,driver_061,route_001,3,15
RIVIAN_R1_GEN1,driver_061,route_001,4,15
RIVIAN_R1_GEN1,driver_061,route_001,5,15
RIVIAN_R1_GEN1,driver_061,route_002,0,15
RIVIAN_R1_GEN1,driver_061,route_002,1,15
RIVIAN_R1_GEN1,driver_061,route_003,0,15
RIVIAN_R1_GEN1,driver_061,route_003,1,15
RIVIAN_R1_GEN1,driver_061,route_003,2,15
RIVIAN_R1_GEN1,driver_061,route_003,3,15
RIVIAN_R1_GEN1,driver_061,route_004,0,15
RIVIAN_R1_GEN1,driver_061,route_004,1,15
RIVIAN_R1_GEN1,driver_061,route_004,2,15
RIVIAN_R1_GEN1,driver_061,route_005,0,15
RIVIAN_R1_GEN1,driver_061,route_005,1,15
RIVIAN_R1_GEN1,driver_061,route_005,2,15
RIVIAN_R1_GEN1,driver_061,route_005,3,15
RIVIAN_R1_GEN1,driver_061,route_005,4,15
RIVIAN_R1_GEN1,driver_061,route_005,5,15
RIVIAN_R1_GEN1,driver_061,route_005,6,10
RIVIAN_R1_GEN1,driver_061,route_005,7,10
RIVIAN_R1_GEN1,driver_061,route_006,0,15
RIVIAN_R1_GEN1,driver_061,route_006,1,15
RIVIAN_R1_GEN1,driver_061,route_006,2,15
RIVIAN_R1_GEN1,driver_061,route_006,3,15
RIVIAN_R1_GEN1,driver_061,route_006,4,15
RIVIAN_R1_GEN1,driver_061,route_006,5,10
RIVIAN_R1_GEN1,driver_061,route_007,0,15
RIVIAN_R1_GEN1,driver_061,route_007,1,15
RIVIAN_R1_GEN1,driver_061,route_007,2,15
RIVIAN_R1_GEN1,driver_061,route_007,3,15
RIVIAN_R1_GEN1,driver_061,route_007,4,15
RIVIAN_R1_GEN1,driver_061,route_007,5,15
RIVIAN_R1_GEN1,driver_061,route_007,6,15
RIVIAN_R1_GEN1,driver_061,route_007,7,15
RIVIAN_R1_GEN1,driver_061,route_007,8,15
RIVIAN_R1_GEN1,driver_061,route_007,9,15
RIVIAN_R1_GEN1,driver_061,route_007,10,15
RIVIAN_R1_GEN1,driver_061,route_008,0,15
RIVIAN_R1_GEN1,driver_061,route_008,1,15
RIVIAN_R1_GEN1,driver_061,route_008,2,15
RIVIAN_R1_GEN1,driver_061,route_008,3,15
RIVIAN_R1_GEN1,driver_061,route_008,4,15
RIVIAN_R1_GEN1,driver_061,route_008,5,15
RIVIAN_R1_GEN1,driver_061,route_008,6,15
RIVIAN_R1_GEN1,driver_061,route_008,7,15
RIVIAN_R1_GEN1,driver_061,route_008,8,15
RIVIAN_R1_GEN1,driver_061,route_008,9,15
RIVIAN_R1_GEN1,driver_061,route_008,10,15
RIVIAN_R1_GEN1,driver_061,route_008,11,15
RIVIAN_R1_GEN1,driver_061,route_009,0,15
RIVIAN_R1_GEN1,driver_061,route_009,1,15
RIVIAN_R1_GEN1,driver_061,route_009,2,15
RIVIAN_R1_GEN1,driver_061,route_009,3,15
RIVIAN_R1_GEN1,driver_061,route_009,4,15
RIVIAN_R1_GEN1,driver_061,route_009,5,10
RIVIAN_R1_GEN1,driver_061,route_009,6,10
RIVIAN_R1_GEN1,driver_061,route_010,0,15
RIVIAN_R1_GEN1,driver_061,route_010,1,15
RIVIAN_R1_GEN1,driver_061,route_010,2,15
RIVIAN_R1_GEN1,driver_061,route_010,3,15
RIVIAN_R1_GEN1,driver_061,route_010,4,15
RIVIAN_R1_GEN1,driver_061,route_010,5,15
RIVIAN_R1_GEN1,driver_061,route_011,0,10
RIVIAN_R1_GEN1,driver_061,route_011,1,10
RIVIAN_R1_GEN1,driver_061,route_011,2,10
RIVIAN_R1_GEN1,driver_061,route_011,3,10
RIVIAN_R1_GEN1,driver_061,route_011,4,10
RIVIAN_R1_GEN1,driver_061,route_011,5,10
RIVIAN_R1_GEN1,driver_061,route_011,6,10
RIVIAN_R1_GEN1,driver_061,route_011,7,10
RIVIAN_R1_GEN1,driver_061,route_012,0,15
RIVIAN_R1_GEN1,driver_061,route_012,1,15
RIVIAN_R1_GEN1,driver_061,route_012,2,15
RIVIAN_R1_GEN1,driver_061,route_013,0,15
RIVIAN_R1_GEN1,driver_061,route_013,1,15
RIVIAN_R1_GEN1,driver_061,route_013,2,15
RIVIAN_R1_GEN1,driver_061,route_013,3,15
RIVIAN_R1_GEN1,driver_061,route_014,0,15
RIVIAN_R1_GEN1,driver_061,route_014,1,15
RIVIAN_R1_GEN1,driver_061,route_014,2,15
RIVIAN_R1_GEN1,driver_061,route_015,0,15
RIVIAN_R1_GEN1,driver_061,route_015,1,15
RIVIAN_R1_GEN1,driver_061,route_015,2,15
RIVIAN_R1_GEN1,driver_061,route_015,3,15
RIVIAN_R1_GEN1,driver_061,route_015,4,15
RIVIAN_R1_GEN1,driver_061,route_015,5,15
RIVIAN_R1_GEN1,driver_061,route_015,6,15
RIVIAN_R1_GEN1,driver_061,route_015,7,15
RIVIAN_R1_GEN1,driver_061,route_015,8,15
RIVIAN_R1_GEN1,driver_061,route_015,9,15
RIVIAN_R1_GEN1,driver_061,route_015,10,15
RIVIAN_R1_GEN1,driver_061,route_015,11,15
RIVIAN_R1_GEN1,driver_061,route_015,12,15
RIVIAN_R1_GEN1,driver_061,route_015,13,15
RIVIAN_R1_GEN1,driver_061,route_016,0,15
RIVIAN_R1_GEN1,driver_061,route_016,1,15
RIVIAN_R1_GEN1,driver_061,route_016,2,15
RIVIAN_R1_GEN1,driver_061,route_016,3,15
RIVIAN_R1_GEN1,driver_061,route_016,4,15
RIVIAN_R1_GEN1,driver_061,route_016,5,15
RIVIAN_R1_GEN1,driver_061,route_016,6,15
RIVIAN_R1_GEN1,driver_061,route_016,7,15
RIVIAN_R1_GEN1,driver_061,route_016,8,10
RIVIAN_R1_GEN1,driver_061,route_017,0,15
RIVIAN_R1_GEN1,driver_061,route_017,1,15
RIVIAN_R1_GEN1,driver_061,route_017,2,15
RIVIAN_R1_GEN1,driver_061,route_017,3,15
RIVIAN_R1_GEN1,driver_061,route_017,4,15
RIVIAN_R1_GEN1,driver_061,route_017,5,15
RIVIAN_R1_GEN1,driver_061,route_018,0,10
RIVIAN_R1_GEN1,driver_061,route_018,1,10
RIVIAN_R1_GEN1,driver_061,route_019,0,15
RIVIAN_R1_GEN1,driver_061,route_019,1,15
RIVIAN_R1_GEN1,driver_061,route_019,2,15
RIVIAN_R1_GEN1,driver_061,route_019,3,15
RIVIAN_R1_GEN1,driver_061,route_019,4,15
RIVIAN_R1_GEN1,driver_061,route_019,5,15
RIVIAN_R1_GEN1,driver_061,route_019,6,15
RIVIAN_R1_GEN1,driver_061,route_019,7,15
RIVIAN_R1_GEN1,driver_061,route_019,8,15
RIVIAN_R1_GEN1,driver_061,route_019,9,15
RIVIAN_R1_GEN1,driver_061,route_020,0,15
RIVIAN_R1_GEN1,driver_061,route_020,1,15
RIVIAN_R1_GEN1,driver_061,route_020,2,15
RIVIAN_R1_GEN1,driver_061,route_020,3,15
RIVIAN_R1_GEN1,driver_061,route_021,0,15
RIVIAN_R1_GEN1,driver_061,route_021,1,15
RIVIAN_R1_GEN1,driver_061,route_021,2,15
RIVIAN_R1_GEN1,driver_061,route_021,3,15
RIVIAN_R1_GEN1,driver_061,route_021,4,15
RIVIAN_R1_GEN1,driver_061,route_021,5,15
RIVIAN_R1_GEN1,driver_061,route_021,6,15
RIVIAN_R1_GEN1,driver_061,route_021,7,15
RIVIAN_R1_GEN1,driver_061,route_021,8,15
RIVIAN_R1_GEN1,driver_061,route_021,9,15
RIVIAN_R1_GEN1,driver_061,route_021,10,15
RIVIAN_R1_GEN1,driver_061,route_021,11,15
RIVIAN_R1_GEN1,driver_061,route_021,12,15
RIVIAN_R1_GEN1,driver_061,route_022,0,15
RIVIAN_R1_GEN1,driver_061,route_022,1,15
RIVIAN_R1_GEN1,driver_061,route_022,2,15
RIVIAN_R1_GEN1,driver_061,route_022,3,15
RIVIAN_R1_GEN1,driver_061,route_022,4,15
RIVIAN_R1_GEN1,driver_061,route_022,5,15
RIVIAN_R1_GEN1,driver_061,route_022,6,15
RIVIAN_R1_GEN1,driver_061,route_022,7,15
RIVIAN_R1_GEN1,driver_061,route_022,8,15
RIVIAN_R1_GEN1,driver_061,route_022,9,10
RIVIAN_R1_GEN1,driver_061,route_023,0,15
RIVIAN_R1_GEN1,driver_061,route_024,0,10
RIVIAN_R1_GEN1,driver_061,route_024,1,10
RIVIAN_R1_GEN1,driver_061,route_024,2,10
RIVIAN_R1_GEN1,driver_061,route_024,3,10
RIVIAN_R1_GEN1,driver_061,route_024,4,10
RIVIAN_R1_GEN1,driver_061,route_024,5,10
RIVIAN_R1_GEN1,driver_061,route_024,6,10
RIVIAN_R1_GEN1,driver_061,route_025,0,15
RIVIAN_R1_GEN1,driver_061,route_025,1,15
RIVIAN_R1_GEN1,driver_061,route_025,2,15
RIVIAN_R1_GEN1,driver_061,route_025,3,15
RIVIAN_R1_GEN1,driver_061,route_026,0,15
RIVIAN_R1_GEN1,driver_061,route_026,1,15
RIVIAN_R1_GEN1,driver_061,route_026,2,15
RIVIAN_R1_GEN1,driver_061,route_026,3,15
RIVIAN_R1_GEN1,driver_061,route_026,4,15
RIVIAN_R1_GEN1,driver_061,route_026,5,15
RIVIAN_R1_GEN1,driver_061,route_026,6,15
RIVIAN_R1_GEN1,driver_061,route_026,7,15
RIVIAN_R1_GEN1,driver_061,route_026,8,15
RIVIAN_R1_GEN1,driver_061,route_026,9,15
RIVIAN_R1_GEN1,driver_061,route_026,10,15
RIVIAN_R1_GEN1,driver_061,route_026,11,15
RIVIAN_R1_GEN1,driver_061,route_026,12,15
RIVIAN_R1_GEN1,driver_061,route_026,13,15
RIVIAN_R1_GEN1,driver_061,route_026,14,15
RIVIAN_R1_GEN1,driver_061,route_026,15,15
RIVIAN_R1_GEN1,driver_061,route_027,0,10
RIVIAN_R1_GEN1,driver_061,route_027,1,10
RIVIAN_R1_GEN1,driver_061,route_028,0,15
RIVIAN_R1_GEN1,driver_061,route_028,1,15
RIVIAN_R1_GEN1,driver_061,route_028,2,15
RIVIAN_R1_GEN1,driver_061,route_029,0,10
RIVIAN_R1_GEN1,driver_061,route_029,1,10
RIVIAN_R1_GEN1,driver_061,route_029,2,10
RIVIAN_R1_GEN1,driver_061,route_029,3,10
RIVIAN_R1_GEN1,driver_061,route_029,4,10
RIVIAN_R1_GEN1,driver_061,route_030,0,15
RIVIAN_R1_GEN1,driver_061,route_031,0,15
RIVIAN_R1_GEN1,driver_061,route_031,1,15
RIVIAN_R1_GEN1,driver_061,route_031,2,15
RIVIAN_R1_GEN1,driver_061,route_031,3,15
RIVIAN_R1_GEN1,driver_061,route_031,4,15
RIVIAN_R1_GEN1,driver_061,route_031,5,15
RIVIAN_R1_GEN1,driver_061,route_031,6,15
RIVIAN_R1_GEN1,driver_061,route_032,0,15
RIVIAN_R1_GEN1,driver_061,route_032,1,15
RIVIAN_R1_GEN1,driver_061,route_032,2,15
RIVIAN_R1_GEN1,driver_061,route_032,3,15
RIVIAN_R1_GEN1,driver_061,route_033,0,15
RIVIAN_R1_GEN1,driver_061,route_033,1,15
RIVIAN_R1_GEN1,driver_061,route_033,2,15
RIVIAN_R1_GEN1,driver_061,route_034,0,10
RIVIAN_R1_GEN1,driver_061,route_034,1,10
RIVIAN_R1_GEN1,driver_061,route_035,0,15
RIVIAN_R1_GEN1,driver_061,route_035,1,15
RIVIAN_R1_GEN1,driver_061,route_035,2,15
RIVIAN_R1_GEN1,driver_061,route_035,3,15
RIVIAN_R1_GEN1,driver_061,route_036,0,15
RIVIAN_R1_GEN1,driver_061,route_036,1,15
RIVIAN_R1_GEN1,driver_061,route_036,2,15
RIVIAN_R1_GEN1,driver_061,route_036,3,15
RIVIAN_R1_GEN1,driver_061,route_036,4,15
RIVIAN_R1_GEN1,driver_061,route_036,5,15
RIVIAN_R1_GEN1,driver_061,route_036,6,15
RIVIAN_R1_GEN1,driver_061,route_036,7,15
RIVIAN_R1_GEN1,driver_061,route_036,8,15
RIVIAN_R1_GEN1,driver_061,route_036,9,15
RIVIAN_R1_GEN1,driver_061,route_037,0,15
RIVIAN_R1_GEN1,driver_061,route_037,1,15
RIVIAN_R1_GEN1,driver_061,route_037,2,15
RIVIAN_R1_GEN1,driver_061,route_037,3,15
RIVIAN_R1_GEN1,driver_061,route_037,4,15
RIVIAN_R1_GEN1,driver_061,route_037,5,15
RIVIAN_R1_GEN1,driver_061,route_037,6,15
RIVIAN_R1_GEN1,driver_061,route_038,0,15
RIVIAN_R1_GEN1,driver_061,route_038,1,15
RIVIAN_R1_GEN1,driver_061,route_038,2,10
RIVIAN_R1_GEN1,driver_061,route_038,3,10
RIVIAN_R1_GEN1,driver_061,route_039,0,15
RIVIAN_R1_GEN1,driver_061,route_039,1,15
RIVIAN_R1_GEN1,driver_061,route_039,2,15
RIVIAN_R1_GEN1,driver_061,route_039,3,15
RIVIAN_R1_GEN1,driver_061,route_039,4,15
RIVIAN_R1_GEN1,driver_061,route_040,0,15
RIVIAN_R1_GEN1,driver_061,route_040,1,15
RIVIAN_R1_GEN1,driver_061,route_040,2,15
RIVIAN_R1_GEN1,driver_061,route_040,3,15
RIVIAN_R1_GEN1,driver_061,route_040,4,15
RIVIAN_R1_GEN1,driver_061,route_040,5,15
RIVIAN_R1_GEN1,driver_061,route_040,6,15
RIVIAN_R1_GEN1,driver_061,route_040,7,15
RIVIAN_R1_GEN1,driver_061,route_041,0,10
RIVIAN_R1_GEN1,driver_061,route_041,1,10
RIVIAN_R1_GEN1,driver_061,route_041,2,10
RIVIAN_R1_GEN1,driver_061,route_041,3,10
RIVIAN_R1_GEN1,driver_061,route_042,0,15
RIVIAN_R1_GEN1,driver_061,route_043,0,15
RIVIAN_R1_GEN1,driver_061,route_043,1,15
RIVIAN_R1_GEN1,driver_061,route_043,2,15
RIVIAN_R1_GEN1,driver_061,route_044,0,15
RIVIAN_R1_GEN1,driver_061,route_044,1,15
RIVIAN_R1_GEN1,driver_061,route_044,2,15
RIVIAN_R1_GEN1,driver_061,route_044,3,15
RIVIAN_R1_GEN1,driver_061,route_044,4,15
RIVIAN_R1_GEN1,driver_061,route_044,5,10
RIVIAN_R1_GEN1,driver_061,route_045,0,15
RIVIAN_R1_GEN1,driver_061,route_045,1,15
RIVIAN_R1_GEN1,driver_061,route_045,2,15
RIVIAN_R1_GEN1,driver_061,route_045,3,15
RIVIAN_R1_GEN1,driver_061,route_045,4,15
RIVIAN_R1_GEN1,driver_061,route_045,5,15
RIVIAN_R1_GEN1,driver_061,route_046,0,10
RIVIAN_R1_GEN1,driver_061,route_046,1,10
RIVIAN_R1_GEN1,driver_061,route_046,2,10
RIVIAN_R1_GEN1,driver_061,route_047,0,10
RIVIAN_R1_GEN1,driver_061,route_047,1,10
RIVIAN_R1_GEN1,driver_061,route_047,2,10
RIVIAN_R1_GEN1,driver_061,route_047,3,10
RIVIAN_R1_GEN1,driver_061,route_047,4,10
RIVIAN_R1_GEN1,driver_061,route_047,5,10
RIVIAN_R1_GEN1,driver_061,route_047,6,10
RIVIAN_R1_GEN1,driver_061,route_047,7,10
RIVIAN_R1_GEN1,driver_061,route_047,8,10
RIVIAN_R1_GEN1,driver_061,route_047,9,10
RIVIAN_R1_GEN1,driver_061,route_048,0,15
RIVIAN_R1_GEN1,driver_061,route_048,1,15
RIVIAN_R1_GEN1,driver_061,route_048,2,15
RIVIAN_R1_GEN1,driver_061,route_048,3,15
RIVIAN_R1_GEN1,driver_061,route_048,4,15
RIVIAN_R1_GEN1,driver_061,route_048,5,15
RIVIAN_R1_GEN1,driver_061,route_048,6,15
RIVIAN_R1_GEN1,driver_061,route_048,7,15
RIVIAN_R1_GEN1,driver_061,route_048,8,15
RIVIAN_R1_GEN1,driver_061,route_048,9,15
RIVIAN_R1_GEN1,driver_061,route_048,10,15
RIVIAN_R1_GEN1,driver_061,route_049,0,15
RIVIAN_R1_GEN1,driver_061,route_049,1,15
RIVIAN_R1_GEN1,driver_061,route_049,2,15
RIVIAN_R1_GEN1,driver_061,route_049,3,15
RIVIAN_R1_GEN1,driver_061,route_049,4,15
RIVIAN_R1_GEN1,driver_061,route_050,0,15
RIVIAN_R1_GEN1,driver_061,route_050,1,15
RIVIAN_R1_GEN1,driver_061,route_050,2,15
RIVIAN_R1_GEN1,driver_061,route_050,3,15
RIVIAN_R1_GEN1,driver_061,route_050,4,15
RIVIAN_R1_GEN1,driver_061,route_051,0,15
RIVIAN_R1_GEN1,driver_061,route_051,1,15
RIVIAN_R1_GEN1,driver_061,route_051,2,15
RIVIAN_R1_GEN1,driver_061,route_051,3,15
RIVIAN_R1_GEN1,driver_061,route_051,4,15
RIVIAN_R1_GEN1,driver_061,route_051,5,15
RIVIAN_R1_GEN1,driver_061,route_051,6,15
RIVIAN_R1_GEN1,driver_061,route_052,0,15
RIVIAN_R1_GEN1,driver_061,route_052,1,15
RIVIAN_R1_GEN1,driver_061,route_052,2,15
RIVIAN_R1_GEN1,driver_061,route_052,3,15
RIVIAN_R1_GEN1,driver_061,route_052,4,15
RIVIAN_R1_GEN1,driver_061,route_053,0,15
RIVIAN_R1_GEN1,driver_061,route_053,1,15
RIVIAN_R1_GEN1,driver_061,route_053,2,15
RIVIAN_R1_GEN1,driver_061,route_053,3,15
RIVIAN_R1_GEN1,driver_061,route_053,4,15
RIVIAN_R1_GEN1,driver_061,route_053,5,15
RIVIAN_R1_GEN1,driver_061,route_053,6,15
RIVIAN_R1_GEN1,driver_061,route_053,7,15
RIVIAN_R1_GEN1,driver_061,route_053,8,15
RIVIAN_R1_GEN1,driver_061,route_054,0,15
RIVIAN_R1_GEN1,driver_061,route_054,1,15
RIVIAN_R1_GEN1,driver_061,route_054,2,15
RIVIAN_R1_GEN1,driver_061,route_054,3,15
RIVIAN_R1_GEN1,driver_061,route_054,4,15
RIVIAN_R1_GEN1,driver_061,route_054,5,15
RIVIAN_R1_GEN1,driver_061,route_054,6,15
RIVIAN_R1_GEN1,driver_061,route_054,7,15
RIVIAN_R1_GEN1,driver_061,route_054,8,15
RIVIAN_R1_GEN1,driver_061,route_054,9,15
RIVIAN_R1_GEN1,driver_061,route_054,10,15
RIVIAN_R1_GEN1,driver_061,route_054,11,15
RIVIAN_R1_GEN1,driver_061,route_054,12,15
RIVIAN_R1_GEN1,driver_061,route_054,13,10
RIVIAN_R1_GEN1,driver_061,route_055,0,10
RIVIAN_R1_GEN1,driver_061,route_055,1,10
RIVIAN_R1_GEN1,driver_061,route_055,2,10
RIVIAN_R1_GEN1,driver_061,route_055,3,10
RIVIAN_R1_GEN1,driver_061,route_055,4,10
RIVIAN_R1_GEN1,driver_061,route_056,0,15
RIVIAN_R1_GEN1,driver_061,route_056,1,15
RIVIAN_R1_GEN1,driver_061,route_056,2,15
RIVIAN_R1_GEN1,driver_061,route_056,3,15
RIVIAN_R1_GEN1,driver_061,route_056,4,10
RIVIAN_R1_GEN1,driver_061,route_057,0,10
RIVIAN_R1_GEN1,driver_061,route_057,1,10
RIVIAN_R1_GEN1,driver_061,route_057,2,10
RIVIAN_R1_GEN1,driver_061,route_057,3,10
RIVIAN_R1_GEN1,driver_061,route_057,4,10
RIVIAN_R1_GEN1,driver_061,route_058,0,15
RIVIAN_R1_GEN1,driver_061,route_058,1,15
RIVIAN_R1_GEN1,driver_061,route_059,0,10
RIVIAN_R1_GEN1,driver_061,route_059,1,10
RIVIAN_R1_GEN1,driver_061,route_059,2,10
RIVIAN_R1_GEN1,driver_061,route_059,3,10
RIVIAN_R1_GEN1,driver_061,route_059,4,10
RIVIAN_R1_GEN1,driver_061,route_059,5,10
RIVIAN_R1_GEN1,driver_061,route_059,6,10
RIVIAN_R1_GEN1,driver_061,route_060,0,15
RIVIAN_R1_GEN1,driver_061,route_060,1,15
RIVIAN_R1_GEN1,driver_061,route_060,2,15
RIVIAN_R1_GEN1,driver_061,route_060,3,15
RIVIAN_R1_GEN1,driver_061,route_060,4,15
RIVIAN_R1_GEN1,driver_061,route_060,5,15
RIVIAN_R1_GEN1,driver_061,route_060,6,15
RIVIAN_R1_GEN1,driver_061,route_060,7,15
RIVIAN_R1_GEN1,driver_061,route_060,8,15
RIVIAN_R1_GEN1,driver_061,route_060,9,15
RIVIAN_R1_GEN1,driver_061,route_060,10,10
RIVIAN_R1_GEN1,driver_061,route_060,11,10
RIVIAN_R1_GEN1,driver_061,route_060,12,10
RIVIAN_R1_GEN1,driver_061,route_061,0,10
RIVIAN_R1_GEN1,driver_061,route_062,0,10
RIVIAN_R1_GEN1,driver_061,route_062,1,10
RIVIAN_R1_GEN1,driver_061,route_062,2,10
RIVIAN_R1_GEN1,driver_061,route_062,3,10
RIVIAN_R1_GEN1,driver_061,route_062,4,10
RIVIAN_R1_GEN1,driver_061,route_062,5,10
RIVIAN_R1_GEN1,driver_061,route_063,0,15
RIVIAN_R1_GEN1,driver_061,route_063,1,15
RIVIAN_R1_GEN1,driver_061,route_063,2,15
RIVIAN_R1_GEN1,driver_061,route_063,3,15
RIVIAN_R1_GEN1,driver_061,route_063,4,15
RIVIAN_R1_GEN1,driver_061,route_063,5,15
RIVIAN_R1_GEN1,driver_061,route_064,0,15
RIVIAN_R1_GEN1,driver_061,route_064,1,15
RIVIAN_R1_GEN1,driver_061,route_064,2,15
RIVIAN_R1_GEN1,driver_061,route_065,0,15
RIVIAN_R1_GEN1,driver_061,route_065,1,15
RIVIAN_R1_GEN1,driver_061,route_065,2,15
RIVIAN_R1_GEN1,driver_061,route_066,0,15
RIVIAN_R1_GEN1,driver_061,route_066,1,15
RIVIAN_R1_GEN1,driver_061,route_066,2,15
RIVIAN_R1_GEN1,driver_061,route_066,3,15
RIVIAN_R1_GEN1,driver_061,route_066,4,15
RIVIAN_R1_GEN1,driver_061,route_066,5,15
RIVIAN_R1_GEN1,driver_061,route_067,0,10
RIVIAN_R1_GEN1,driver_061,route_067,1,10
RIVIAN_R1_GEN1,driver_061,route_067,2,10
RIVIAN_R1_GEN1,driver_061,route_067,3,10
RIVIAN_R1_GEN1,driver_061,route_067,4,10
RIVIAN_R1_GEN1,driver_061,route_068,0,15
RIVIAN_R1_GEN1,driver_061,route_068,1,15
RIVIAN_R1_GEN1,driver_061,route_069,0,15
RIVIAN_R1_GEN1,driver_061,route_069,1,15
RIVIAN_R1_GEN1,driver_061,route_069,2,15
RIVIAN_R1_GEN1,driver_061,route_069,3,15
RIVIAN_R1_GEN1,driver_061,route_069,4,15
RIVIAN_R1_GEN1,driver_061,route_069,5,15
RIVIAN_R1_GEN1,driver_061,route_070,0,15
RIVIAN_R1_GEN1,driver_061,route_070,1,15
RIVIAN_R1_GEN1,driver_061,route_070,2,15
RIVIAN_R1_GEN1,driver_061,route_071,0,15
RIVIAN_R1_GEN1,driver_061,route_071,1,15
RIVIAN_R1_GEN1,driver_061,route_071,2,15
RIVIAN_R1_GEN1,driver_061,route_071,3,15
RIVIAN_R1_GEN1,driver_061,route_071,4,15
RIVIAN_R1_GEN1,driver_061,route_071,5,15
RIVIAN_R1_GEN1,driver_061,route_071,6,15
RIVIAN_R1_GEN1,driver_061,route_071,7,15
RIVIAN_R1_GEN1,driver_061,route_071,8,15
RIVIAN_R1_GEN1,driver_061,route_071,9,15
RIVIAN_R1_GEN1,driver_061,route_072,0,10
RIVIAN_R1_GEN1,driver_061,route_072,1,10
RIVIAN_R1_GEN1,driver_061,route_073,0,15
RIVIAN_R1_GEN1,driver_061,route_073,1,15
RIVIAN_R1_GEN1,driver_061,route_074,0,15
RIVIAN_R1_GEN1,driver_061,route_074,1,15
RIVIAN_R1_GEN1,driver_061,route_074,2,15
RIVIAN_R1_GEN1,driver_061,route_074,3,15
RIVIAN_R1_GEN1,driver_061,route_075,0,15
RIVIAN_R1_GEN1,driver_061,route_075,1,15
RIVIAN_R1_GEN1,driver_061,route_075,2,15
RIVIAN_R1_GEN1,driver_061,route_075,3,15
RIVIAN_R1_GEN1,driver_061,route_075,4,15
RIVIAN_R1_GEN1,driver_061,route_075,5,10
RIVIAN_R1_GEN1,driver_061,route_076,0,10
RIVIAN_R1_GEN1,driver_061,route_076,1,10
RIVIAN_R1_GEN1,driver_061,route_076,2,10
RIVIAN_R1_GEN1,driver_061,route_076,3,10
RIVIAN_R1_GEN1,driver_061,route_077,0,15
RIVIAN_R1_GEN1,driver_061,route_077,1,15
RIVIAN_R1_GEN1,driver_061,route_077,2,15
RIVIAN_R1_GEN1,driver_061,route_077,3,15
RIVIAN_R1_GEN1,driver_061,route_077,4,15
RIVIAN_R1_GEN1,driver_061,route_077,5,10
RIVIAN_R1_GEN1,driver_061,route_077,6,10
RIVIAN_R1_GEN1,driver_061,route_078,0,15
RIVIAN_R1_GEN1,driver_061,route_079,0,15
RIVIAN_R1_GEN1,driver_061,route_079,1,15
RIVIAN_R1_GEN1,driver_061,route_079,2,15
RIVIAN_R1_GEN1,driver_061,route_079,3,15
RIVIAN_R1_GEN1,driver_061,route_080,0,15
RIVIAN_R1_GEN1,driver_061,route_080,1,15
RIVIAN_R1_GEN1,driver_061,route_080,2,15
RIVIAN_R1_GEN1,driver_061,route_080,3,15
RIVIAN_R1_GEN1,driver_061,route_080,4,15
RIVIAN_R1_GEN1,driver_061,route_080,5,15
RIVIAN_R1_GEN1,driver_061,route_081,0,15
RIVIAN_R1_GEN1,driver_061,route_081,1,15
RIVIAN_R1_GEN1,driver_061,route_081,2,15
RIVIAN_R1_GEN1,driver_061,route_082,0,15
RIVIAN_R1_GEN1,driver_061,route_082,1,15
RIVIAN_R1_GEN1,driver_061,route_082,2,15
RIVIAN_R1_GEN1,driver_061,route_082,3,15
RIVIAN_R1_GEN1,driver_061,route_082,4,15
RIVIAN_R1_GEN1,driver_061,route_082,5,15
RIVIAN_R1_GEN1,driver_061,route_082,6,15
RIVIAN_R1_GEN1,driver_061,route_082,7,15
RIVIAN_R1_GEN1,driver_061,route_082,8,15
RIVIAN_R1_GEN1,driver_061,route_083,0,15
RIVIAN_R1_GEN1,driver_061,route_083,1,15
RIVIAN_R1_GEN1,driver_061,route_083,2,15
RIVIAN_R1_GEN1,driver_061,route_083,3,15
RIVIAN_R1_GEN1,driver_061,route_083,4,15
RIVIAN_R1_GEN1,driver_061,route_083,5,15
RIVIAN_R1_GEN1,driver_061,route_083,6,15
RIVIAN_R1_GEN1,driver_061,route_084,0,15
RIVIAN_R1_GEN1,driver_061,route_084,1,15
RIVIAN_R1_GEN1,driver_061,route_084,2,15
RIVIAN_R1_GEN1,driver_061,route_084,3,15
RIVIAN_R1_GEN1,driver_061,route_084,4,15
RIVIAN_R1_GEN1,driver_061,route_084,5,15
RIVIAN_R1_GEN1,driver_061,route_084,6,15
RIVIAN_R1_GEN1,driver_061,route_085,0,15
RIVIAN_R1_GEN1,driver_061,route_085,1,10
RIVIAN_R1_GEN1,driver_061,route_086,0,15
RIVIAN_R1_GEN1,driver_061,route_086,1,15
RIVIAN_R1_GEN1,driver_061,route_086,2,15
RIVIAN_R1_GEN1,driver_061,route_086,3,15
RIVIAN_R1_GEN1,driver_061,route_086,4,15
RIVIAN_R1_GEN1,driver_061,route_087,0,15
RIVIAN_R1_GEN1,driver_061,route_087,1,15
RIVIAN_R1_GEN1,driver_061,route_087,2,15
RIVIAN_R1_GEN1,driver_061,route_087,3,15
RIVIAN_R1_GEN1,driver_061,route_087,4,15
RIVIAN_R1_GEN1,driver_061,route_087,5,15
RIVIAN_R1_GEN1,driver_061,route_088,0,15
RIVIAN_R1_GEN1,driver_061,route_088,1,15
RIVIAN_R1_GEN1,driver_061,route_088,2,15
RIVIAN_R1_GEN1,driver_061,route_088,3,15
RIVIAN_R1_GEN1,driver_061,route_088,4,15
RIVIAN_R1_GEN1,driver_061,route_088,5,15
RIVIAN_R1_GEN1,driver_061,route_089,0,15
RIVIAN_R1_GEN1,driver_061,route_089,1,15
RIVIAN_R1_GEN1,driver_061,route_089,2,15
RIVIAN_R1_GEN1,driver_061,route_089,3,15
RIVIAN_R1_GEN1,driver_061,route_090,0,15
RIVIAN_R1_GEN1,driver_061,route_090,1,15
RIVIAN_R1_GEN1,driver_061,route_090,2,15
RIVIAN_R1_GEN1,driver_061,route_090,3,15
RIVIAN_R1_GEN1,driver_061,route_090,4,15
RIVIAN_R1_GEN1,driver_061,route_090,5,15
RIVIAN_R1_GEN1,driver_061,route_091,0,15
RIVIAN_R1_GEN1,driver_061,route_091,1,15
RIVIAN_R1_GEN1,driver_061,route_092,0,15
RIVIAN_R1_GEN1,driver_061,route_092,1,15
RIVIAN_R1_GEN1,driver_061,route_092,2,15
RIVIAN_R1_GEN1,driver_061,route_093,0,15
RIVIAN_R1_GEN1,driver_061,route_094,0,15
RIVIAN_R1_GEN1,driver_061,route_094,1,15
RIVIAN_R1_GEN1,driver_061,route_094,2,15
RIVIAN_R1_GEN1,driver_061,route_094,3,15
RIVIAN_R1_GEN1,driver_061,route_094,4,15
RIVIAN_R1_GEN1,driver_061,route_094,5,15
RIVIAN_R1_GEN1,driver_061,route_094,6,15
RIVIAN_R1_GEN1,driver_061,route_094,7,15
RIVIAN_R1_GEN1,driver_061,route_094,8,15
RIVIAN_R1_GEN1,driver_061,route_094,9,15
RIVIAN_R1_GEN1,driver_061,route_094,10,15
RIVIAN_R1_GEN1,driver_061,route_095,0,15
RIVIAN_R1_GEN1,driver_061,route_095,1,15
RIVIAN_R1_GEN1,driver_061,route_095,2,15
RIVIAN_R1_GEN1,driver_061,route_095,3,15
RIVIAN_R1_GEN1,driver_061,route_095,4,15
RIVIAN_R1_GEN1,driver_061,route_095,5,15
RIVIAN_R1_GEN1,driver_061,route_095,6,15
RIVIAN_R1_GEN1,driver_061,route_096,0,15
RIVIAN_R1_GEN1,driver_061,route_097,0,15
RIVIAN_R1_GEN1,driver_061,route_098,0,15
RIVIAN_R1_GEN1,driver_061,route_098,1,15
RIVIAN_R1_GEN1,driver_061,route_098,2,15
RIVIAN_R1_GEN1,driver_061,route_098,3,15
RIVIAN_R1_GEN1,driver_061,route_098,4,15
RIVIAN_R1_GEN1,driver_061,route_098,5,15
RIVIAN_R1_GEN1,driver_061,route_099,0,15
RIVIAN_R1_GEN1,driver_061,route_100,0,15
RIVIAN_R1_GEN1,driver_061,route_100,1,15
RIVIAN_R1_GEN1,driver_061,route_100,2,15
RIVIAN_R1_GEN1,driver_061,route_100,3,15
RIVIAN_R1_GEN1,driver_061,route_101,0,15
RIVIAN_R1_GEN1,driver_061,route_102,0,15
RIVIAN_R1_GEN1,driver_061,route_102,1,15
RIVIAN_R1_GEN1,driver_061,route_102,2,15
RIVIAN_R1_GEN1,driver_061,route_103,0,15
RIVIAN_R1_GEN1,driver_061,route_103,1,15
RIVIAN_R1_GEN1,driver_061,route_104,0,15
RIVIAN_R1_GEN1,driver_061,route_104,1,15
RIVIAN_R1_GEN1,driver_061,route_104,2,15
RIVIAN_R1_GEN1,driver_061,route_104,3,15
RIVIAN_R1_GEN1,driver_061,route_104,4,15
RIVIAN_R1_GEN1,driver_061,route_104,5,15
RIVIAN_R1_GEN1,driver_061,route_104,6,15
RIVIAN_R1_GEN1,driver_061,route_104,7,15
RIVIAN_R1_GEN1,driver_061,route_105,0,15
RIVIAN_R1_GEN1,driver_061,route_106,0,15
RIVIAN_R1_GEN1,driver_061,route_106,1,15
RIVIAN_R1_GEN1,driver_061,route_106,2,15
RIVIAN_R1_GEN1,driver_061,route_106,3,15
RIVIAN_R1_GEN1,driver_061,route_106,4,15
RIVIAN_R1_GEN1,driver_061,route_107,0,15
RIVIAN_R1_GEN1,driver_061,route_107,1,15
RIVIAN_R1_GEN1,driver_061,route_107,2,15
RIVIAN_R1_GEN1,driver_061,route_107,3,15
RIVIAN_R1_GEN1,driver_061,route_108,0,15
RIVIAN_R1_GEN1,driver_061,route_109,0,15
RIVIAN_R1_GEN1,driver_061,route_109,1,15
RIVIAN_R1_GEN1,driver_061,route_109,2,15
RIVIAN_R1_GEN1,driver_061,route_109,3,15
RIVIAN_R1_GEN1,driver_061,route_110,0,15
RIVIAN_R1_GEN1,driver_061,route_111,0,15
RIVIAN_R1_GEN1,driver_061,route_111,1,15
RIVIAN_R1_GEN1,driver_061,route_111,2,15
RIVIAN_R1_GEN1,driver_061,route_111,3,15
RIVIAN_R1_GEN1,driver_061,route_111,4,15
RIVIAN_R1_GEN1,driver_061,route_112,0,15
RIVIAN_R1_GEN1,driver_061,route_112,1,15
RIVIAN_R1_GEN1,driver_061,route_112,2,15
RIVIAN_R1_GEN1,driver_061,route_112,3,15
RIVIAN_R1_GEN1,driver_061,route_112,4,15
RIVIAN_R1_GEN1,driver_061,route_113,0,15
RIVIAN_R1_GEN1,driver_061,route_113,1,15
RIVIAN_R1_GEN1,driver_061,route_113,2,15
RIVIAN_R1_GEN1,driver_061,route_113,3,15
RIVIAN_R1_GEN1,driver_061,route_113,4,15
RIVIAN_R1_GEN1,driver_061,route_114,0,15
RIVIAN_R1_GEN1,driver_061,route_114,1,15
RIVIAN_R1_GEN1,driver_061,route_114,2,15
RIVIAN_R1_GEN1,driver_061,route_114,3,15
RIVIAN_R1_GEN1,driver_061,route_114,4,15
RIVIAN_R1_GEN1,driver_061,route_115,0,15
RIVIAN_R1_GEN1,driver_061,route_115,1,15
RIVIAN_R1_GEN1,driver_061,route_115,2,15
RIVIAN_R1_GEN1,driver_061,route_115,3,15
RIVIAN_R1_GEN1,driver_061,route_115,4,15
RIVIAN_R1_GEN1,driver_061,route_116,0,15
RIVIAN_R1_GEN1,driver_061,route_116,1,15
RIVIAN_R1_GEN1,driver_061,route_116,2,15
RIVIAN_R1_GEN1,driver_061,route_117,0,15
RIVIAN_R1_GEN1,driver_061,route_118,0,15
RIVIAN_R1_GEN1,driver_061,route_118,1,15
RIVIAN_R1_GEN1,driver_061,route_119,0,15
RIVIAN_R1_GEN1,driver_061,route_119,1,15
RIVIAN_R1_GEN1,driver_061,route_119,2,15
RIVIAN_R1_GEN1,driver_061,route_119,3,15
RIVIAN_R1_GEN1,driver_061,route_119,4,15
RIVIAN_R1_GEN1,driver_061,route_119,5,15
RIVIAN_R1_GEN1,driver_061,route_119,6,15
RIVIAN_R1_GEN1,driver_061,route_119,7,15
RIVIAN_R1_GEN1,driver_061,route_120,0,15
RIVIAN_R1_GEN1,driver_061,route_121,0,15
RIVIAN_R1_GEN1,driver_061,route_121,1,15
RIVIAN_R1_GEN1,driver_061,route_121,2,15
RIVIAN_R1_GEN1,driver_061,route_122,0,15
RIVIAN_R1_GEN1,driver_061,route_122,1,15
RIVIAN_R1_GEN1,driver_061,route_122,2,15
RIVIAN_R1_GEN1,driver_061,route_123,0,15
RIVIAN_R1_GEN1,driver_061,route_123,1,15
RIVIAN_R1_GEN1,driver_061,route_123,2,15
RIVIAN_R1_GEN1,driver_061,route_123,3,15
RIVIAN_R1_GEN1,driver_061,route_124,0,15
RIVIAN_R1_GEN1,driver_061,route_124,1,15
RIVIAN_R1_GEN1,driver_061,route_124,2,15
RIVIAN_R1_GEN1,driver_061,route_124,3,15
RIVIAN_R1_GEN1,driver_061,route_124,4,15
RIVIAN_R1_GEN1,driver_061,route_124,5,15
RIVIAN_R1_GEN1,driver_061,route_124,6,15
RIVIAN_R1_GEN1,driver_061,route_124,7,15
RIVIAN_R1_GEN1,driver_061,route_124,8,15
RIVIAN_R1_GEN1,driver_061,route_124,9,15
RIVIAN_R1_GEN1,driver_061,route_124,10,15
RIVIAN_R1_GEN1,driver_061,route_124,11,15
RIVIAN_R1_GEN1,driver_061,route_125,0,15
RIVIAN_R1_GEN1,driver_061,route_126,0,15
RIVIAN_R1_GEN1,driver_061,route_126,1,15
RIVIAN_R1_GEN1,driver_061,route_126,2,15
RIVIAN_R1_GEN1,driver_061,route_127,0,15
RIVIAN_R1_GEN1,driver_061,route_128,0,15
RIVIAN_R1_GEN1,driver_061,route_128,1,15
RIVIAN_R1_GEN1,driver_061,route_128,2,15
RIVIAN_R1_GEN1,driver_061,route_129,0,15
RIVIAN_R1_GEN1,driver_061,route_129,1,15
RIVIAN_R1_GEN1,driver_061,route_130,0,15
RIVIAN_R1_GEN1,driver_061,route_130,1,15
RIVIAN_R1_GEN1,driver_061,route_130,2,15
RIVIAN_R1_GEN1,driver_061,route_130,3,15
RIVIAN_R1_GEN1,driver_061,route_130,4,15
RIVIAN_R1_GEN1,driver_061,route_130,5,15
RIVIAN_R1_GEN1,driver_061,route_131,0,15
RIVIAN_R1_GEN1,driver_061,route_131,1,15
RIVIAN_R1_GEN1,driver_061,route_131,2,15
RIVIAN_R1_GEN1,driver_061,route_131,3,15
RIVIAN_R1_GEN1,driver_061,route_131,4,15
RIVIAN_R1_GEN1,driver_061,route_131,5,15
RIVIAN_R1_GEN1,driver_061,route_132,0,15
RIVIAN_R1_GEN1,driver_061,route_132,1,15
RIVIAN_R1_GEN1,driver_061,route_132,2,15
RIVIAN_R1_GEN1,driver_061,route_132,3,15
RIVIAN_R1_GEN1,driver_061,route_132,4,15
RIVIAN_R1_GEN1,driver_061,route_132,5,15
RIVIAN_R1_GEN1,driver_061,route_132,6,15
RIVIAN_R1_GEN1,driver_061,route_133,0,15
RIVIAN_R1_GEN1,driver_061,route_133,1,15
RIVIAN_R1_GEN1,driver_061,route_133,2,15
RIVIAN_R1_GEN1,driver_061,route_134,0,15
RIVIAN_R1_GEN1,driver_061,route_134,1,15
RIVIAN_R1_GEN1,driver_061,route_134,2,15
RIVIAN_R1_GEN1,driver_061,route_135,0,15
RIVIAN_R1_GEN1,driver_061,route_135,1,15
RIVIAN_R1_GEN1,driver_061,route_135,2,15
RIVIAN_R1_GEN1,driver_061,route_135,3,15
RIVIAN_R1_GEN1,driver_061,route_135,4,15
RIVIAN_R1_GEN1,driver_061,route_135,5,15
RIVIAN_R1_GEN1,driver_061,route_136,0,15
RIVIAN_R1_GEN1,driver_061,route_136,1,15
RIVIAN_R1_GEN1,driver_061,route_136,2,15
RIVIAN_R1_GEN1,driver_061,route_136,3,15
RIVIAN_R1_GEN1,driver_061,route_136,4,15
RIVIAN_R1_GEN1,driver_061,route_136,5,15
RIVIAN_R1_GEN1,driver_061,route_136,6,15
RIVIAN_R1_GEN1,driver_061,route_136,7,15
RIVIAN_R1_GEN1,driver_061,route_136,8,15
RIVIAN_R1_GEN1,driver_061,route_136,9,15
RIVIAN_R1_GEN1,driver_061,route_136,10,15
RIVIAN_R1_GEN1,driver_061,route_137,0,15
RIVIAN_R1_GEN1,driver_061,route_137,1,15
RIVIAN_R1_GEN1,driver_061,route_137,2,15
RIVIAN_R1_GEN1,driver_061,route_138,0,15
RIVIAN_R1_GEN1,driver_061,route_138,1,15
RIVIAN_R1_GEN1,driver_061,route_138,2,15
RIVIAN_R1_GEN1,driver_061,route_138,3,15
RIVIAN_R1_GEN1,driver_061,route_138,4,15
RIVIAN_R1_GEN1,driver_061,route_138,5,15
RIVIAN_R1_GEN1,driver_061,route_138,6,15
RIVIAN_R1_GEN1,driver_061,route_138,7,15
RIVIAN_R1_GEN1,driver_061,route_138,8,15
RIVIAN_R1_GEN1,driver_061,route_138,9,15
RIVIAN_R1_GEN1,driver_061,route_138,10,15
RIVIAN_R1_GEN1,driver_061,route_138,11,15
RIVIAN_R1_GEN1,driver_061,route_139,0,15
RIVIAN_R1_GEN1,driver_061,route_139,1,15
RIVIAN_R1_GEN1,driver_061,route_139,2,15
RIVIAN_R1_GEN1,driver_061,route_139,3,15
RIVIAN_R1_GEN1,driver_061,route_139,4,15
RIVIAN_R1_GEN1,driver_061,route_139,5,15
RIVIAN_R1_GEN1,driver_061,route_139,6,15
RIVIAN_R1_GEN1,driver_061,route_139,7,15
RIVIAN_R1_GEN1,driver_061,route_139,8,15
RIVIAN_R1_GEN1,driver_061,route_139,9,15
RIVIAN_R1_GEN1,driver_061,route_140,0,15
RIVIAN_R1_GEN1,driver_061,route_141,0,15
RIVIAN_R1_GEN1,driver_061,route_141,1,15
RIVIAN_R1_GEN1,driver_061,route_141,2,15
RIVIAN_R1_GEN1,driver_061,route_141,3,15
RIVIAN_R1_GEN1,driver_061,route_141,4,15
RIVIAN_R1_GEN1,driver_061,route_141,5,15
RIVIAN_R1_GEN1,driver_061,route_142,0,15
RIVIAN_R1_GEN1,driver_061,route_142,1,15
RIVIAN_R1_GEN1,driver_061,route_142,2,15
RIVIAN_R1_GEN1,driver_061,route_142,3,15
RIVIAN_R1_GEN1,driver_061,route_143,0,15
RIVIAN_R1_GEN1,driver_061,route_143,1,15
RIVIAN_R1_GEN1,driver_087,route_001,0,10
RIVIAN_R1_GEN1,driver_087,route_002,0,10
RIVIAN_R1_GEN1,driver_087,route_002,1,10
RIVIAN_R1_GEN1,driver_095,route_001,0,10
RIVIAN_R1_GEN1,driver_095,route_001,1,10
RIVIAN_R1_GEN1,driver_095,route_001,2,10
RIVIAN_R1_GEN1,driver_095,route_001,3,10
RIVIAN_R1_GEN1,driver_095,route_002,0,15
RIVIAN_R1_GEN1,driver_095,route_002,1,15
RIVIAN_R1_GEN1,driver_095,route_002,2,15
RIVIAN_R1_GEN1,driver_095,route_002,3,15
RIVIAN_R1_GEN1,driver_095,route_002,4,15
RIVIAN_R1_GEN1,driver_095,route_002,5,15
RIVIAN_R1_GEN1,driver_095,route_002,6,10
RIVIAN_R1_GEN1,driver_095,route_003,0,15
RIVIAN_R1_GEN1,driver_095,route_003,1,15
RIVIAN_R1_GEN1,driver_095,route_003,2,15
RIVIAN_R1_GEN1,driver_095,route_004,0,15
RIVIAN_R1_GEN1,driver_095,route_004,1,15
RIVIAN_R1_GEN1,driver_095,route_004,2,15
RIVIAN_R1_GEN1,driver_095,route_004,3,15
RIVIAN_R1_GEN1,driver_095,route_004,4,15
RIVIAN_R1_GEN1,driver_095,route_005,0,10
RIVIAN_R1_GEN1,driver_095,route_005,1,10
RIVIAN_R1_GEN1,driver_095,route_005,2,10
RIVIAN_R1_GEN1,driver_095,route_005,3,10
RIVIAN_R1_GEN1,driver_095,route_005,4,10
RIVIAN_R1_GEN1,driver_095,route_005,5,10
RIVIAN_R1_GEN1,driver_095,route_005,6,10
RIVIAN_R1_GEN1,driver_095,route_005,7,10
RIVIAN_R1_GEN1,driver_095,route_005,8,10
RIVIAN_R1_GEN1,driver_095,route_005,9,10
RIVIAN_R1_GEN1,driver_095,route_005,10,10
RIVIAN_R1_GEN1,driver_095,route_005,11,10
RIVIAN_R1_GEN1,driver_095,route_006,0,10
RIVIAN_R1_GEN1,driver_095,route_006,1,10
RIVIAN_R1_GEN1,driver_095,route_007,0,15
RIVIAN_R1_GEN1,driver_095,route_007,1,15
RIVIAN_R1_GEN1,driver_095,route_007,2,15
RIVIAN_R1_GEN1,driver_095,route_007,3,15
RIVIAN_R1_GEN1,driver_095,route_007,4,15
RIVIAN_R1_GEN1,driver_095,route_007,5,15
RIVIAN_R1_GEN1,driver_095,route_007,6,15
RIVIAN_R1_GEN1,driver_095,route_007,7,15
RIVIAN_R1_GEN1,driver_095,route_007,8,15
RIVIAN_R1_GEN1,driver_095,route_007,9,15
RIVIAN_R1_GEN1,driver_095,route_007,10,15
RIVIAN_R1_GEN1,driver_095,route_007,11,15
RIVIAN_R1_GEN1,driver_095,route_007,12,15
RIVIAN_R1_GEN1,driver_095,route_007,13,15
RIVIAN_R1_GEN1,driver_095,route_008,0,15
RIVIAN_R1_GEN1,driver_095,route_008,1,15
RIVIAN_R1_GEN1,driver_095,route_008,2,15
RIVIAN_R1_GEN1,driver_095,route_008,3,15
RIVIAN_R1_GEN1,driver_095,route_008,4,15
RIVIAN_R1_GEN1,driver_095,route_008,5,15
RIVIAN_R1_GEN1,driver_095,route_008,6,15
RIVIAN_R1_GEN1,driver_095,route_008,7,15
RIVIAN_R1_GEN1,driver_095,route_009,0,15
RIVIAN_R1_GEN1,driver_095,route_009,1,15
RIVIAN_R1_GEN1,driver_095,route_009,2,15
RIVIAN_R1_GEN1,driver_095,route_010,0,15
RIVIAN_R1_GEN1,driver_095,route_010,1,15
RIVIAN_R1_GEN1,driver_095,route_011,0,15
RIVIAN_R1_GEN1,driver_095,route_011,1,15
RIVIAN_R1_GEN1,driver_095,route_011,2,15
RIVIAN_R1_GEN1,driver_095,route_011,3,15
RIVIAN_R1_GEN1,driver_095,route_011,4,15
RIVIAN_R1_GEN1,driver_095,route_011,5,15
RIVIAN_R1_GEN1,driver_095,route_011,6,15
RIVIAN_R1_GEN1,driver_095,route_011,7,15
RIVIAN_R1_GEN1,driver_095,route_012,0,15
RIVIAN_R1_GEN1,driver_095,route_013,0,10
RIVIAN_R1_GEN1,driver_095,route_013,1,10
RIVIAN_R1_GEN1,driver_095,route_013,2,10
RIVIAN_R1_GEN1,driver_095,route_014,0,15
RIVIAN_R1_GEN1,driver_095,route_014,1,15
RIVIAN_R1_GEN1,driver_095,route_015,0,15
RIVIAN_R1_GEN1,driver_095,route_015,1,15
RIVIAN_R1_GEN1,driver_095,route_015,2,15
RIVIAN_R1_GEN1,driver_095,route_015,3,15
RIVIAN_R1_GEN1,driver_095,route_015,4,15
RIVIAN_R1_GEN1,driver_095,route_015,5,15
RIVIAN_R1_GEN1,driver_095,route_015,6,15
RIVIAN_R1_GEN1,driver_095,route_015,7,15
RIVIAN_R1_GEN1,driver_095,route_015,8,15
RIVIAN_R1_GEN1,driver_095,route_015,9,15
RIVIAN_R1_GEN1,driver_095,route_015,10,15
RIVIAN_R1_GEN1,driver_095,route_015,11,15
RIVIAN_R1_GEN1,driver_095,route_015,12,15
RIVIAN_R1_GEN1,driver_095,route_015,13,15
RIVIAN_R1_GEN1,driver_095,route_015,14,15
RIVIAN_R1_GEN1,driver_095,route_015,15,15
RIVIAN_R1_GEN1,driver_095,route_015,16,15
RIVIAN_R1_GEN1,driver_095,route_015,17,15
RIVIAN_R1_GEN1,driver_095,route_015,18,15
RIVIAN_R1_GEN1,driver_095,route_015,19,15
RIVIAN_R1_GEN1,driver_095,route_015,20,10
RIVIAN_R1_GEN1,driver_095,route_015,21,10
RIVIAN_R1_GEN1,driver_095,route_015,22,10
RIVIAN_R1_GEN1,driver_095,route_016,0,15
RIVIAN_R1_GEN1,driver_095,route_017,0,10
RIVIAN_R1_GEN1,driver_095,route_017,1,10
RIVIAN_R1_GEN1,driver_095,route_017,2,10
RIVIAN_R1_GEN1,driver_095,route_017,3,10
RIVIAN_R1_GEN1,driver_095,route_017,4,10
RIVIAN_R1_GEN1,driver_095,route_017,5,10
RIVIAN_R1_GEN1,driver_095,route_017,6,10
RIVIAN_R1_GEN1,driver_095,route_018,0,15
RIVIAN_R1_GEN1,driver_095,route_018,1,15
RIVIAN_R1_GEN1,driver_095,route_018,2,15
RIVIAN_R1_GEN1,driver_095,route_018,3,15
RIVIAN_R1_GEN1,driver_095,route_018,4,15
RIVIAN_R1_GEN1,driver_095,route_018,5,15
RIVIAN_R1_GEN1,driver_095,route_018,6,15
RIVIAN_R1_GEN1,driver_095,route_018,7,15
RIVIAN_R1_GEN1,driver_095,route_018,8,15
RIVIAN_R1_GEN1,driver_095,route_018,9,15
RIVIAN_R1_GEN1,driver_095,route_018,10,15
RIVIAN_R1_GEN1,driver_095,route_018,11,15
RIVIAN_R1_GEN1,driver_095,route_018,12,15
RIVIAN_R1_GEN1,driver_095,route_018,13,15
RIVIAN_R1_GEN1,driver_095,route_018,14,15
RIVIAN_R1_GEN1,driver_095,route_018,15,15
RIVIAN_R1_GEN1,driver_095,route_018,16,15
RIVIAN_R1_GEN1,driver_095,route_018,17,15
RIVIAN_R1_GEN1,driver_095,route_018,18,15
RIVIAN_R1_GEN1,driver_095,route_018,19,15
RIVIAN_R1_GEN1,driver_095,route_018,20,15
RIVIAN_R1_GEN1,driver_095,route_018,21,15
RIVIAN_R1_GEN1,driver_095,route_018,22,15
RIVIAN_R1_GEN1,driver_095,route_018,23,15
RIVIAN_R1_GEN1,driver_095,route_018,24,15
RIVIAN_R1_GEN1,driver_095,route_018,25,15
RIVIAN_R1_GEN1,driver_095,route_018,26,10
RIVIAN_R1_GEN1,driver_095,route_018,27,10
RIVIAN_R1_GEN1,driver_095,route_018,28,10
RIVIAN_R1_GEN1,driver_095,route_018,29,10
RIVIAN_R1_GEN1,driver_095,route_018,30,10
RIVIAN_R1_GEN1,driver_095,route_018,31,10
RIVIAN_R1_GEN1,driver_095,route_018,32,10
RIVIAN_R1_GEN1,driver_095,route_018,33,10
RIVIAN_R1_GEN1,driver_095,route_018,34,10
RIVIAN_R1_GEN1,driver_095,route_018,35,10
RIVIAN_R1_GEN1,driver_095,route_018,36,10
RIVIAN_R1_GEN1,driver_095,route_019,0,15
RIVIAN_R1_GEN1,driver_095,route_020,0,15
RIVIAN_R1_GEN1,driver_095,route_020,1,15
RIVIAN_R1_GEN1,driver_095,route_020,2,15
RIVIAN_R1_GEN1,driver_095,route_020,3,15
RIVIAN_R1_GEN1,driver_095,route_020,4,15
RIVIAN_R1_GEN1,driver_095,route_020,5,15
RIVIAN_R1_GEN1,driver_095,route_020,6,15
RIVIAN_R1_GEN1,driver_095,route_020,7,15
RIVIAN_R1_GEN1,driver_095,route_020,8,15
RIVIAN_R1_GEN1,driver_095,route_020,9,15
RIVIAN_R1_GEN1,driver_095,route_020,10,15
RIVIAN_R1_GEN1,driver_095,route_020,11,15
RIVIAN_R1_GEN1,driver_095,route_020,12,15
RIVIAN_R1_GEN1,driver_095,route_021,0,15
RIVIAN_R1_GEN1,driver_095,route_021,1,15
RIVIAN_R1_GEN1,driver_095,route_021,2,15
RIVIAN_R1_GEN1,driver_095,route_021,3,15
RIVIAN_R1_GEN1,driver_095,route_021,4,15
RIVIAN_R1_GEN1,driver_095,route_021,5,15
RIVIAN_R1_GEN1,driver_095,route_021,6,15
RIVIAN_R1_GEN1,driver_095,route_021,7,15
RIVIAN_R1_GEN1,driver_095,route_021,8,10
RIVIAN_R1_GEN1,driver_095,route_021,9,10
RIVIAN_R1_GEN1,driver_095,route_021,10,10
RIVIAN_R1_GEN1,driver_095,route_022,0,10
RIVIAN_R1_GEN1,driver_095,route_022,1,10
RIVIAN_R1_GEN1,driver_095,route_022,2,10
RIVIAN_R1_GEN1,driver_095,route_022,3,10
RIVIAN_R1_GEN1,driver_095,route_022,4,10
RIVIAN_R1_GEN1,driver_095,route_022,5,10
RIVIAN_R1_GEN1,driver_095,route_022,6,10
RIVIAN_R1_GEN1,driver_095,route_022,7,10
RIVIAN_R1_GEN1,driver_095,route_022,8,10
RIVIAN_R1_GEN1,driver_095,route_022,9,10
RIVIAN_R1_GEN1,driver_095,route_022,10,10
RIVIAN_R1_GEN1,driver_095,route_022,11,10
RIVIAN_R1_GEN1,driver_095,route_022,12,10
RIVIAN_R1_GEN1,driver_095,route_022,13,10
RIVIAN_R1_GEN1,driver_095,route_022,14,10
RIVIAN_R1_GEN1,driver_095,route_022,15,10
RIVIAN_R1_GEN1,driver_095,route_022,16,10
RIVIAN_R1_GEN1,driver_095,route_022,17,10
RIVIAN_R1_GEN1,driver_095,route_022,18,10
RIVIAN_R1_GEN1,driver_095,route_022,19,10
RIVIAN_R1_GEN1,driver_095,route_022,20,10
RIVIAN_R1_GEN1,driver_095,route_022,21,10
RIVIAN_R1_GEN1,driver_095,route_022,22,10
RIVIAN_R1_GEN1,driver_095,route_022,23,10
RIVIAN_R1_GEN1,driver_095,route_022,24,10
RIVIAN_R1_GEN1,driver_095,route_022,25,10
RIVIAN_R1_GEN1,driver_095,route_022,26,10
RIVIAN_R1_GEN1,driver_095,route_023,0,15
RIVIAN_R1_GEN1,driver_095,route_024,0,10
RIVIAN_R1_GEN1,driver_095,route_024,1,10
RIVIAN_R1_GEN1,driver_095,route_025,0,10
RIVIAN_R1_GEN1,driver_095,route_025,1,10
RIVIAN_R1_GEN1,driver_095,route_025,2,10
RIVIAN_R1_GEN1,driver_095,route_025,3,10
RIVIAN_R1_GEN1,driver_095,route_025,4,10
RIVIAN_R1_GEN1,driver_095,route_025,5,10
RIVIAN_R1_GEN1,driver_095,route_025,6,10
RIVIAN_R1_GEN1,driver_095,route_025,7,10
RIVIAN_R1_GEN1,driver_095,route_025,8,10
RIVIAN_R1_GEN1,driver_095,route_025,9,10
RIVIAN_R1_GEN1,driver_095,route_025,10,10
RIVIAN_R1_GEN1,driver_095,route_025,11,10
RIVIAN_R1_GEN1,driver_095,route_025,12,10
RIVIAN_R1_GEN1,driver_095,route_025,13,10
RIVIAN_R1_GEN1,driver_095,route_025,14,10
RIVIAN_R1_GEN1,driver_095,route_025,15,10
RIVIAN_R1_GEN1,driver_095,route_025,16,10
RIVIAN_R1_GEN1,driver_095,route_025,17,10
RIVIAN_R1_GEN1,driver_095,route_026,0,15
RIVIAN_R1_GEN1,driver_095,route_026,1,15
RIVIAN_R1_GEN1,driver_095,route_026,2,15
RIVIAN_R1_GEN1,driver_095,route_026,3,15
RIVIAN_R1_GEN1,driver_095,route_026,4,15
RIVIAN_R1_GEN1,driver_095,route_026,5,15
RIVIAN_R1_GEN1,driver_095,route_026,6,10
RIVIAN_R1_GEN1,driver_095,route_027,0,15
RIVIAN_R1_GEN1,driver_095,route_028,0,10
RIVIAN_R1_GEN1,driver_095,route_028,1,10
RIVIAN_R1_GEN1,driver_095,route_028,2,10
RIVIAN_R1_GEN1,driver_095,route_028,3,10
RIVIAN_R1_GEN1,driver_095,route_028,4,10
RIVIAN_R1_GEN1,driver_095,route_029,0,15
RIVIAN_R1_GEN1,driver_095,route_029,1,15
RIVIAN_R1_GEN1,driver_095,route_029,2,15
RIVIAN_R1_GEN1,driver_095,route_029,3,15
RIVIAN_R1_GEN1,driver_095,route_029,4,15
RIVIAN_R1_GEN1,driver_095,route_029,5,15
RIVIAN_R1_GEN1,driver_095,route_029,6,15
RIVIAN_R1_GEN1,driver_095,route_029,7,15
RIVIAN_R1_GEN1,driver_095,route_029,8,15
RIVIAN_R1_GEN1,driver_095,route_029,9,15
RIVIAN_R1_GEN1,driver_095,route_029,10,15
RIVIAN_R1_GEN1,driver_095,route_029,11,15
RIVIAN_R1_GEN1,driver_095,route_029,12,15
RIVIAN_R1_GEN1,driver_095,route_029,13,15
RIVIAN_R1_GEN1,driver_095,route_029,14,15
RIVIAN_R1_GEN1,driver_095,route_029,15,15
RIVIAN_R1_GEN1,driver_095,route_029,16,15
RIVIAN_R1_GEN1,driver_095,route_029,17,15
RIVIAN_R1_GEN1,driver_095,route_029,18,15
RIVIAN_R1_GEN1,driver_095,route_029,19,15
RIVIAN_R1_GEN1,driver_095,route_029,20,15
RIVIAN_R1_GEN1,driver_095,route_029,21,15
RIVIAN_R1_GEN1,driver_095,route_029,22,10
RIVIAN_R1_GEN1,driver_095,route_029,23,10
RIVIAN_R1_GEN1,driver_095,route_029,24,10
RIVIAN_R1_GEN1,driver_095,route_029,25,10
RIVIAN_R1_GEN1,driver_095,route_029,26,10
RIVIAN_R1_GEN1,driver_095,route_029,27,10
RIVIAN_R1_GEN1,driver_095,route_030,0,15
RIVIAN_R1_GEN1,driver_095,route_030,1,15
RIVIAN_R1_GEN1,driver_095,route_030,2,15
RIVIAN_R1_GEN1,driver_095,route_030,3,15
RIVIAN_R1_GEN1,driver_095,route_030,4,15
RIVIAN_R1_GEN1,driver_095,route_030,5,15
RIVIAN_R1_GEN1,driver_095,route_030,6,15
RIVIAN_R1_GEN1,driver_095,route_030,7,15
RIVIAN_R1_GEN1,driver_095,route_030,8,15
RIVIAN_R1_GEN1,driver_095,route_030,9,15
RIVIAN_R1_GEN1,driver_095,route_030,10,15
RIVIAN_R1_GEN1,driver_095,route_030,11,15
RIVIAN_R1_GEN1,driver_095,route_030,12,15
RIVIAN_R1_GEN1,driver_095,route_030,13,10
RIVIAN_R1_GEN1,driver_095,route_030,14,10
RIVIAN_R1_GEN1,driver_095,route_031,0,15
RIVIAN_R1_GEN1,driver_095,route_031,1,15
RIVIAN_R1_GEN1,driver_095,route_031,2,15
RIVIAN_R1_GEN1,driver_095,route_031,3,15
RIVIAN_R1_GEN1,driver_095,route_031,4,15
RIVIAN_R1_GEN1,driver_095,route_031,5,15
RIVIAN_R1_GEN1,driver_095,route_031,6,10
RIVIAN_R1_GEN1,driver_095,route_031,7,10
RIVIAN_R1_GEN1,driver_095,route_031,8,10
RIVIAN_R1_GEN1,driver_095,route_032,0,15
RIVIAN_R1_GEN1,driver_095,route_032,1,15
RIVIAN_R1_GEN1,driver_095,route_032,2,15
RIVIAN_R1_GEN1,driver_095,route_032,3,15
RIVIAN_R1_GEN1,driver_095,route_032,4,15
RIVIAN_R1_GEN1,driver_095,route_032,5,15
RIVIAN_R1_GEN1,driver_095,route_032,6,15
RIVIAN_R1_GEN1,driver_095,route_032,7,15
RIVIAN_R1_GEN1,driver_095,route_032,8,15
RIVIAN_R1_GEN1,driver_095,route_032,9,15
RIVIAN_R1_GEN1,driver_095,route_032,10,15
RIVIAN_R1_GEN1,driver_095,route_032,11,15
RIVIAN_R1_GEN1,driver_095,route_032,12,15
RIVIAN_R1_GEN1,driver_095,route_032,13,15
RIVIAN_R1_GEN1,driver_095,route_032,14,15
RIVIAN_R1_GEN1,driver_095,route_032,15,15
RIVIAN_R1_GEN1,driver_095,route_032,16,15
RIVIAN_R1_GEN1,driver_095,route_032,17,15
RIVIAN_R1_GEN1,driver_095,route_032,18,15
RIVIAN_R1_GEN1,driver_095,route_032,19,10
RIVIAN_R1_GEN1,driver_095,route_032,20,10
RIVIAN_R1_GEN1,driver_095,route_032,21,10
RIVIAN_R1_GEN1,driver_095,route_032,22,10
RIVIAN_R1_GEN1,driver_095,route_032,23,10
RIVIAN_R1_GEN1,driver_095,route_032,24,10
RIVIAN_R1_GEN1,driver_095,route_033,0,10
RIVIAN_R1_GEN1,driver_095,route_033,1,10
RIVIAN_R1_GEN1,driver_095,route_033,2,10
RIVIAN_R1_GEN1,driver_095,route_033,3,10
RIVIAN_R1_GEN1,driver_095,route_033,4,10
RIVIAN_R1_GEN1,driver_095,route_033,5,10
RIVIAN_R1_GEN1,driver_095,route_033,6,10
RIVIAN_R1_GEN1,driver_095,route_033,7,10
RIVIAN_R1_GEN1,driver_095,route_033,8,10
RIVIAN_R1_GEN1,driver_095,route_033,9,10
RIVIAN_R1_GEN1,driver_095,route_033,10,10
RIVIAN_R1_GEN1,driver_095,route_033,11,10
RIVIAN_R1_GEN1,driver_095,route_033,12,10
RIVIAN_R1_GEN1,driver_095,route_034,0,15
RIVIAN_R1_GEN1,driver_095,route_034,1,15
RIVIAN_R1_GEN1,driver_095,route_034,2,15
RIVIAN_R1_GEN1,driver_095,route_034,3,15
RIVIAN_R1_GEN1,driver_095,route_034,4,15
RIVIAN_R1_GEN1,driver_095,route_034,5,15
RIVIAN_R1_GEN1,driver_095,route_035,0,15
RIVIAN_R1_GEN1,driver_095,route_036,0,15
RIVIAN_R1_GEN1,driver_095,route_036,1,15
RIVIAN_R1_GEN1,driver_095,route_036,2,15
RIVIAN_R1_GEN1,driver_095,route_036,3,15
RIVIAN_R1_GEN1,driver_095,route_036,4,15
RIVIAN_R1_GEN1,driver_095,route_036,5,15
RIVIAN_R1_GEN1,driver_095,route_036,6,15
RIVIAN_R1_GEN1,driver_095,route_036,7,15
RIVIAN_R1_GEN1,driver_095,route_036,8,15
RIVIAN_R1_GEN1,driver_095,route_036,9,15
RIVIAN_R1_GEN1,driver_095,route_036,10,15
RIVIAN_R1_GEN1,driver_095,route_036,11,10
RIVIAN_R1_GEN1,driver_095,route_036,12,10
RIVIAN_R1_GEN1,driver_095,route_037,0,15
RIVIAN_R1_GEN1,driver_095,route_037,1,15
RIVIAN_R1_GEN1,driver_095,route_037,2,15
RIVIAN_R1_GEN1,driver_095,route_038,0,15
RIVIAN_R1_GEN1,driver_095,route_038,1,15
RIVIAN_R1_GEN1,driver_095,route_038,2,15
RIVIAN_R1_GEN1,driver_095,route_038,3,15
RIVIAN_R1_GEN1,driver_095,route_038,4,15
RIVIAN_R1_GEN1,driver_095,route_038,5,15
RIVIAN_R1_GEN1,driver_095,route_038,6,10
RIVIAN_R1_GEN1,driver_095,route_039,0,15
RIVIAN_R1_GEN1,driver_095,route_039,1,15
RIVIAN_R1_GEN1,driver_095,route_039,2,15
RIVIAN_R1_GEN1,driver_095,route_039,3,15
RIVIAN_R1_GEN1,driver_095,route_039,4,15
RIVIAN_R1_GEN1,driver_095,route_039,5,15
RIVIAN_R1_GEN1,driver_095,route_039,6,15
RIVIAN_R1_GEN1,driver_095,route_039,7,15
RIVIAN_R1_GEN1,driver_095,route_039,8,15
RIVIAN_R1_GEN1,driver_095,route_039,9,15
RIVIAN_R1_GEN1,driver_095,route_039,10,10
RIVIAN_R1_GEN1,driver_095,route_040,0,15
RIVIAN_R1_GEN1,driver_095,route_040,1,15
RIVIAN_R1_GEN1,driver_095,route_040,2,15
RIVIAN_R1_GEN1,driver_095,route_040,3,15
RIVIAN_R1_GEN1,driver_095,route_040,4,10
RIVIAN_R1_GEN1,driver_095,route_041,0,15
RIVIAN_R1_GEN1,driver_095,route_041,1,15
RIVIAN_R1_GEN1,driver_095,route_041,2,15
RIVIAN_R1_GEN1,driver_095,route_041,3,15
RIVIAN_R1_GEN1,driver_095,route_042,0,15
RIVIAN_R1_GEN1,driver_095,route_042,1,15
RIVIAN_R1_GEN1,driver_095,route_042,2,15
RIVIAN_R1_GEN1,driver_095,route_043,0,15
RIVIAN_R1_GEN1,driver_095,route_046,0,15
RIVIAN_R1_GEN1,driver_095,route_046,1,15
RIVIAN_R1_GEN1,driver_095,route_046,2,15
RIVIAN_R1_GEN1,driver_095,route_046,3,15
RIVIAN_R1_GEN1,driver_095,route_046,4,15
RIVIAN_R1_GEN1,driver_095,route_046,5,15
RIVIAN_R1_GEN1,driver_095,route_046,6,15
RIVIAN_R1_GEN1,driver_095,route_046,7,15
RIVIAN_R1_GEN1,driver_095,route_046,8,15
RIVIAN_R1_GEN1,driver_095,route_047,0,15
RIVIAN_R1_GEN1,driver_095,route_051,0,15
RIVIAN_R1_GEN1,driver_095,route_051,1,15
RIVIAN_R1_GEN1,driver_095,route_052,0,15
RIVIAN_R1_GEN1,driver_095,route_052,1,15
RIVIAN_R1_GEN1,driver_095,route_052,2,15
RIVIAN_R1_GEN1,driver_095,route_052,3,15
RIVIAN_R1_GEN1,driver_095,route_052,4,15
RIVIAN_R1_GEN1,driver_095,route_053,0,15
RIVIAN_R1_GEN1,driver_095,route_053,1,15
RIVIAN_R1_GEN1,driver_095,route_053,2,15
RIVIAN_R1_GEN1,driver_095,route_053,3,15
RIVIAN_R1_GEN1,driver_095,route_053,4,15
RIVIAN_R1_GEN1,driver_095,route_053,5,15
RIVIAN_R1_GEN1,driver_095,route_053,6,15
RIVIAN_R1_GEN1,driver_095,route_053,7,15
RIVIAN_R1_GEN1,driver_095,route_053,8,15
RIVIAN_R1_GEN1,driver_095,route_053,9,15
RIVIAN_R1_GEN1,driver_095,route_053,10,15
RIVIAN_R1_GEN1,driver_095,route_053,11,15
RIVIAN_R1_GEN1,driver_095,route_053,12,15
RIVIAN_R1_GEN1,driver_095,route_053,13,15
RIVIAN_R1_GEN1,driver_095,route_053,14,15
RIVIAN_R1_GEN1,driver_095,route_053,15,15
RIVIAN_R1_GEN1,driver_095,route_053,16,15
RIVIAN_R1_GEN1,driver_095,route_053,17,15
RIVIAN_R1_GEN1,driver_095,route_053,18,15
RIVIAN_R1_GEN1,driver_095,route_053,19,15
RIVIAN_R1_GEN1,driver_095,route_053,20,15
RIVIAN_R1_GEN1,driver_095,route_054,0,15
RIVIAN_R1_GEN1,driver_095,route_055,0,15
RIVIAN_R1_GEN1,driver_095,route_055,1,15
RIVIAN_R1_GEN1,driver_095,route_055,2,15
RIVIAN_R1_GEN1,driver_095,route_055,3,15
RIVIAN_R1_GEN1,driver_095,route_055,4,15
RIVIAN_R1_GEN1,driver_095,route_055,5,15
RIVIAN_R1_GEN1,driver_095,route_055,6,15
RIVIAN_R1_GEN1,driver_095,route_055,7,15
RIVIAN_R1_GEN1,driver_095,route_055,8,15
RIVIAN_R1_GEN1,driver_095,route_055,9,15
RIVIAN_R1_GEN1,driver_095,route_055,10,15
RIVIAN_R1_GEN1,driver_095,route_055,11,15
RIVIAN_R1_GEN1,driver_095,route_055,12,15
RIVIAN_R1_GEN1,driver_095,route_055,13,15
RIVIAN_R1_GEN1,driver_095,route_055,14,15
RIVIAN_R1_GEN1,driver_095,route_055,15,15
RIVIAN_R1_GEN1,driver_095,route_056,0,15
RIVIAN_R1_GEN1,driver_095,route_056,1,15
RIVIAN_R1_GEN1,driver_095,route_056,2,15
RIVIAN_R1_GEN1,driver_095,route_057,0,15
RIVIAN_R1_GEN1,driver_095,route_057,1,15
RIVIAN_R1_GEN1,driver_095,route_057,2,15
RIVIAN_R1_GEN1,driver_095,route_057,3,15
RIVIAN_R1_GEN1,driver_095,route_057,4,15
RIVIAN_R1_GEN1,driver_095,route_057,5,15
RIVIAN_R1_GEN1,driver_095,route_057,6,15
RIVIAN_R1_GEN1,driver_095,route_057,7,15
RIVIAN_R1_GEN1,driver_095,route_057,8,15
RIVIAN_R1_GEN1,driver_095,route_057,9,15
RIVIAN_R1_GEN1,driver_095,route_058,0,15
RIVIAN_R1_GEN1,driver_095,route_058,1,15
RIVIAN_R1_GEN1,driver_095,route_058,2,15
RIVIAN_R1_GEN1,driver_095,route_059,0,15
RIVIAN_R1_GEN1,driver_095,route_059,1,15
RIVIAN_R1_GEN1,driver_095,route_059,2,15
RIVIAN_R1_GEN1,driver_095,route_059,3,15
RIVIAN_R1_GEN1,driver_095,route_059,4,15
RIVIAN_R1_GEN1,driver_095,route_059,5,15
RIVIAN_R1_GEN1,driver_095,route_059,6,15
RIVIAN_R1_GEN1,driver_095,route_059,7,15
RIVIAN_R1_GEN1,driver_095,route_059,8,15
RIVIAN_R1_GEN1,driver_095,route_059,9,15
RIVIAN_R1_GEN1,driver_095,route_059,10,15
RIVIAN_R1_GEN1,driver_095,route_060,0,15
RIVIAN_R1_GEN1,driver_095,route_060,1,15
RIVIAN_R1_GEN1,driver_095,route_060,2,15
RIVIAN_R1_GEN1,driver_095,route_060,3,15
RIVIAN_R1_GEN1,driver_095,route_060,4,15
RIVIAN_R1_GEN1,driver_095,route_060,5,15
RIVIAN_R1_GEN1,driver_095,route_061,0,15
RIVIAN_R1_GEN1,driver_095,route_061,1,15
RIVIAN_R1_GEN1,driver_095,route_062,0,15
RIVIAN_R1_GEN1,driver_095,route_062,1,15
RIVIAN_R1_GEN1,driver_095,route_062,2,15
RIVIAN_R1_GEN1,driver_135,route_001,0,10
RIVIAN_R1_GEN1,driver_135,route_001,1,10
RIVIAN_R1_GEN1,driver_135,route_001,2,10
RIVIAN_R1_GEN1,driver_135,route_001,3,10
RIVIAN_R1_GEN1,driver_135,route_001,4,10
RIVIAN_R1_GEN1,driver_135,route_001,5,10
RIVIAN_R1_GEN1,driver_135,route_001,6,10
RIVIAN_R1_GEN1,driver_135,route_001,7,10
RIVIAN_R1_GEN1,driver_135,route_001,8,10
RIVIAN_R1_GEN1,driver_135,route_001,9,10
RIVIAN_R1_GEN1,driver_135,route_001,10,10
RIVIAN_R1_GEN1,driver_135,route_001,11,10
RIVIAN_R1_GEN1,driver_135,route_002,0,15
RIVIAN_R1_GEN1,driver_135,route_002,1,15
RIVIAN_R1_GEN1,driver_135,route_002,2,15
RIVIAN_R1_GEN1,driver_135,route_002,3,15
RIVIAN_R1_GEN1,driver_135,route_003,0,15
RIVIAN_R1_GEN1,driver_135,route_003,1,15
RIVIAN_R1_GEN1,driver_135,route_003,2,15
RIVIAN_R1_GEN1,driver_135,route_003,3,15
RIVIAN_R1_GEN1,driver_135,route_003,4,15
RIVIAN_R1_GEN1,driver_135,route_003,5,15
RIVIAN_R1_GEN1,driver_135,route_003,6,15
RIVIAN_R1_GEN1,driver_135,route_003,7,15
RIVIAN_R1_GEN1,driver_135,route_004,0,10
RIVIAN_R1_GEN1,driver_135,route_004,1,10
RIVIAN_R1_GEN1,driver_135,route_004,2,10
RIVIAN_R1_GEN1,driver_135,route_004,3,10
RIVIAN_R1_GEN1,driver_135,route_004,4,10
RIVIAN_R1_GEN1,driver_135,route_004,5,10
RIVIAN_R1_GEN1,driver_135,route_004,6,10
RIVIAN_R1_GEN1,driver_135,route_004,7,10
RIVIAN_R1_GEN1,driver_135,route_004,8,10
RIVIAN_R1_GEN1,driver_135,route_005,0,15
RIVIAN_R1_GEN1,driver_135,route_005,1,15
RIVIAN_R1_GEN1,driver_135,route_005,2,15
RIVIAN_R1_GEN1,driver_135,route_005,3,15
RIVIAN_R1_GEN1,driver_135,route_005,4,15
RIVIAN_R1_GEN1,driver_135,route_006,0,15
RIVIAN_R1_GEN1,driver_135,route_006,1,15
RIVIAN_R1_GEN1,driver_135,route_006,2,15
RIVIAN_R1_GEN1,driver_135,route_006,3,15
RIVIAN_R1_GEN1,driver_135,route_007,0,15
RIVIAN_R1_GEN1,driver_135,route_007,1,15
RIVIAN_R1_GEN1,driver_135,route_008,0,15
RIVIAN_R1_GEN1,driver_135,route_008,1,15
RIVIAN_R1_GEN1,driver_135,route_008,2,15
RIVIAN_R1_GEN1,driver_135,route_008,3,15
RIVIAN_R1_GEN1,driver_135,route_008,4,15
RIVIAN_R1_GEN1,driver_135,route_008,5,15
RIVIAN_R1_GEN1,driver_135,route_008,6,15
RIVIAN_R1_GEN1,driver_135,route_008,7,15
RIVIAN_R1_GEN1,driver_135,route_008,8,15
RIVIAN_R1_GEN1,driver_135,route_008,9,15
RIVIAN_R1_GEN1,driver_135,route_008,10,15
RIVIAN_R1_GEN1,driver_135,route_008,11,15
RIVIAN_R1_GEN1,driver_135,route_009,0,15
RIVIAN_R1_GEN1,driver_135,route_009,1,15
RIVIAN_R1_GEN1,driver_135,route_009,2,15
RIVIAN_R1_GEN1,driver_135,route_009,3,15
RIVIAN_R1_GEN1,driver_135,route_009,4,15
RIVIAN_R1_GEN1,driver_135,route_009,5,15
RIVIAN_R1_GEN1,driver_135,route_009,6,10
RIVIAN_R1_GEN1,driver_135,route_009,7,10
RIVIAN_R1_GEN1,driver_135,route_009,8,10
RIVIAN_R1_GEN1,driver_135,route_009,9,10
RIVIAN_R1_GEN1,driver_135,route_009,10,10
RIVIAN_R1_GEN1,driver_135,route_009,11,10
RIVIAN_R1_GEN1,driver_135,route_009,12,10
RIVIAN_R1_GEN1,driver_135,route_009,13,10
RIVIAN_R1_GEN1,driver_135,route_010,0,15
RIVIAN_R1_GEN1,driver_135,route_010,1,15
RIVIAN_R1_GEN1,driver_135,route_010,2,15
RIVIAN_R1_GEN1,driver_135,route_010,3,15
RIVIAN_R1_GEN1,driver_135,route_010,4,15
RIVIAN_R1_GEN1,driver_135,route_010,5,15
RIVIAN_R1_GEN1,driver_135,route_010,6,10
RIVIAN_R1_GEN1,driver_135,route_011,0,15
RIVIAN_R1_GEN1,driver_135,route_011,1,15
RIVIAN_R1_GEN1,driver_135,route_011,2,15
RIVIAN_R1_GEN1,driver_135,route_011,3,15
RIVIAN_R1_GEN1,driver_135,route_011,4,15
RIVIAN_R1_GEN1,driver_135,route_011,5,15
RIVIAN_R1_GEN1,driver_135,route_011,6,15
RIVIAN_R1_GEN1,driver_135,route_011,7,15
RIVIAN_R1_GEN1,driver_135,route_011,8,15
RIVIAN_R1_GEN1,driver_135,route_011,9,15
RIVIAN_R1_GEN1,driver_135,route_011,10,15
RIVIAN_R1_GEN1,driver_135,route_011,11,10
RIVIAN_R1_GEN1,driver_135,route_011,12,10
RIVIAN_R1_GEN1,driver_135,route_011,13,10
RIVIAN_R1_GEN1,driver_135,route_011,14,10
RIVIAN_R1_GEN1,driver_135,route_012,0,10
RIVIAN_R1_GEN1,driver_135,route_012,1,10
RIVIAN_R1_GEN1,driver_135,route_012,2,10
RIVIAN_R1_GEN1,driver_135,route_012,3,10
RIVIAN_R1_GEN1,driver_135,route_012,4,10
RIVIAN_R1_GEN1,driver_135,route_012,5,10
RIVIAN_R1_GEN1,driver_135,route_012,6,10
RIVIAN_R1_GEN1,driver_135,route_012,7,10
RIVIAN_R1_GEN1,driver_135,route_012,8,10
RIVIAN_R1_GEN1,driver_135,route_012,9,10
RIVIAN_R1_GEN1,driver_135,route_012,10,10
RIVIAN_R1_GEN1,driver_135,route_012,11,10
RIVIAN_R1_GEN1,driver_135,route_013,0,10
RIVIAN_R1_GEN1,driver_135,route_013,1,10
RIVIAN_R1_GEN1,driver_135,route_014,0,15
RIVIAN_R1_GEN1,driver_135,route_014,1,15
RIVIAN_R1_GEN1,driver_135,route_014,2,15
RIVIAN_R1_GEN1,driver_135,route_014,3,15
RIVIAN_R1_GEN1,driver_135,route_014,4,15
RIVIAN_R1_GEN1,driver_135,route_014,5,15
RIVIAN_R1_GEN1,driver_135,route_014,6,15
RIVIAN_R1_GEN1,driver_135,route_014,7,10
RIVIAN_R1_GEN1,driver_135,route_014,8,10
RIVIAN_R1_GEN1,driver_135,route_015,0,15
RIVIAN_R1_GEN1,driver_135,route_015,1,15
RIVIAN_R1_GEN1,driver_135,route_016,0,15
RIVIAN_R1_GEN1,driver_135,route_017,0,15
RIVIAN_R1_GEN1,driver_135,route_017,1,15
RIVIAN_R1_GEN1,driver_135,route_017,2,15
RIVIAN_R1_GEN1,driver_135,route_017,3,15
RIVIAN_R1_GEN1,driver_135,route_017,4,15
RIVIAN_R1_GEN1,driver_135,route_017,5,15
RIVIAN_R1_GEN1,driver_135,route_017,6,15
RIVIAN_R1_GEN1,driver_135,route_017,7,15
RIVIAN_R1_GEN1,driver_135,route_017,8,15
RIVIAN_R1_GEN1,driver_135,route_017,9,15
RIVIAN_R1_GEN1,driver_135,route_018,0,15
RIVIAN_R1_GEN1,driver_135,route_018,1,15
RIVIAN_R1_GEN1,driver_135,route_018,2,15
RIVIAN_R1_GEN1,driver_135,route_018,3,15
RIVIAN_R1_GEN1,driver_135,route_018,4,15
RIVIAN_R1_GEN1,driver_135,route_018,5,15
RIVIAN_R1_GEN1,driver_135,route_018,6,15
RIVIAN_R1_GEN1,driver_135,route_018,7,15
RIVIAN_R1_GEN1,driver_135,route_019,0,15
RIVIAN_R1_GEN1,driver_135,route_019,1,15
RIVIAN_R1_GEN1,driver_135,route_019,2,15
RIVIAN_R1_GEN1,driver_135,route_019,3,15
RIVIAN_R1_GEN1,driver_135,route_019,4,15
RIVIAN_R1_GEN1,driver_135,route_019,5,15
RIVIAN_R1_GEN1,driver_135,route_019,6,15
RIVIAN_R1_GEN1,driver_135,route_019,7,15
RIVIAN_R1_GEN1,driver_135,route_019,8,15
RIVIAN_R1_GEN1,driver_135,route_019,9,15
RIVIAN_R1_GEN1,driver_135,route_020,0,15
RIVIAN_R1_GEN1,driver_141,route_001,0,15
RIVIAN_R1_GEN1,driver_141,route_001,1,15
RIVIAN_R1_GEN1,driver_141,route_001,2,15
RIVIAN_R1_GEN1,driver_141,route_001,3,15
RIVIAN_R1_GEN1,driver_141,route_001,4,15
RIVIAN_R1_GEN1,driver_141,route_001,5,15
RIVIAN_R1_GEN1,driver_141,route_001,6,15
RIVIAN_R1_GEN1,driver_141,route_001,7,15
RIVIAN_R1_GEN1,driver_141,route_001,8,15
RIVIAN_R1_GEN1,driver_141,route_001,9,15
RIVIAN_R1_GEN1,driver_141,route_002,0,15
RIVIAN_R1_GEN1,driver_141,route_002,1,15
RIVIAN_R1_GEN1,driver_141,route_002,2,15
RIVIAN_R1_GEN1,driver_141,route_002,3,15
RIVIAN_R1_GEN1,driver_141,route_002,4,15
RIVIAN_R1_GEN1,driver_154,route_001,0,15
RIVIAN_R1_GEN1,driver_154,route_002,0,15
RIVIAN_R1_GEN1,driver_154,route_002,1,15
RIVIAN_R1_GEN1,driver_154,route_003,0,15
RIVIAN_R1_GEN1,driver_154,route_003,1,15
RIVIAN_R1_GEN1,driver_154,route_003,2,10
RIVIAN_R1_GEN1,driver_178,route_001,0,15
RIVIAN_R1_GEN1,driver_178,route_001,1,15
RIVIAN_R1_GEN1,driver_178,route_002,0,15
RIVIAN_R1_GEN1,driver_178,route_002,1,15
RIVIAN_R1_GEN1,driver_178,route_002,2,15
RIVIAN_R1_GEN1,driver_178,route_002,3,15
RIVIAN_R1_GEN1,driver_229,route_001,0,15
RIVIAN_R1_GEN1,driver_229,route_001,1,15
RIVIAN_R1_GEN1,driver_229,route_001,2,15
RIVIAN_R1_GEN1,driver_229,route_001,3,15
RIVIAN_R1_GEN1,driver_229,route_001,4,10
RIVIAN_R1_GEN1,driver_229,route_001,5,10
RIVIAN_R1_GEN1,driver_229,route_002,0,15
RIVIAN_R1_GEN1,driver_229,route_002,1,15
RIVIAN_R1_GEN1,driver_229,route_002,2,15
RIVIAN_R1_GEN1,driver_229,route_002,3,15
RIVIAN_R1_GEN1,driver_229,route_002,4,15
RIVIAN_R1_GEN1,driver_229,route_002,5,15
RIVIAN_R1_GEN1,driver_229,route_003,0,15
RIVIAN_R1_GEN1,driver_229,route_003,1,15
RIVIAN_R1_GEN1,driver_229,route_004,0,15
RIVIAN_R1_GEN1,driver_229,route_004,1,15
RIVIAN_R1_GEN1,driver_229,route_005,0,15
RIVIAN_R1_GEN1,driver_229,route_005,1,15
RIVIAN_R1_GEN1,driver_229,route_005,2,15
RIVIAN_R1_GEN1,driver_229,route_005,3,15
RIVIAN_R1_GEN1,driver_229,route_005,4,15
RIVIAN_R1_GEN1,driver_229,route_005,5,15
RIVIAN_R1_GEN1,driver_229,route_006,0,10
RIVIAN_R1_GEN1,driver_229,route_006,1,10
RIVIAN_R1_GEN1,driver_229,route_006,2,10
RIVIAN_R1_GEN1,driver_229,route_006,3,10
RIVIAN_R1_GEN1,driver_229,route_006,4,10
RIVIAN_R1_GEN1,driver_229,route_006,5,10
RIVIAN_R1_GEN1,driver_229,route_006,6,10
RIVIAN_R1_GEN1,driver_229,route_007,0,15
RIVIAN_R1_GEN1,driver_229,route_007,1,15
RIVIAN_R1_GEN1,driver_229,route_007,2,15
RIVIAN_R1_GEN1,driver_229,route_008,0,15
RIVIAN_R1_GEN1,driver_229,route_008,1,15
RIVIAN_R1_GEN1,driver_229,route_008,2,15
RIVIAN_R1_GEN1,driver_229,route_008,3,15
RIVIAN_R1_GEN1,driver_229,route_008,4,15
RIVIAN_R1_GEN1,driver_229,route_008,5,10
RIVIAN_R1_GEN1,driver_229,route_009,0,15
RIVIAN_R1_GEN1,driver_229,route_009,1,15
RIVIAN_R1_GEN1,driver_229,route_009,2,15
RIVIAN_R1_GEN1,driver_229,route_009,3,15
RIVIAN_R1_GEN1,driver_229,route_009,4,15
RIVIAN_R1_GEN1,driver_229,route_010,0,15
RIVIAN_R1_GEN1,driver_229,route_010,1,15
RIVIAN_R1_GEN1,driver_229,route_010,2,15
RIVIAN_R1_GEN1,driver_229,route_010,3,15
RIVIAN_R1_GEN1,driver_229,route_010,4,15
RIVIAN_R1_GEN1,driver_229,route_010,5,15
RIVIAN_R1_GEN1,driver_229,route_010,6,15
RIVIAN_R1_GEN1,driver_229,route_010,7,15
RIVIAN_R1_GEN1,driver_229,route_011,0,10
RIVIAN_R1_GEN1,driver_229,route_011,1,10
RIVIAN_R1_GEN1,driver_229,route_011,2,10
RIVIAN_R1_GEN1,driver_229,route_011,3,10
RIVIAN_R1_GEN1,driver_229,route_011,4,10
RIVIAN_R1_GEN1,driver_229,route_011,5,10
RIVIAN_R1_GEN1,driver_229,route_011,6,10
RIVIAN_R1_GEN1,driver_229,route_011,7,10
RIVIAN_R1_GEN1,driver_229,route_011,8,10
RIVIAN_R1_GEN1,driver_229,route_011,9,10
RIVIAN_R1_GEN1,driver_229,route_011,10,10
RIVIAN_R1_GEN1,driver_229,route_012,0,10
RIVIAN_R1_GEN1,driver_229,route_012,1,10
RIVIAN_R1_GEN1,driver_229,route_012,2,10
RIVIAN_R1_GEN1,driver_229,route_013,0,10
RIVIAN_R1_GEN1,driver_229,route_013,1,10
RIVIAN_R1_GEN1,driver_229,route_013,2,10
RIVIAN_R1_GEN1,driver_229,route_013,3,10
RIVIAN_R1_GEN1,driver_229,route_014,0,10
RIVIAN_R1_GEN1,driver_229,route_014,1,10
RIVIAN_R1_GEN1,driver_229,route_014,2,10
RIVIAN_R1_GEN1,driver_229,route_014,3,10
RIVIAN_R1_GEN1,driver_229,route_014,4,10
RIVIAN_R1_GEN1,driver_229,route_015,0,10
RIVIAN_R1_GEN1,driver_229,route_015,1,10
RIVIAN_R1_GEN1,driver_229,route_015,2,10
RIVIAN_R1_GEN1,driver_229,route_016,0,15
RIVIAN_R1_GEN1,driver_229,route_017,0,15
RIVIAN_R1_GEN1,driver_229,route_017,1,15
RIVIAN_R1_GEN1,driver_229,route_017,2,15
RIVIAN_R1_GEN1,driver_229,route_017,3,15
RIVIAN_R1_GEN1,driver_229,route_018,0,15
RIVIAN_R1_GEN1,driver_229,route_018,1,15
RIVIAN_R1_GEN1,driver_229,route_018,2,15
RIVIAN_R1_GEN1,driver_229,route_018,3,15
RIVIAN_R1_GEN1,driver_229,route_018,4,15
RIVIAN_R1_GEN1,driver_229,route_018,5,15
RIVIAN_R1_GEN1,driver_229,route_018,6,15
RIVIAN_R1_GEN1,driver_229,route_018,7,15
RIVIAN_R1_GEN1,driver_229,route_018,8,15
RIVIAN_R1_GEN1,driver_229,route_018,9,15
RIVIAN_R1_GEN1,driver_229,route_019,0,15
RIVIAN_R1_GEN1,driver_229,route_019,1,15
RIVIAN_R1_GEN1,driver_229,route_019,2,15
RIVIAN_R1_GEN1,driver_229,route_020,0,15
RIVIAN_R1_GEN1,driver_229,route_020,1,15
RIVIAN_R1_GEN1,driver_229,route_021,0,15
RIVIAN_R1_GEN1,driver_229,route_021,1,15
RIVIAN_R1_GEN1,driver_229,route_021,2,15
RIVIAN_R1_GEN1,driver_229,route_021,3,15
RIVIAN_R1_GEN1,driver_229,route_022,0,15
RIVIAN_R1_GEN1,driver_229,route_022,1,15
RIVIAN_R1_GEN1,driver_229,route_022,2,15
RIVIAN_R1_GEN1,driver_229,route_023,0,15
RIVIAN_R1_GEN1,driver_229,route_023,1,15
RIVIAN_R1_GEN1,driver_229,route_024,0,15
RIVIAN_R1_GEN1,driver_239,route_001,0,15
RIVIAN_R1_GEN1,driver_270,route_001,0,15
RIVIAN_R1_GEN1,driver_270,route_002,0,15
RIVIAN_R1_GEN1,driver_270,route_002,1,15
RIVIAN_R1_GEN1,driver_270,route_002,2,15
RIVIAN_R1_GEN1,driver_270,route_003,0,15
RIVIAN_R1_GEN1,driver_270,route_003,1,15
RIVIAN_R1_GEN1,driver_270,route_003,2,15
RIVIAN_R1_GEN1,driver_270,route_004,0,15
RIVIAN_R1_GEN1,driver_270,route_004,1,15
RIVIAN_R1_GEN1,driver_270,route_004,2,15
RIVIAN_R1_GEN1,driver_270,route_004,3,15
RIVIAN_R1_GEN1,driver_270,route_004,4,15
RIVIAN_R1_GEN1,driver_270,route_004,5,15
RIVIAN_R1_GEN1,driver_291,route_001,0,15
RIVIAN_R1_GEN1,driver_291,route_001,1,15
RIVIAN_R1_GEN1,driver_291,route_001,2,15
RIVIAN_R1_GEN1,driver_291,route_001,3,15
RIVIAN_R1_GEN1,driver_291,route_001,4,15
RIVIAN_R1_GEN1,driver_291,route_002,0,15
RIVIAN_R1_GEN1,driver_291,route_003,0,15
RIVIAN_R1_GEN1,driver_291,route_004,0,15
RIVIAN_R1_GEN1,driver_291,route_004,1,15
RIVIAN_R1_GEN1,driver_291,route_005,0,15
RIVIAN_R1_GEN1,driver_291,route_005,1,15
RIVIAN_R1_GEN1,driver_291,route_005,2,15
RIVIAN_R1_GEN1,driver_291,route_005,3,15
RIVIAN_R1_GEN1,driver_291,route_005,4,15
RIVIAN_R1_GEN1,driver_291,route_006,0,15
RIVIAN_R1_GEN1,driver_291,route_007,0,15
RIVIAN_R1_GEN1,driver_291,route_007,1,15
RIVIAN_R1_GEN1,driver_291,route_008,0,15
RIVIAN_R1_GEN1,driver_291,route_008,1,15
RIVIAN_R1_GEN1,driver_291,route_008,2,15
RIVIAN_R1_GEN1,driver_291,route_008,3,15
RIVIAN_R1_GEN1,driver_291,route_009,0,15
RIVIAN_R1_GEN1,driver_291,route_009,1,15
RIVIAN_R1_GEN1,driver_291,route_009,2,15
RIVIAN_R1_GEN1,driver_291,route_009,3,15
RIVIAN_R1_GEN1,driver_291,route_010,0,15
RIVIAN_R1_GEN1,driver_291,route_010,1,15
RIVIAN_R1_GEN1,driver_291,route_010,2,15
RIVIAN_R1_GEN1,driver_291,route_010,3,15
RIVIAN_R1_GEN1,driver_291,route_010,4,15
RIVIAN_R1_GEN1,driver_291,route_010,5,15
RIVIAN_R1_GEN1,driver_291,route_011,0,15
RIVIAN_R1_GEN1,driver_291,route_011,1,15
RIVIAN_R1_GEN1,driver_291,route_011,2,15
RIVIAN_R1_GEN1,driver_291,route_012,0,15
RIVIAN_R1_GEN1,driver_291,route_012,1,15
RIVIAN_R1_GEN1,driver_291,route_012,2,15
RIVIAN_R1_GEN1,driver_291,route_012,3,15
RIVIAN_R1_GEN1,driver_291,route_012,4,15
RIVIAN_R1_GEN1,driver_291,route_012,5,15
RIVIAN_R1_GEN1,driver_291,route_012,6,15
RIVIAN_R1_GEN1,driver_291,route_012,7,15
RIVIAN_R1_GEN1,driver_291,route_013,0,15
RIVIAN_R1_GEN1,driver_291,route_013,1,15
RIVIAN_R1_GEN1,driver_291,route_014,0,15
RIVIAN_R1_GEN1,driver_291,route_014,1,15
RIVIAN_R1_GEN1,driver_291,route_014,2,15
RIVIAN_R1_GEN1,driver_291,route_014,3,15
RIVIAN_R1_GEN1,driver_291,route_014,4,15
RIVIAN_R1_GEN1,driver_291,route_014,5,15
RIVIAN_R1_GEN1,driver_291,route_014,6,15
RIVIAN_R1_GEN1,driver_291,route_015,0,15
RIVIAN_R1_GEN1,driver_291,route_015,1,15
RIVIAN_R1_GEN1,driver_291,route_015,2,15
RIVIAN_R1_GEN1,driver_291,route_016,0,15
RIVIAN_R1_GEN1,driver_291,route_016,1,15
RIVIAN_R1_GEN1,driver_291,route_017,0,15
RIVIAN_R1_GEN1,driver_291,route_017,1,15
RIVIAN_R1_GEN1,driver_291,route_017,2,15
RIVIAN_R1_GEN1,driver_291,route_017,3,15
RIVIAN_R1_GEN1,driver_291,route_017,4,15
RIVIAN_R1_GEN1,driver_291,route_017,5,15
RIVIAN_R1_GEN1,driver_291,route_017,6,15
RIVIAN_R1_GEN1,driver_291,route_017,7,15
RIVIAN_R1_GEN1,driver_291,route_017,8,15
RIVIAN_R1_GEN1,driver_291,route_017,9,15
RIVIAN_R1_GEN1,driver_291,route_018,0,15
RIVIAN_R1_GEN1,driver_291,route_018,1,15
RIVIAN_R1_GEN1,driver_291,route_019,0,15
RIVIAN_R1_GEN1,driver_291,route_020,0,15
RIVIAN_R1_GEN1,driver_291,route_020,1,15
RIVIAN_R1_GEN1,driver_291,route_020,2,15
RIVIAN_R1_GEN1,driver_291,route_020,3,15
RIVIAN_R1_GEN1,driver_291,route_020,4,15
RIVIAN_R1_GEN1,driver_291,route_020,5,15
RIVIAN_R1_GEN1,driver_291,route_021,0,15
RIVIAN_R1_GEN1,driver_291,route_021,1,15
RIVIAN_R1_GEN1,driver_291,route_021,2,15
RIVIAN_R1_GEN1,driver_291,route_021,3,15
RIVIAN_R1_GEN1,driver_291,route_021,4,15
RIVIAN_R1_GEN1,driver_291,route_021,5,15
RIVIAN_R1_GEN1,driver_291,route_022,0,15
RIVIAN_R1_GEN1,driver_291,route_022,1,15
RIVIAN_R1_GEN1,driver_291,route_022,2,15
RIVIAN_R1_GEN1,driver_291,route_022,3,15
RIVIAN_R1_GEN1,driver_291,route_023,0,15
RIVIAN_R1_GEN1,driver_291,route_023,1,15
RIVIAN_R1_GEN1,driver_291,route_024,0,15
RIVIAN_R1_GEN1,driver_291,route_024,1,15
RIVIAN_R1_GEN1,driver_291,route_024,2,15
RIVIAN_R1_GEN1,driver_291,route_024,3,15
RIVIAN_R1_GEN1,driver_291,route_024,4,15
RIVIAN_R1_GEN1,driver_291,route_025,0,15
RIVIAN_R1_GEN1,driver_291,route_025,1,15
RIVIAN_R1_GEN1,driver_291,route_025,2,15
RIVIAN_R1_GEN1,driver_291,route_025,3,15
RIVIAN_R1_GEN1,driver_291,route_026,0,15
RIVIAN_R1_GEN1,driver_291,route_026,1,15
RIVIAN_R1_GEN1,driver_291,route_026,2,15
RIVIAN_R1_GEN1,driver_298,route_001,0,15
RIVIAN_R1_GEN1,driver_298,route_001,1,15
RIVIAN_R1_GEN1,driver_298,route_001,2,15
RIVIAN_R1_GEN1,driver_298,route_002,0,15
RIVIAN_R1_GEN1,driver_298,route_002,1,15
RIVIAN_R1_GEN1,driver_298,route_002,2,15
RIVIAN_R1_GEN1,driver_298,route_002,3,15
RIVIAN_R1_GEN1,driver_298,route_002,4,15
RIVIAN_R1_GEN1,driver_298,route_003,0,15
RIVIAN_R1_GEN1,driver_298,route_003,1,15
RIVIAN_R1_GEN1,driver_298,route_004,0,15
RIVIAN_R1_GEN1,driver_298,route_004,1,15
RIVIAN_R1_GEN1,driver_298,route_004,2,15
RIVIAN_R1_GEN1,driver_298,route_004,3,15
RIVIAN_R1_GEN1,driver_298,route_005,0,15
RIVIAN_R1_GEN1,driver_298,route_005,1,15
RIVIAN_R1_GEN1,driver_298,route_005,2,15
RIVIAN_R1_GEN1,driver_298,route_006,0,15
RIVIAN_R1_GEN1,driver_298,route_006,1,15
RIVIAN_R1_GEN1,driver_298,route_007,0,15
RIVIAN_R1_GEN1,driver_298,route_007,1,15
RIVIAN_R1_GEN1,driver_298,route_008,0,15
RIVIAN_R1_GEN1,driver_298,route_008,1,15
RIVIAN_R1_GEN1,driver_298,route_008,2,15
RIVIAN_R1_GEN1,driver_298,route_008,3,15
RIVIAN_R1_GEN1,driver_298,route_008,4,15
RIVIAN_R1_GEN1,driver_298,route_009,0,15
RIVIAN_R1_GEN1,driver_298,route_010,0,15
RIVIAN_R1_GEN1,driver_298,route_010,1,10
RIVIAN_R1_GEN1,driver_298,route_011,0,15
RIVIAN_R1_GEN1,driver_298,route_011,1,10
RIVIAN_R1_GEN1,driver_298,route_012,0,15
RIVIAN_R1_GEN1,driver_298,route_012,1,15
RIVIAN_R1_GEN1,driver_298,route_012,2,15
RIVIAN_R1_GEN1,driver_298,route_012,3,15
RIVIAN_R1_GEN1,driver_298,route_012,4,15
RIVIAN_R1_GEN1,driver_298,route_012,5,15
RIVIAN_R1_GEN1,driver_298,route_013,0,15
RIVIAN_R1_GEN1,driver_298,route_013,1,15
RIVIAN_R1_GEN1,driver_298,route_013,2,15
RIVIAN_R1_GEN1,driver_298,route_013,3,15
RIVIAN_R1_GEN1,driver_298,route_013,4,15
RIVIAN_R1_GEN1,driver_298,route_013,5,15
RIVIAN_R1_GEN1,driver_298,route_013,6,15
RIVIAN_R1_GEN1,driver_298,route_014,0,15
RIVIAN_R1_GEN1,driver_298,route_015,0,15
RIVIAN_R1_GEN1,driver_300,route_001,0,15
SKODA_KODIAQ_1ST_GEN,driver_021,route_006,0,15
SKODA_KODIAQ_1ST_GEN,driver_021,route_006,1,15
SKODA_KODIAQ_1ST_GEN,driver_021,route_006,2,15
SKODA_KODIAQ_1ST_GEN,driver_021,route_008,0,15
SKODA_KODIAQ_1ST_GEN,driver_021,route_009,0,15
SKODA_KODIAQ_1ST_GEN,driver_021,route_009,1,15
SKODA_KODIAQ_1ST_GEN,driver_021,route_009,2,15
SKODA_KODIAQ_1ST_GEN,driver_021,route_010,0,15
SKODA_KODIAQ_1ST_GEN,driver_021,route_010,1,15
SKODA_KODIAQ_1ST_GEN,driver_021,route_010,2,15
SKODA_KODIAQ_1ST_GEN,driver_021,route_010,3,15
SKODA_KODIAQ_1ST_GEN,driver_021,route_010,4,15
SKODA_KODIAQ_1ST_GEN,driver_021,route_011,0,15
SKODA_KODIAQ_1ST_GEN,driver_021,route_013,0,15
SKODA_KODIAQ_1ST_GEN,driver_021,route_013,1,15
SKODA_KODIAQ_1ST_GEN,driver_021,route_013,2,15
SKODA_KODIAQ_1ST_GEN,driver_021,route_013,3,15
SKODA_KODIAQ_1ST_GEN,driver_021,route_014,0,15
SKODA_KODIAQ_1ST_GEN,driver_021,route_014,1,15
SKODA_SUPERB_MK3,driver_024,route_001,0,15
SKODA_SUPERB_MK3,driver_024,route_001,1,15
SKODA_SUPERB_MK3,driver_024,route_001,2,15
SKODA_SUPERB_MK3,driver_024,route_001,3,15
SKODA_SUPERB_MK3,driver_024,route_002,0,15
SKODA_SUPERB_MK3,driver_024,route_002,1,15
SKODA_SUPERB_MK3,driver_024,route_002,2,15
SKODA_SUPERB_MK3,driver_024,route_002,3,15
SKODA_SUPERB_MK3,driver_024,route_002,4,15
SKODA_SUPERB_MK3,driver_024,route_002,5,15
SKODA_SUPERB_MK3,driver_024,route_002,6,15
SKODA_SUPERB_MK3,driver_024,route_002,7,15
SKODA_SUPERB_MK3,driver_024,route_002,8,15
SKODA_SUPERB_MK3,driver_024,route_002,9,15
SKODA_SUPERB_MK3,driver_024,route_002,10,15
SKODA_SUPERB_MK3,driver_024,route_002,11,10
SKODA_SUPERB_MK3,driver_024,route_002,12,10
SKODA_SUPERB_MK3,driver_024,route_003,0,15
SKODA_SUPERB_MK3,driver_024,route_003,1,15
SKODA_SUPERB_MK3,driver_024,route_003,2,15
SKODA_SUPERB_MK3,driver_024,route_003,3,15
SKODA_SUPERB_MK3,driver_024,route_003,4,15
SKODA_SUPERB_MK3,driver_024,route_003,5,15
SKODA_SUPERB_MK3,driver_024,route_003,6,15
SKODA_SUPERB_MK3,driver_024,route_003,7,15
SKODA_SUPERB_MK3,driver_024,route_003,8,15
SKODA_SUPERB_MK3,driver_024,route_003,9,15
SKODA_SUPERB_MK3,driver_024,route_003,10,15
SKODA_SUPERB_MK3,driver_024,route_003,11,15
SKODA_SUPERB_MK3,driver_024,route_003,12,15
SKODA_SUPERB_MK3,driver_024,route_003,13,15
SKODA_SUPERB_MK3,driver_024,route_003,14,15
SKODA_SUPERB_MK3,driver_024,route_003,15,15
SKODA_SUPERB_MK3,driver_024,route_003,16,15
SKODA_SUPERB_MK3,driver_024,route_003,17,15
SKODA_SUPERB_MK3,driver_024,route_003,18,15
SKODA_SUPERB_MK3,driver_024,route_003,19,15
SKODA_SUPERB_MK3,driver_024,route_003,20,15
SKODA_SUPERB_MK3,driver_024,route_003,21,15
SKODA_SUPERB_MK3,driver_024,route_003,22,10
SKODA_SUPERB_MK3,driver_024,route_003,23,10
SKODA_SUPERB_MK3,driver_024,route_003,24,10
SKODA_SUPERB_MK3,driver_024,route_003,25,10
SKODA_SUPERB_MK3,driver_024,route_004,0,15
SKODA_SUPERB_MK3,driver_024,route_004,1,15
SKODA_SUPERB_MK3,driver_024,route_004,2,15
SKODA_SUPERB_MK3,driver_024,route_004,3,15
SKODA_SUPERB_MK3,driver_024,route_004,4,15
SKODA_SUPERB_MK3,driver_024,route_004,5,15
SKODA_SUPERB_MK3,driver_024,route_004,6,15
SKODA_SUPERB_MK3,driver_024,route_004,7,15
SKODA_SUPERB_MK3,driver_024,route_004,8,15
SKODA_SUPERB_MK3,driver_024,route_004,9,15
SKODA_SUPERB_MK3,driver_024,route_004,10,15
SKODA_SUPERB_MK3,driver_024,route_004,11,15
SKODA_SUPERB_MK3,driver_264,route_001,0,15
SKODA_SUPERB_MK3,driver_264,route_001,1,15
SKODA_SUPERB_MK3,driver_264,route_001,2,15
SKODA_SUPERB_MK3,driver_264,route_001,3,15
SKODA_SUPERB_MK3,driver_264,route_001,4,15
SKODA_SUPERB_MK3,driver_264,route_001,5,15
SKODA_SUPERB_MK3,driver_264,route_001,6,15
SKODA_SUPERB_MK3,driver_264,route_001,7,15
SKODA_SUPERB_MK3,driver_264,route_002,0,15
SKODA_SUPERB_MK3,driver_264,route_003,0,15
SKODA_SUPERB_MK3,driver_264,route_003,1,15
SKODA_SUPERB_MK3,driver_264,route_004,0,15
SKODA_SUPERB_MK3,driver_264,route_004,1,15
SKODA_SUPERB_MK3,driver_264,route_004,2,10
SUBARU_ASCENT_2023,driver_255,route_001,0,15
SUBARU_ASCENT_2023,driver_255,route_001,1,15
SUBARU_ASCENT_2023,driver_255,route_001,2,15
SUBARU_CROSSTREK_2024,driver_073,route_001,0,15
SUBARU_CROSSTREK_2024,driver_073,route_001,1,15
SUBARU_CROSSTREK_2024,driver_073,route_001,2,15
SUBARU_CROSSTREK_2024,driver_073,route_002,0,10
SUBARU_CROSSTREK_2024,driver_073,route_002,1,10
SUBARU_CROSSTREK_2024,driver_073,route_002,2,10
SUBARU_CROSSTREK_2024,driver_073,route_002,3,10
SUBARU_CROSSTREK_2024,driver_073,route_002,4,10
SUBARU_CROSSTREK_2024,driver_073,route_002,5,10
SUBARU_CROSSTREK_2024,driver_073,route_002,6,10
SUBARU_CROSSTREK_2024,driver_073,route_002,7,10
SUBARU_CROSSTREK_2024,driver_073,route_002,8,10
SUBARU_CROSSTREK_2024,driver_073,route_002,9,10
SUBARU_CROSSTREK_2024,driver_073,route_002,10,10
SUBARU_CROSSTREK_2024,driver_073,route_002,11,10
SUBARU_CROSSTREK_2024,driver_073,route_002,12,10
SUBARU_CROSSTREK_2024,driver_073,route_002,13,10
SUBARU_CROSSTREK_2024,driver_073,route_002,14,10
SUBARU_CROSSTREK_2024,driver_073,route_002,15,10
SUBARU_CROSSTREK_2024,driver_073,route_002,16,10
SUBARU_CROSSTREK_2024,driver_073,route_003,0,15
SUBARU_CROSSTREK_2024,driver_073,route_003,1,15
SUBARU_CROSSTREK_2024,driver_073,route_003,2,15
SUBARU_CROSSTREK_2024,driver_073,route_003,3,15
SUBARU_CROSSTREK_2024,driver_073,route_004,0,15
SUBARU_CROSSTREK_2024,driver_073,route_004,1,15
SUBARU_CROSSTREK_2024,driver_073,route_004,2,15
SUBARU_CROSSTREK_2024,driver_073,route_004,3,15
SUBARU_CROSSTREK_2025,driver_187,route_001,0,15
SUBARU_CROSSTREK_2025,driver_190,route_001,0,15
SUBARU_CROSSTREK_2025,driver_333,route_001,0,15
SUBARU_CROSSTREK_2025,driver_333,route_001,1,15
SUBARU_CROSSTREK_2025,driver_333,route_001,2,15
SUBARU_CROSSTREK_2025,driver_333,route_001,3,15
SUBARU_CROSSTREK_2025,driver_333,route_001,4,15
SUBARU_CROSSTREK_2025,driver_333,route_001,5,15
SUBARU_FORESTER,driver_196,route_001,0,15
SUBARU_FORESTER,driver_196,route_001,1,15
SUBARU_FORESTER,driver_196,route_002,0,15
SUBARU_FORESTER,driver_196,route_002,1,15
SUBARU_FORESTER,driver_196,route_003,0,15
SUBARU_FORESTER,driver_196,route_003,1,15
SUBARU_FORESTER,driver_210,route_001,0,15
SUBARU_FORESTER,driver_210,route_001,1,15
SUBARU_FORESTER,driver_210,route_001,2,15
SUBARU_FORESTER,driver_210,route_001,3,15
SUBARU_FORESTER,driver_210,route_001,4,15
SUBARU_FORESTER,driver_210,route_001,5,15
SUBARU_FORESTER,driver_210,route_001,6,15
SUBARU_FORESTER,driver_210,route_001,7,15
SUBARU_FORESTER,driver_210,route_001,8,15
SUBARU_FORESTER,driver_210,route_001,9,15
SUBARU_FORESTER,driver_210,route_001,10,15
SUBARU_FORESTER,driver_210,route_001,11,15
SUBARU_FORESTER,driver_210,route_001,12,15
SUBARU_FORESTER,driver_210,route_001,13,15
SUBARU_FORESTER,driver_210,route_001,14,15
SUBARU_FORESTER,driver_210,route_001,15,15
SUBARU_FORESTER,driver_210,route_001,16,15
SUBARU_FORESTER,driver_210,route_001,17,15
SUBARU_FORESTER_2022,driver_181,route_001,0,15
SUBARU_FORESTER_2022,driver_181,route_001,1,15
SUBARU_FORESTER_2022,driver_181,route_001,2,15
SUBARU_FORESTER_2022,driver_181,route_002,0,15
SUBARU_FORESTER_2022,driver_181,route_002,1,15
SUBARU_FORESTER_2022,driver_181,route_002,2,15
SUBARU_FORESTER_2022,driver_181,route_002,3,15
SUBARU_FORESTER_2022,driver_181,route_002,4,15
SUBARU_FORESTER_2022,driver_181,route_002,5,10
SUBARU_FORESTER_2022,driver_181,route_002,6,10
SUBARU_FORESTER_2022,driver_181,route_003,0,15
SUBARU_FORESTER_2022,driver_181,route_003,1,15
SUBARU_FORESTER_2022,driver_181,route_003,2,15
SUBARU_FORESTER_2022,driver_181,route_003,3,15
SUBARU_FORESTER_2022,driver_181,route_003,4,15
SUBARU_FORESTER_2022,driver_181,route_003,5,15
SUBARU_FORESTER_2022,driver_181,route_003,6,10
SUBARU_FORESTER_2022,driver_181,route_003,7,10
SUBARU_FORESTER_2022,driver_181,route_003,8,10
SUBARU_FORESTER_2022,driver_181,route_003,9,10
SUBARU_IMPREZA,driver_197,route_001,0,15
SUBARU_IMPREZA,driver_197,route_001,1,15
SUBARU_IMPREZA,driver_197,route_001,2,15
SUBARU_IMPREZA,driver_197,route_001,3,15
SUBARU_IMPREZA,driver_197,route_001,4,15
SUBARU_IMPREZA,driver_197,route_001,5,15
SUBARU_IMPREZA,driver_197,route_001,6,15
SUBARU_IMPREZA,driver_197,route_002,0,15
SUBARU_IMPREZA,driver_197,route_002,1,15
SUBARU_IMPREZA,driver_197,route_002,2,15
SUBARU_IMPREZA,driver_197,route_002,3,15
SUBARU_IMPREZA,driver_197,route_002,4,15
SUBARU_IMPREZA,driver_197,route_002,5,15
SUBARU_IMPREZA,driver_197,route_002,6,15
SUBARU_IMPREZA,driver_197,route_002,7,15
SUBARU_IMPREZA,driver_197,route_002,8,15
SUBARU_IMPREZA,driver_197,route_002,9,15
SUBARU_IMPREZA,driver_197,route_002,10,15
SUBARU_IMPREZA,driver_197,route_003,0,15
SUBARU_IMPREZA,driver_197,route_004,0,15
SUBARU_IMPREZA,driver_197,route_004,1,15
SUBARU_IMPREZA,driver_197,route_004,2,15
SUBARU_IMPREZA,driver_197,route_004,3,15
SUBARU_IMPREZA,driver_197,route_004,4,15
SUBARU_IMPREZA,driver_197,route_004,5,15
SUBARU_IMPREZA,driver_197,route_004,6,15
SUBARU_IMPREZA,driver_197,route_005,0,15
SUBARU_IMPREZA,driver_197,route_005,1,15
SUBARU_IMPREZA,driver_197,route_005,2,15
SUBARU_IMPREZA,driver_312,route_001,0,10
SUBARU_IMPREZA,driver_312,route_001,1,10
SUBARU_IMPREZA,driver_312,route_001,2,10
SUBARU_IMPREZA,driver_312,route_001,3,10
SUBARU_IMPREZA,driver_312,route_001,4,10
SUBARU_IMPREZA,driver_312,route_001,5,10
SUBARU_IMPREZA,driver_312,route_001,6,10
SUBARU_IMPREZA,driver_312,route_001,7,10
SUBARU_IMPREZA,driver_312,route_001,8,10
SUBARU_IMPREZA,driver_312,route_001,9,10
SUBARU_IMPREZA,driver_312,route_001,10,10
SUBARU_IMPREZA,driver_312,route_001,11,10
SUBARU_IMPREZA,driver_312,route_001,12,10
SUBARU_IMPREZA,driver_312,route_001,13,10
SUBARU_IMPREZA,driver_312,route_001,14,10
SUBARU_IMPREZA,driver_312,route_002,0,15
SUBARU_IMPREZA,driver_312,route_002,1,15
SUBARU_IMPREZA,driver_312,route_002,2,15
SUBARU_IMPREZA,driver_312,route_002,3,15
SUBARU_IMPREZA,driver_312,route_002,4,15
SUBARU_IMPREZA,driver_312,route_002,5,15
SUBARU_IMPREZA,driver_312,route_002,6,10
SUBARU_IMPREZA,driver_312,route_003,0,15
SUBARU_IMPREZA,driver_312,route_003,1,15
SUBARU_IMPREZA,driver_312,route_003,2,15
SUBARU_IMPREZA,driver_312,route_003,3,15
SUBARU_IMPREZA,driver_312,route_003,4,15
SUBARU_IMPREZA,driver_312,route_003,5,15
SUBARU_IMPREZA,driver_312,route_003,6,15
SUBARU_IMPREZA,driver_312,route_003,7,15
SUBARU_IMPREZA_2020,driver_230,route_001,0,15
SUBARU_IMPREZA_2020,driver_230,route_001,1,15
SUBARU_IMPREZA_2020,driver_230,route_002,0,15
SUBARU_IMPREZA_2020,driver_230,route_003,0,15
SUBARU_IMPREZA_2020,driver_230,route_003,1,15
SUBARU_IMPREZA_2020,driver_230,route_003,2,15
SUBARU_IMPREZA_2020,driver_230,route_003,3,15
SUBARU_IMPREZA_2020,driver_230,route_003,4,10
SUBARU_IMPREZA_2020,driver_230,route_004,0,15
SUBARU_IMPREZA_2020,driver_230,route_004,1,15
SUBARU_LEGACY_2025,driver_070,route_001,0,10
SUBARU_LEGACY_2025,driver_070,route_001,1,10
SUBARU_LEGACY_2025,driver_070,route_001,2,10
SUBARU_LEGACY_2025,driver_070,route_001,3,10
SUBARU_LEGACY_2025,driver_070,route_001,4,10
SUBARU_LEGACY_2025,driver_070,route_001,5,10
SUBARU_LEGACY_2025,driver_070,route_001,6,10
SUBARU_LEGACY_2025,driver_070,route_001,7,10
SUBARU_LEGACY_2025,driver_070,route_001,8,10
SUBARU_LEGACY_2025,driver_070,route_001,9,10
SUBARU_LEGACY_2025,driver_070,route_001,10,10
SUBARU_LEGACY_2025,driver_070,route_001,11,10
SUBARU_LEGACY_2025,driver_070,route_001,12,10
SUBARU_LEGACY_2025,driver_070,route_001,13,10
SUBARU_OUTBACK_2018_-_2019,driver_242,route_001,0,10
SUBARU_OUTBACK_2018_-_2019,driver_242,route_001,1,10
SUBARU_OUTBACK_2018_-_2019,driver_242,route_001,2,10
SUBARU_OUTBACK_PREGLOBAL,driver_118,route_001,0,10
SUBARU_OUTBACK_PREGLOBAL,driver_118,route_001,1,10
SUBARU_OUTBACK_PREGLOBAL,driver_118,route_001,2,10
SUBARU_OUTBACK_PREGLOBAL,driver_118,route_001,3,10
SUBARU_OUTBACK_PREGLOBAL,driver_118,route_001,4,10
SUBARU_OUTBACK_PREGLOBAL,driver_118,route_001,5,10
SUBARU_OUTBACK_PREGLOBAL,driver_118,route_001,6,10
SUBARU_OUTBACK_PREGLOBAL,driver_118,route_001,7,10
SUBARU_OUTBACK_PREGLOBAL,driver_118,route_001,8,10
SUBARU_OUTBACK_PREGLOBAL,driver_118,route_001,9,10
SUBARU_OUTBACK_PREGLOBAL,driver_118,route_001,10,10
SUBARU_OUTBACK_PREGLOBAL,driver_118,route_001,11,10
SUBARU_OUTBACK_PREGLOBAL,driver_118,route_001,12,10
SUBARU_OUTBACK_PREGLOBAL,driver_118,route_002,0,10
SUBARU_OUTBACK_PREGLOBAL,driver_118,route_002,1,10
TESLA_AP3_MODEL_3,driver_064,route_001,0,15
TESLA_AP3_MODEL_3,driver_064,route_001,1,15
TESLA_AP3_MODEL_3,driver_064,route_001,2,15
TESLA_AP3_MODEL_3,driver_064,route_001,3,15
TESLA_AP3_MODEL_3,driver_064,route_001,4,15
TESLA_AP3_MODEL_3,driver_064,route_001,5,15
TESLA_AP3_MODEL_3,driver_064,route_001,6,15
TESLA_AP3_MODEL_3,driver_064,route_001,7,15
TESLA_AP3_MODEL_3,driver_064,route_001,8,15
TESLA_AP3_MODEL_3,driver_064,route_001,9,15
TESLA_AP3_MODEL_3,driver_064,route_001,10,15
TESLA_AP3_MODEL_3,driver_064,route_001,11,15
TESLA_AP3_MODEL_3,driver_064,route_001,12,15
TESLA_AP3_MODEL_3,driver_064,route_001,13,15
TESLA_AP3_MODEL_3,driver_064,route_002,0,15
TESLA_AP3_MODEL_3,driver_064,route_002,1,15
TESLA_AP3_MODEL_3,driver_064,route_002,2,15
TESLA_AP3_MODEL_3,driver_064,route_002,3,15
TESLA_AP3_MODEL_3,driver_064,route_002,4,15
TESLA_AP3_MODEL_3,driver_064,route_002,5,15
TESLA_AP3_MODEL_3,driver_064,route_003,0,15
TESLA_AP3_MODEL_3,driver_064,route_003,1,15
TESLA_AP3_MODEL_3,driver_064,route_003,2,15
TESLA_AP3_MODEL_3,driver_064,route_003,3,15
TESLA_AP3_MODEL_3,driver_064,route_003,4,15
TESLA_AP3_MODEL_3,driver_064,route_004,0,15
TESLA_AP3_MODEL_3,driver_064,route_005,0,15
TESLA_AP3_MODEL_3,driver_064,route_005,1,15
TESLA_AP3_MODEL_3,driver_064,route_005,2,15
TESLA_AP3_MODEL_3,driver_064,route_005,3,15
TESLA_AP3_MODEL_3,driver_091,route_001,0,15
TESLA_AP3_MODEL_3,driver_091,route_001,1,15
TESLA_AP3_MODEL_3,driver_091,route_002,0,15
TESLA_AP3_MODEL_3,driver_091,route_002,1,15
TESLA_AP3_MODEL_3,driver_091,route_002,2,15
TESLA_AP3_MODEL_3,driver_091,route_002,3,15
TESLA_AP3_MODEL_3,driver_091,route_002,4,15
TESLA_AP3_MODEL_3,driver_091,route_002,5,15
TESLA_AP3_MODEL_3,driver_091,route_002,6,15
TESLA_AP3_MODEL_3,driver_091,route_002,7,15
TESLA_AP3_MODEL_3,driver_091,route_002,8,15
TESLA_AP3_MODEL_3,driver_091,route_002,9,15
TESLA_AP3_MODEL_3,driver_091,route_002,10,15
TESLA_AP3_MODEL_3,driver_091,route_002,11,15
TESLA_AP3_MODEL_3,driver_091,route_002,12,15
TESLA_AP3_MODEL_3,driver_091,route_002,13,15
TESLA_AP3_MODEL_3,driver_091,route_002,14,15
TESLA_AP3_MODEL_3,driver_091,route_002,15,15
TESLA_AP3_MODEL_3,driver_091,route_002,16,15
TESLA_AP3_MODEL_3,driver_091,route_002,17,15
TESLA_AP3_MODEL_3,driver_091,route_002,18,15
TESLA_AP3_MODEL_3,driver_091,route_003,0,15
TESLA_AP3_MODEL_3,driver_091,route_003,1,15
TESLA_AP3_MODEL_3,driver_091,route_003,2,15
TESLA_AP3_MODEL_3,driver_091,route_003,3,15
TESLA_AP3_MODEL_3,driver_091,route_003,4,15
TESLA_AP3_MODEL_3,driver_091,route_003,5,15
TESLA_AP3_MODEL_3,driver_091,route_003,6,15
TESLA_AP3_MODEL_3,driver_091,route_003,7,15
TESLA_AP3_MODEL_3,driver_091,route_003,8,15
TESLA_AP3_MODEL_3,driver_108,route_001,0,10
TESLA_AP3_MODEL_3,driver_108,route_001,1,10
TESLA_AP3_MODEL_3,driver_108,route_001,2,10
TESLA_AP3_MODEL_3,driver_108,route_002,0,10
TESLA_AP3_MODEL_3,driver_108,route_002,1,10
TESLA_AP3_MODEL_3,driver_108,route_002,2,10
TESLA_AP3_MODEL_3,driver_108,route_003,0,10
TESLA_AP3_MODEL_3,driver_108,route_003,1,10
TESLA_AP3_MODEL_3,driver_108,route_003,2,10
TESLA_AP3_MODEL_3,driver_108,route_003,3,10
TESLA_AP3_MODEL_3,driver_108,route_003,4,10
TESLA_AP3_MODEL_3,driver_108,route_003,5,10
TESLA_AP3_MODEL_3,driver_108,route_004,0,10
TESLA_AP3_MODEL_3,driver_124,route_001,0,15
TESLA_AP3_MODEL_3,driver_124,route_001,1,15
TESLA_AP3_MODEL_3,driver_124,route_004,0,15
TESLA_AP3_MODEL_3,driver_124,route_004,1,15
TESLA_AP3_MODEL_3,driver_124,route_004,2,15
TESLA_AP3_MODEL_3,driver_124,route_004,3,15
TESLA_AP3_MODEL_3,driver_124,route_004,4,15
TESLA_AP3_MODEL_3,driver_124,route_004,5,15
TESLA_AP3_MODEL_3,driver_124,route_006,0,10
TESLA_AP3_MODEL_3,driver_124,route_006,1,10
TESLA_AP3_MODEL_3,driver_124,route_006,2,10
TESLA_AP3_MODEL_3,driver_124,route_006,3,10
TESLA_AP3_MODEL_3,driver_124,route_006,4,10
TESLA_AP3_MODEL_3,driver_124,route_006,5,10
TESLA_AP3_MODEL_3,driver_124,route_006,6,10
TESLA_AP3_MODEL_3,driver_124,route_006,7,10
TESLA_AP3_MODEL_3,driver_124,route_006,8,10
TESLA_AP3_MODEL_3,driver_124,route_006,9,10
TESLA_AP3_MODEL_3,driver_124,route_006,10,10
TESLA_AP3_MODEL_3,driver_124,route_008,0,10
TESLA_AP3_MODEL_3,driver_124,route_009,0,10
TESLA_AP3_MODEL_3,driver_124,route_009,1,10
TESLA_AP3_MODEL_3,driver_124,route_009,2,10
TESLA_AP3_MODEL_3,driver_124,route_011,0,10
TESLA_AP3_MODEL_3,driver_124,route_011,1,10
TESLA_AP3_MODEL_3,driver_124,route_011,2,10
TESLA_AP3_MODEL_3,driver_124,route_012,0,10
TESLA_AP3_MODEL_3,driver_124,route_012,1,10
TESLA_AP3_MODEL_3,driver_124,route_012,2,10
TESLA_AP3_MODEL_3,driver_124,route_033,0,15
TESLA_AP3_MODEL_3,driver_124,route_033,1,15
TESLA_AP3_MODEL_3,driver_124,route_033,2,15
TESLA_AP3_MODEL_3,driver_124,route_033,3,15
TESLA_AP3_MODEL_3,driver_124,route_033,4,15
TESLA_AP3_MODEL_3,driver_124,route_033,5,15
TESLA_AP3_MODEL_3,driver_124,route_034,0,15
TESLA_AP3_MODEL_3,driver_124,route_034,1,15
TESLA_AP3_MODEL_3,driver_124,route_034,2,15
TESLA_AP3_MODEL_3,driver_124,route_034,3,15
TESLA_AP3_MODEL_3,driver_124,route_034,4,15
TESLA_AP3_MODEL_3,driver_124,route_034,5,15
TESLA_AP3_MODEL_3,driver_124,route_034,6,15
TESLA_AP3_MODEL_3,driver_124,route_034,7,15
TESLA_AP3_MODEL_3,driver_124,route_034,8,15
TESLA_AP3_MODEL_3,driver_124,route_034,9,15
TESLA_AP3_MODEL_3,driver_124,route_034,10,15
TESLA_AP3_MODEL_3,driver_124,route_035,0,15
TESLA_AP3_MODEL_3,driver_124,route_036,0,15
TESLA_AP3_MODEL_3,driver_124,route_036,1,15
TESLA_AP3_MODEL_3,driver_124,route_036,2,15
TESLA_AP3_MODEL_3,driver_124,route_037,0,15
TESLA_AP3_MODEL_3,driver_124,route_037,1,15
TESLA_AP3_MODEL_3,driver_124,route_037,2,15
TESLA_AP3_MODEL_3,driver_124,route_038,0,15
TESLA_AP3_MODEL_3,driver_124,route_038,1,15
TESLA_AP3_MODEL_3,driver_124,route_038,2,15
TESLA_AP3_MODEL_3,driver_124,route_046,0,15
TESLA_AP3_MODEL_3,driver_124,route_048,0,15
TESLA_AP3_MODEL_3,driver_124,route_050,0,15
TESLA_AP3_MODEL_3,driver_124,route_050,1,15
TESLA_AP3_MODEL_3,driver_124,route_051,0,15
TESLA_AP3_MODEL_3,driver_124,route_052,0,15
TESLA_AP3_MODEL_3,driver_124,route_053,0,15
TESLA_AP3_MODEL_3,driver_124,route_054,0,15
TESLA_AP3_MODEL_3,driver_124,route_054,1,15
TESLA_AP3_MODEL_3,driver_124,route_054,2,15
TESLA_AP3_MODEL_3,driver_124,route_054,3,15
TESLA_AP3_MODEL_3,driver_124,route_055,0,15
TESLA_AP3_MODEL_3,driver_124,route_056,0,15
TESLA_AP3_MODEL_3,driver_124,route_056,1,15
TESLA_AP3_MODEL_3,driver_124,route_057,0,15
TESLA_AP3_MODEL_3,driver_124,route_058,0,15
TESLA_AP3_MODEL_3,driver_124,route_059,0,15
TESLA_AP3_MODEL_3,driver_124,route_060,0,15
TESLA_AP3_MODEL_3,driver_124,route_061,0,15
TESLA_AP3_MODEL_3,driver_124,route_061,1,15
TESLA_AP3_MODEL_3,driver_124,route_061,2,15
TESLA_AP3_MODEL_3,driver_124,route_062,0,15
TESLA_AP3_MODEL_3,driver_124,route_062,1,15
TESLA_AP3_MODEL_3,driver_124,route_062,2,15
TESLA_AP3_MODEL_3,driver_124,route_063,0,15
TESLA_AP3_MODEL_3,driver_124,route_063,1,15
TESLA_AP3_MODEL_3,driver_124,route_063,2,15
TESLA_AP3_MODEL_3,driver_124,route_063,3,15
TESLA_AP3_MODEL_3,driver_124,route_063,4,15
TESLA_AP3_MODEL_3,driver_124,route_063,5,15
TESLA_AP3_MODEL_3,driver_124,route_063,6,15
TESLA_AP3_MODEL_3,driver_124,route_063,7,15
TESLA_AP3_MODEL_3,driver_124,route_063,8,15
TESLA_AP3_MODEL_3,driver_124,route_063,9,15
TESLA_AP3_MODEL_3,driver_124,route_063,10,15
TESLA_AP3_MODEL_3,driver_124,route_064,0,15
TESLA_AP3_MODEL_3,driver_124,route_064,1,15
TESLA_AP3_MODEL_3,driver_124,route_064,2,15
TESLA_AP3_MODEL_3,driver_132,route_001,0,15
TESLA_AP3_MODEL_3,driver_132,route_001,1,15
TESLA_AP3_MODEL_3,driver_132,route_002,0,15
TESLA_AP3_MODEL_3,driver_132,route_002,1,15
TESLA_AP3_MODEL_3,driver_132,route_002,2,15
TESLA_AP3_MODEL_3,driver_132,route_002,3,15
TESLA_AP3_MODEL_3,driver_132,route_002,4,15
TESLA_AP3_MODEL_3,driver_132,route_002,5,15
TESLA_AP3_MODEL_3,driver_132,route_002,6,15
TESLA_AP3_MODEL_3,driver_146,route_001,0,15
TESLA_AP3_MODEL_3,driver_146,route_001,1,15
TESLA_AP3_MODEL_3,driver_146,route_001,2,15
TESLA_AP3_MODEL_3,driver_146,route_001,3,15
TESLA_AP3_MODEL_3,driver_146,route_001,4,15
TESLA_AP3_MODEL_3,driver_146,route_001,5,15
TESLA_AP3_MODEL_3,driver_175,route_001,0,15
TESLA_AP3_MODEL_3,driver_175,route_002,0,15
TESLA_AP3_MODEL_3,driver_175,route_003,0,15
TESLA_AP3_MODEL_3,driver_175,route_003,1,15
TESLA_AP3_MODEL_3,driver_175,route_003,2,15
TESLA_AP3_MODEL_3,driver_175,route_003,3,15
TESLA_AP3_MODEL_3,driver_175,route_003,4,15
TESLA_AP3_MODEL_3,driver_175,route_003,5,10
TESLA_AP3_MODEL_3,driver_240,route_001,0,15
TESLA_AP3_MODEL_3,driver_240,route_001,1,15
TESLA_AP3_MODEL_3,driver_240,route_001,2,15
TESLA_AP3_MODEL_3,driver_240,route_001,3,15
TESLA_AP3_MODEL_3,driver_240,route_001,4,15
TESLA_AP3_MODEL_3,driver_244,route_001,0,10
TESLA_AP3_MODEL_3,driver_244,route_001,1,10
TESLA_AP3_MODEL_3,driver_244,route_001,2,10
TESLA_AP3_MODEL_3,driver_244,route_001,3,10
TESLA_AP3_MODEL_3,driver_244,route_001,4,10
TESLA_AP3_MODEL_3,driver_244,route_001,5,10
TESLA_AP3_MODEL_3,driver_244,route_001,6,10
TESLA_AP3_MODEL_3,driver_244,route_001,7,10
TESLA_AP3_MODEL_3,driver_244,route_001,8,10
TESLA_AP3_MODEL_3,driver_244,route_001,9,10
TESLA_AP3_MODEL_3,driver_251,route_001,0,15
TESLA_AP3_MODEL_3,driver_251,route_012,0,15
TESLA_AP3_MODEL_3,driver_251,route_012,1,15
TESLA_AP3_MODEL_3,driver_251,route_012,2,15
TESLA_AP3_MODEL_3,driver_251,route_012,3,15
TESLA_AP3_MODEL_3,driver_251,route_012,4,15
TESLA_AP3_MODEL_3,driver_251,route_015,0,15
TESLA_AP3_MODEL_3,driver_251,route_015,1,15
TESLA_AP3_MODEL_3,driver_251,route_015,2,15
TESLA_AP3_MODEL_3,driver_251,route_015,3,15
TESLA_AP3_MODEL_3,driver_251,route_015,4,15
TESLA_AP3_MODEL_3,driver_251,route_020,0,15
TESLA_AP3_MODEL_3,driver_251,route_020,1,15
TESLA_AP3_MODEL_3,driver_251,route_020,2,15
TESLA_AP3_MODEL_3,driver_251,route_020,3,15
TESLA_AP3_MODEL_3,driver_251,route_020,4,15
TESLA_AP3_MODEL_3,driver_251,route_023,0,15
TESLA_AP3_MODEL_3,driver_251,route_023,1,15
TESLA_AP3_MODEL_3,driver_251,route_023,2,15
TESLA_AP3_MODEL_3,driver_251,route_023,3,15
TESLA_AP3_MODEL_3,driver_251,route_023,4,15
TESLA_AP3_MODEL_3,driver_251,route_023,5,15
TESLA_AP3_MODEL_3,driver_251,route_023,6,15
TESLA_AP3_MODEL_3,driver_251,route_035,0,15
TESLA_AP3_MODEL_3,driver_251,route_035,1,15
TESLA_AP3_MODEL_3,driver_251,route_039,0,15
TESLA_AP3_MODEL_3,driver_251,route_039,1,15
TESLA_AP3_MODEL_3,driver_251,route_039,2,15
TESLA_AP3_MODEL_3,driver_251,route_039,3,15
TESLA_AP3_MODEL_3,driver_251,route_042,0,15
TESLA_AP3_MODEL_3,driver_251,route_042,1,15
TESLA_AP3_MODEL_3,driver_251,route_042,2,15
TESLA_AP3_MODEL_3,driver_251,route_042,3,15
TESLA_AP3_MODEL_3,driver_251,route_042,4,15
TESLA_AP3_MODEL_3,driver_251,route_042,5,15
TESLA_AP3_MODEL_3,driver_251,route_045,0,15
TESLA_AP3_MODEL_3,driver_251,route_045,1,15
TESLA_AP3_MODEL_3,driver_251,route_045,2,15
TESLA_AP3_MODEL_3,driver_251,route_051,0,15
TESLA_AP3_MODEL_3,driver_251,route_051,1,15
TESLA_AP3_MODEL_3,driver_251,route_053,0,15
TESLA_AP3_MODEL_3,driver_251,route_054,0,15
TESLA_AP3_MODEL_3,driver_251,route_054,1,15
TESLA_AP3_MODEL_3,driver_251,route_054,2,15
TESLA_AP3_MODEL_3,driver_253,route_001,0,15
TESLA_AP3_MODEL_3,driver_253,route_001,1,15
TESLA_AP3_MODEL_3,driver_253,route_001,2,15
TESLA_AP3_MODEL_3,driver_253,route_001,3,15
TESLA_AP3_MODEL_3,driver_253,route_001,4,15
TESLA_AP3_MODEL_3,driver_253,route_001,5,15
TESLA_AP3_MODEL_3,driver_253,route_001,6,15
TESLA_AP3_MODEL_3,driver_253,route_001,7,15
TESLA_AP3_MODEL_3,driver_253,route_001,8,15
TESLA_AP3_MODEL_3,driver_253,route_001,9,15
TESLA_AP3_MODEL_3,driver_253,route_001,10,15
TESLA_AP3_MODEL_3,driver_253,route_001,11,15
TESLA_AP3_MODEL_3,driver_253,route_001,12,15
TESLA_AP3_MODEL_3,driver_253,route_001,13,15
TESLA_AP3_MODEL_3,driver_253,route_001,14,15
TESLA_AP3_MODEL_3,driver_253,route_001,15,15
TESLA_AP3_MODEL_3,driver_253,route_001,16,15
TESLA_AP3_MODEL_3,driver_253,route_001,17,15
TESLA_AP3_MODEL_3,driver_253,route_001,18,15
TESLA_AP3_MODEL_3,driver_253,route_001,19,15
TESLA_AP3_MODEL_3,driver_253,route_002,0,15
TESLA_AP3_MODEL_3,driver_253,route_002,1,15
TESLA_AP3_MODEL_3,driver_253,route_002,2,15
TESLA_AP3_MODEL_3,driver_253,route_002,3,15
TESLA_AP3_MODEL_3,driver_253,route_002,4,15
TESLA_AP3_MODEL_3,driver_253,route_002,5,15
TESLA_AP3_MODEL_3,driver_253,route_002,6,15
TESLA_AP3_MODEL_3,driver_253,route_002,7,15
TESLA_AP3_MODEL_3,driver_253,route_003,0,15
TESLA_AP3_MODEL_3,driver_253,route_003,1,15
TESLA_AP3_MODEL_3,driver_253,route_003,2,15
TESLA_AP3_MODEL_3,driver_253,route_003,3,15
TESLA_AP3_MODEL_3,driver_253,route_003,4,15
TESLA_AP3_MODEL_3,driver_253,route_003,5,15
TESLA_AP3_MODEL_3,driver_253,route_003,6,15
TESLA_AP3_MODEL_3,driver_253,route_003,7,15
TESLA_AP3_MODEL_3,driver_253,route_003,8,15
TESLA_AP3_MODEL_3,driver_253,route_003,9,15
TESLA_AP3_MODEL_3,driver_253,route_004,0,15
TESLA_AP3_MODEL_3,driver_253,route_004,1,15
TESLA_AP3_MODEL_3,driver_253,route_004,2,15
TESLA_AP3_MODEL_3,driver_253,route_004,3,15
TESLA_AP3_MODEL_3,driver_253,route_004,4,15
TESLA_AP3_MODEL_3,driver_253,route_004,5,15
TESLA_AP3_MODEL_3,driver_253,route_004,6,15
TESLA_AP3_MODEL_3,driver_253,route_004,7,15
TESLA_AP3_MODEL_3,driver_253,route_005,0,15
TESLA_AP3_MODEL_3,driver_253,route_005,1,15
TESLA_AP3_MODEL_3,driver_253,route_005,2,15
TESLA_AP3_MODEL_3,driver_253,route_005,3,15
TESLA_AP3_MODEL_3,driver_253,route_005,4,15
TESLA_AP3_MODEL_3,driver_253,route_005,5,15
TESLA_AP3_MODEL_3,driver_253,route_005,6,15
TESLA_AP3_MODEL_3,driver_253,route_005,7,15
TESLA_AP3_MODEL_3,driver_253,route_005,8,15
TESLA_AP3_MODEL_3,driver_253,route_005,9,15
TESLA_AP3_MODEL_3,driver_253,route_005,10,15
TESLA_AP3_MODEL_3,driver_253,route_006,0,15
TESLA_AP3_MODEL_3,driver_253,route_007,0,15
TESLA_AP3_MODEL_3,driver_253,route_007,1,15
TESLA_AP3_MODEL_3,driver_253,route_007,2,15
TESLA_AP3_MODEL_3,driver_253,route_007,3,15
TESLA_AP3_MODEL_3,driver_253,route_007,4,15
TESLA_AP3_MODEL_3,driver_253,route_007,5,15
TESLA_AP3_MODEL_3,driver_253,route_007,6,15
TESLA_AP3_MODEL_3,driver_253,route_007,7,15
TESLA_AP3_MODEL_3,driver_253,route_007,8,15
TESLA_AP3_MODEL_3,driver_253,route_007,9,15
TESLA_AP3_MODEL_3,driver_253,route_007,10,15
TESLA_AP3_MODEL_3,driver_253,route_007,11,15
TESLA_AP3_MODEL_3,driver_253,route_007,12,15
TESLA_AP3_MODEL_3,driver_253,route_007,13,15
TESLA_AP3_MODEL_3,driver_253,route_007,14,15
TESLA_AP3_MODEL_3,driver_253,route_007,15,15
TESLA_AP3_MODEL_3,driver_253,route_007,16,15
TESLA_AP3_MODEL_3,driver_253,route_007,17,15
TESLA_AP3_MODEL_3,driver_253,route_007,18,15
TESLA_AP3_MODEL_3,driver_253,route_007,19,15
TESLA_AP3_MODEL_3,driver_253,route_007,20,15
TESLA_AP3_MODEL_3,driver_253,route_007,21,15
TESLA_AP3_MODEL_3,driver_253,route_007,22,15
TESLA_AP3_MODEL_3,driver_253,route_007,23,15
TESLA_AP3_MODEL_3,driver_253,route_007,24,15
TESLA_AP3_MODEL_3,driver_253,route_007,25,15
TESLA_AP3_MODEL_3,driver_253,route_007,26,15
TESLA_AP3_MODEL_3,driver_253,route_008,0,15
TESLA_AP3_MODEL_3,driver_253,route_008,1,15
TESLA_AP3_MODEL_3,driver_253,route_008,2,15
TESLA_AP3_MODEL_3,driver_253,route_008,3,15
TESLA_AP3_MODEL_3,driver_253,route_008,4,15
TESLA_AP3_MODEL_3,driver_253,route_008,5,15
TESLA_AP3_MODEL_3,driver_253,route_008,6,15
TESLA_AP3_MODEL_3,driver_253,route_008,7,15
TESLA_AP3_MODEL_3,driver_253,route_008,8,15
TESLA_AP3_MODEL_3,driver_253,route_008,9,15
TESLA_AP3_MODEL_3,driver_253,route_008,10,15
TESLA_AP3_MODEL_3,driver_253,route_008,11,15
TESLA_AP3_MODEL_3,driver_253,route_008,12,15
TESLA_AP3_MODEL_3,driver_253,route_008,13,15
TESLA_AP3_MODEL_3,driver_253,route_008,14,15
TESLA_AP3_MODEL_3,driver_253,route_008,15,15
TESLA_AP3_MODEL_3,driver_253,route_008,16,15
TESLA_AP3_MODEL_3,driver_253,route_008,17,15
TESLA_AP3_MODEL_3,driver_253,route_008,18,15
TESLA_AP3_MODEL_3,driver_253,route_008,19,15
TESLA_AP3_MODEL_3,driver_253,route_008,20,15
TESLA_AP3_MODEL_3,driver_253,route_008,21,15
TESLA_AP3_MODEL_3,driver_253,route_008,22,15
TESLA_AP3_MODEL_3,driver_253,route_008,23,15
TESLA_AP3_MODEL_3,driver_253,route_008,24,15
TESLA_AP3_MODEL_3,driver_253,route_008,25,15
TESLA_AP3_MODEL_3,driver_253,route_009,0,15
TESLA_AP3_MODEL_3,driver_253,route_009,1,15
TESLA_AP3_MODEL_3,driver_253,route_009,2,15
TESLA_AP3_MODEL_3,driver_253,route_009,3,15
TESLA_AP3_MODEL_3,driver_253,route_009,4,15
TESLA_AP3_MODEL_3,driver_253,route_010,0,15
TESLA_AP3_MODEL_3,driver_253,route_010,1,15
TESLA_AP3_MODEL_3,driver_253,route_010,2,15
TESLA_AP3_MODEL_3,driver_253,route_010,3,15
TESLA_AP3_MODEL_3,driver_253,route_010,4,15
TESLA_AP3_MODEL_3,driver_253,route_010,5,15
TESLA_AP3_MODEL_3,driver_253,route_010,6,15
TESLA_AP3_MODEL_3,driver_253,route_010,7,15
TESLA_AP3_MODEL_3,driver_253,route_010,8,15
TESLA_AP3_MODEL_3,driver_253,route_010,9,15
TESLA_AP3_MODEL_3,driver_253,route_010,10,15
TESLA_AP3_MODEL_3,driver_253,route_010,11,15
TESLA_AP3_MODEL_3,driver_253,route_011,0,15
TESLA_AP3_MODEL_3,driver_253,route_011,1,15
TESLA_AP3_MODEL_3,driver_253,route_011,2,15
TESLA_AP3_MODEL_3,driver_253,route_011,3,15
TESLA_AP3_MODEL_3,driver_253,route_011,4,15
TESLA_AP3_MODEL_3,driver_253,route_011,5,15
TESLA_AP3_MODEL_3,driver_253,route_012,0,15
TESLA_AP3_MODEL_3,driver_253,route_012,1,15
TESLA_AP3_MODEL_3,driver_253,route_012,2,15
TESLA_AP3_MODEL_3,driver_253,route_012,3,15
TESLA_AP3_MODEL_3,driver_253,route_012,4,15
TESLA_AP3_MODEL_3,driver_253,route_012,5,15
TESLA_AP3_MODEL_3,driver_253,route_012,6,15
TESLA_AP3_MODEL_3,driver_253,route_012,7,15
TESLA_AP3_MODEL_3,driver_253,route_012,8,15
TESLA_AP3_MODEL_3,driver_253,route_012,9,15
TESLA_AP3_MODEL_3,driver_253,route_012,10,15
TESLA_AP3_MODEL_3,driver_253,route_012,11,15
TESLA_AP3_MODEL_3,driver_253,route_012,12,15
TESLA_AP3_MODEL_3,driver_253,route_013,0,15
TESLA_AP3_MODEL_3,driver_253,route_013,1,15
TESLA_AP3_MODEL_3,driver_253,route_013,2,15
TESLA_AP3_MODEL_3,driver_253,route_013,3,15
TESLA_AP3_MODEL_3,driver_253,route_014,0,15
TESLA_AP3_MODEL_3,driver_253,route_014,1,15
TESLA_AP3_MODEL_3,driver_253,route_014,2,15
TESLA_AP3_MODEL_3,driver_253,route_014,3,15
TESLA_AP3_MODEL_3,driver_253,route_014,4,15
TESLA_AP3_MODEL_3,driver_253,route_014,5,15
TESLA_AP3_MODEL_3,driver_253,route_014,6,15
TESLA_AP3_MODEL_3,driver_253,route_014,7,15
TESLA_AP3_MODEL_3,driver_253,route_014,8,15
TESLA_AP3_MODEL_3,driver_253,route_014,9,15
TESLA_AP3_MODEL_3,driver_253,route_014,10,15
TESLA_AP3_MODEL_3,driver_253,route_014,11,15
TESLA_AP3_MODEL_3,driver_253,route_014,12,15
TESLA_AP3_MODEL_3,driver_253,route_014,13,15
TESLA_AP3_MODEL_3,driver_253,route_014,14,15
TESLA_AP3_MODEL_3,driver_253,route_014,15,15
TESLA_AP3_MODEL_3,driver_253,route_014,16,15
TESLA_AP3_MODEL_3,driver_253,route_014,17,15
TESLA_AP3_MODEL_3,driver_253,route_014,18,15
TESLA_AP3_MODEL_3,driver_253,route_014,19,15
TESLA_AP3_MODEL_3,driver_253,route_014,20,15
TESLA_AP3_MODEL_3,driver_253,route_014,21,15
TESLA_AP3_MODEL_3,driver_253,route_014,22,15
TESLA_AP3_MODEL_3,driver_253,route_014,23,15
TESLA_AP3_MODEL_3,driver_253,route_014,24,10
TESLA_AP3_MODEL_3,driver_253,route_015,0,15
TESLA_AP3_MODEL_3,driver_253,route_015,1,15
TESLA_AP3_MODEL_3,driver_253,route_015,2,15
TESLA_AP3_MODEL_3,driver_253,route_015,3,15
TESLA_AP3_MODEL_3,driver_253,route_015,4,15
TESLA_AP3_MODEL_3,driver_253,route_015,5,15
TESLA_AP3_MODEL_3,driver_253,route_015,6,15
TESLA_AP3_MODEL_3,driver_253,route_015,7,15
TESLA_AP3_MODEL_3,driver_253,route_015,8,15
TESLA_AP3_MODEL_3,driver_253,route_015,9,15
TESLA_AP3_MODEL_3,driver_253,route_015,10,15
TESLA_AP3_MODEL_3,driver_253,route_016,0,15
TESLA_AP3_MODEL_3,driver_253,route_016,1,15
TESLA_AP3_MODEL_3,driver_253,route_016,2,15
TESLA_AP3_MODEL_3,driver_253,route_016,3,15
TESLA_AP3_MODEL_3,driver_253,route_016,4,15
TESLA_AP3_MODEL_3,driver_253,route_016,5,15
TESLA_AP3_MODEL_3,driver_253,route_016,6,15
TESLA_AP3_MODEL_3,driver_253,route_016,7,15
TESLA_AP3_MODEL_3,driver_253,route_016,8,15
TESLA_AP3_MODEL_3,driver_253,route_016,9,15
TESLA_AP3_MODEL_3,driver_253,route_016,10,15
TESLA_AP3_MODEL_3,driver_253,route_016,11,15
TESLA_AP3_MODEL_3,driver_253,route_016,12,15
TESLA_AP3_MODEL_3,driver_253,route_016,13,15
TESLA_AP3_MODEL_3,driver_253,route_016,14,15
TESLA_AP3_MODEL_3,driver_253,route_016,15,15
TESLA_AP3_MODEL_3,driver_253,route_016,16,15
TESLA_AP3_MODEL_3,driver_253,route_016,17,15
TESLA_AP3_MODEL_3,driver_253,route_016,18,15
TESLA_AP3_MODEL_3,driver_253,route_016,19,15
TESLA_AP3_MODEL_3,driver_253,route_017,0,15
TESLA_AP3_MODEL_3,driver_253,route_017,1,15
TESLA_AP3_MODEL_3,driver_253,route_017,2,15
TESLA_AP3_MODEL_3,driver_253,route_017,3,15
TESLA_AP3_MODEL_3,driver_253,route_017,4,15
TESLA_AP3_MODEL_3,driver_253,route_017,5,15
TESLA_AP3_MODEL_3,driver_253,route_017,6,15
TESLA_AP3_MODEL_3,driver_253,route_017,7,15
TESLA_AP3_MODEL_3,driver_253,route_017,8,15
TESLA_AP3_MODEL_3,driver_253,route_017,9,15
TESLA_AP3_MODEL_3,driver_253,route_017,10,15
TESLA_AP3_MODEL_3,driver_253,route_017,11,15
TESLA_AP3_MODEL_3,driver_253,route_017,12,15
TESLA_AP3_MODEL_3,driver_253,route_017,13,10
TESLA_AP3_MODEL_3,driver_354,route_001,0,15
TESLA_AP3_MODEL_3,driver_354,route_001,1,15
TESLA_AP3_MODEL_3,driver_354,route_001,2,15
TESLA_AP3_MODEL_3,driver_354,route_001,3,15
TESLA_AP3_MODEL_3,driver_354,route_001,4,15
TESLA_AP3_MODEL_3,driver_354,route_001,5,15
TESLA_MODELY,driver_072,route_001,0,15
TESLA_MODELY,driver_072,route_001,1,15
TESLA_MODELY,driver_072,route_002,0,15
TESLA_MODELY,driver_072,route_002,1,15
TESLA_MODELY,driver_072,route_002,2,15
TESLA_MODELY,driver_072,route_003,0,15
TESLA_MODELY,driver_072,route_003,1,15
TESLA_MODELY,driver_072,route_003,2,15
TESLA_MODELY,driver_072,route_003,3,15
TESLA_MODELY,driver_072,route_004,0,15
TESLA_MODELY,driver_072,route_004,1,15
TESLA_MODELY,driver_072,route_004,2,15
TESLA_MODELY,driver_072,route_004,3,15
TESLA_MODELY,driver_072,route_004,4,15
TESLA_MODELY,driver_072,route_005,0,15
TESLA_MODELY,driver_072,route_005,1,15
TESLA_MODELY,driver_072,route_006,0,15
TESLA_MODELY,driver_072,route_007,0,15
TESLA_MODELY,driver_097,route_001,0,15
TESLA_MODELY,driver_097,route_001,1,15
TESLA_MODELY,driver_097,route_001,2,15
TESLA_MODELY,driver_097,route_001,3,15
TESLA_MODELY,driver_097,route_001,4,15
TESLA_MODELY,driver_097,route_001,5,15
TESLA_MODELY,driver_097,route_001,6,15
TESLA_MODELY,driver_097,route_001,7,15
TESLA_MODELY,driver_097,route_001,8,15
TESLA_MODELY,driver_097,route_001,9,15
TESLA_MODELY,driver_097,route_001,10,15
TESLA_MODELY,driver_097,route_001,11,15
TESLA_MODELY,driver_097,route_001,12,15
TESLA_MODELY,driver_097,route_001,13,15
TESLA_MODELY,driver_097,route_001,14,15
TESLA_MODELY,driver_097,route_001,15,15
TESLA_MODELY,driver_097,route_001,16,15
TESLA_MODELY,driver_097,route_001,17,15
TESLA_MODELY,driver_097,route_001,18,10
TESLA_MODELY,driver_097,route_002,0,15
TESLA_MODELY,driver_097,route_002,1,15
TESLA_MODELY,driver_097,route_002,2,15
TESLA_MODELY,driver_097,route_002,3,15
TESLA_MODELY,driver_097,route_002,4,15
TESLA_MODELY,driver_097,route_002,5,15
TESLA_MODELY,driver_097,route_002,6,15
TESLA_MODELY,driver_097,route_002,7,15
TESLA_MODELY,driver_097,route_002,8,15
TESLA_MODELY,driver_097,route_003,0,15
TESLA_MODELY,driver_097,route_004,0,15
TESLA_MODELY,driver_097,route_004,1,15
TESLA_MODELY,driver_097,route_004,2,15
TESLA_MODELY,driver_097,route_004,3,15
TESLA_MODELY,driver_097,route_004,4,15
TESLA_MODELY,driver_097,route_004,5,15
TESLA_MODELY,driver_097,route_004,6,15
TESLA_MODELY,driver_097,route_004,7,15
TESLA_MODELY,driver_097,route_004,8,15
TESLA_MODELY,driver_097,route_004,9,15
TESLA_MODELY,driver_097,route_004,10,15
TESLA_MODELY,driver_148,route_001,0,10
TESLA_MODELY,driver_148,route_001,1,10
TESLA_MODELY,driver_148,route_001,2,10
TESLA_MODELY,driver_148,route_001,3,10
TESLA_MODELY,driver_148,route_001,4,10
TESLA_MODELY,driver_148,route_001,5,10
TESLA_MODELY,driver_148,route_001,6,10
TESLA_MODELY,driver_148,route_001,7,10
TESLA_MODELY,driver_148,route_001,8,10
TESLA_MODELY,driver_148,route_001,9,10
TESLA_MODELY,driver_246,route_001,0,15
TESLA_MODELY,driver_246,route_001,1,15
TESLA_MODELY,driver_246,route_001,2,15
TESLA_MODELY,driver_262,route_001,0,15
TESLA_MODELY,driver_274,route_001,0,15
TESLA_MODELY,driver_274,route_001,1,15
TESLA_MODELY,driver_274,route_001,2,15
TESLA_MODELY,driver_274,route_001,3,15
TESLA_MODELY,driver_274,route_001,4,15
TESLA_MODELY,driver_274,route_001,5,15
TESLA_MODELY,driver_274,route_001,6,15
TESLA_MODELY,driver_274,route_001,7,15
TESLA_MODELY,driver_274,route_001,8,15
TESLA_MODELY,driver_274,route_001,9,15
TESLA_MODELY,driver_274,route_001,10,15
TESLA_MODELY,driver_274,route_001,11,10
TESLA_MODELY,driver_274,route_002,0,15
TESLA_MODELY,driver_274,route_002,1,15
TESLA_MODELY,driver_274,route_002,2,15
TESLA_MODELY,driver_274,route_002,3,15
TESLA_MODELY,driver_274,route_002,4,15
TESLA_MODELY,driver_274,route_002,5,15
TESLA_MODELY,driver_274,route_002,6,15
TESLA_MODELY,driver_274,route_002,7,15
TESLA_MODELY,driver_274,route_002,8,15
TESLA_MODELY,driver_274,route_002,9,15
TESLA_MODELY,driver_274,route_002,10,15
TESLA_MODELY,driver_274,route_002,11,15
TESLA_MODELY,driver_274,route_002,12,10
TESLA_MODELY,driver_274,route_002,13,10
TESLA_MODELY,driver_274,route_002,14,10
TESLA_MODELY,driver_283,route_001,0,15
TESLA_MODELY,driver_283,route_001,1,15
TESLA_MODELY,driver_283,route_001,2,15
TESLA_MODELY,driver_283,route_001,3,15
TESLA_MODELY,driver_283,route_001,4,15
TESLA_MODELY,driver_283,route_001,5,15
TESLA_MODELY,driver_283,route_001,6,15
TESLA_MODELY,driver_283,route_001,7,15
TESLA_MODELY,driver_283,route_001,8,15
TESLA_MODELY,driver_283,route_002,0,15
TESLA_MODELY,driver_283,route_002,1,15
TESLA_MODELY,driver_283,route_002,2,15
TESLA_MODELY,driver_283,route_002,3,15
TESLA_MODELY,driver_283,route_002,4,15
TESLA_MODELY,driver_283,route_002,5,15
TESLA_MODELY,driver_283,route_002,6,15
TESLA_MODELY,driver_283,route_002,7,15
TESLA_MODELY,driver_283,route_002,8,15
TESLA_MODELY,driver_283,route_002,9,15
TESLA_MODELY,driver_283,route_002,10,15
TESLA_MODELY,driver_283,route_002,11,15
TESLA_MODELY,driver_283,route_002,12,15
TESLA_MODELY,driver_283,route_002,13,15
TESLA_MODELY,driver_283,route_002,14,15
TESLA_MODELY,driver_283,route_002,15,15
TESLA_MODELY,driver_283,route_002,16,10
TESLA_MODELY,driver_283,route_002,17,10
TESLA_MODELY,driver_283,route_002,18,10
TESLA_MODELY,driver_283,route_002,19,10
TESLA_MODELY,driver_283,route_002,20,10
TESLA_MODELY,driver_283,route_002,21,10
TESLA_MODELY,driver_283,route_002,22,10
TESLA_MODELY,driver_283,route_002,23,10
TESLA_MODELY,driver_283,route_002,24,10
TESLA_MODELY,driver_283,route_003,0,15
TESLA_MODELY,driver_307,route_001,0,15
TESLA_MODELY,driver_307,route_001,1,15
TESLA_MODELY,driver_307,route_001,2,15
TESLA_MODELY,driver_307,route_001,3,15
TESLA_MODELY,driver_307,route_001,4,15
TESLA_MODELY,driver_307,route_002,0,15
TESLA_MODELY,driver_307,route_002,1,15
TESLA_MODEL_3,driver_091,route_005,0,15
TESLA_MODEL_3,driver_091,route_005,1,15
TESLA_MODEL_3,driver_091,route_005,2,15
TESLA_MODEL_3,driver_091,route_006,0,15
TESLA_MODEL_3,driver_091,route_006,1,15
TESLA_MODEL_3,driver_103,route_001,0,10
TESLA_MODEL_3,driver_103,route_001,1,10
TESLA_MODEL_3,driver_103,route_001,2,10
TESLA_MODEL_3,driver_332,route_001,0,15
TESLA_MODEL_3,driver_343,route_001,0,15
TESLA_MODEL_3,driver_343,route_001,1,15
TESLA_MODEL_3,driver_343,route_001,2,15
TESLA_MODEL_3,driver_343,route_001,3,15
TESLA_MODEL_3,driver_343,route_002,0,15
TESLA_MODEL_3,driver_343,route_002,1,15
TESLA_MODEL_3,driver_343,route_002,2,15
TESLA_MODEL_3,driver_343,route_002,3,15
TESLA_MODEL_3,driver_343,route_002,4,15
TESLA_MODEL_3,driver_343,route_002,5,15
TESLA_MODEL_3,driver_343,route_003,0,15
TESLA_MODEL_3,driver_343,route_003,1,15
TESLA_MODEL_3,driver_343,route_003,2,15
TESLA_MODEL_3,driver_343,route_003,3,15
TESLA_MODEL_3,driver_343,route_003,4,15
TESLA_MODEL_3,driver_343,route_003,5,15
TESLA_MODEL_3,driver_343,route_003,6,15
TESLA_MODEL_3,driver_343,route_003,7,15
TESLA_MODEL_3,driver_361,route_001,0,15
TESLA_MODEL_3,driver_361,route_001,1,15
TESLA_MODEL_3,driver_361,route_001,2,15
TESLA_MODEL_3,driver_361,route_001,3,15
TESLA_MODEL_3,driver_361,route_001,4,15
TESLA_MODEL_3,driver_361,route_001,5,15
TESLA_MODEL_3,driver_361,route_001,6,15
TESLA_MODEL_3,driver_361,route_001,7,15
TESLA_MODEL_3,driver_361,route_001,8,15
TESLA_MODEL_3,driver_361,route_001,9,15
TESLA_MODEL_3,driver_361,route_001,10,15
TESLA_MODEL_3,driver_361,route_001,11,15
TESLA_MODEL_3,driver_361,route_001,12,15
TESLA_MODEL_3,driver_361,route_002,0,15
TESLA_MODEL_3,driver_361,route_002,1,15
TESLA_MODEL_3,driver_361,route_002,2,15
TESLA_MODEL_3,driver_361,route_002,3,15
TESLA_MODEL_3,driver_361,route_003,0,15
TESLA_MODEL_3,driver_361,route_003,1,15
TESLA_MODEL_3,driver_361,route_003,2,15
TESLA_MODEL_3,driver_361,route_003,3,15
TESLA_MODEL_3,driver_361,route_003,4,15
TESLA_MODEL_3,driver_361,route_003,5,15
TESLA_MODEL_3,driver_361,route_003,6,15
TESLA_MODEL_3,driver_361,route_003,7,15
TESLA_MODEL_3,driver_361,route_003,8,15
TESLA_MODEL_3,driver_361,route_003,9,15
TESLA_MODEL_3,driver_361,route_003,10,15
TESLA_MODEL_3,driver_361,route_003,11,15
TESLA_MODEL_3,driver_361,route_003,12,15
TESLA_MODEL_3,driver_361,route_003,13,15
TESLA_MODEL_3,driver_361,route_004,0,15
TESLA_MODEL_3,driver_361,route_004,1,15
TESLA_MODEL_3,driver_361,route_004,2,15
TESLA_MODEL_3,driver_361,route_005,0,15
TESLA_MODEL_3,driver_361,route_005,1,15
TESLA_MODEL_3,driver_361,route_005,2,15
TESLA_MODEL_3,driver_361,route_005,3,15
TESLA_MODEL_3,driver_361,route_005,4,15
TESLA_MODEL_3,driver_361,route_005,5,15
TESLA_MODEL_3,driver_361,route_005,6,15
TESLA_MODEL_3,driver_361,route_005,7,15
TESLA_MODEL_3,driver_361,route_005,8,15
TESLA_MODEL_3,driver_361,route_005,9,15
TESLA_MODEL_3,driver_361,route_005,10,15
TESLA_MODEL_S_RAVEN,driver_149,route_001,0,15
TESLA_MODEL_S_RAVEN,driver_149,route_001,1,15
TESLA_MODEL_S_RAVEN,driver_149,route_001,2,15
TESLA_MODEL_S_RAVEN,driver_149,route_001,3,15
TESLA_MODEL_S_RAVEN,driver_149,route_002,0,15
TESLA_MODEL_S_RAVEN,driver_149,route_002,1,15
TESLA_MODEL_S_RAVEN,driver_149,route_002,2,15
TESLA_MODEL_S_RAVEN,driver_149,route_002,3,15
TESLA_MODEL_S_RAVEN,driver_149,route_002,4,15
TESLA_MODEL_S_RAVEN,driver_149,route_002,5,15
TESLA_MODEL_S_RAVEN,driver_149,route_002,6,15
TESLA_MODEL_S_RAVEN,driver_149,route_002,7,15
TESLA_MODEL_S_RAVEN,driver_149,route_002,8,15
TESLA_MODEL_S_RAVEN,driver_149,route_002,9,15
TESLA_MODEL_S_RAVEN,driver_149,route_002,10,10
TESLA_MODEL_S_RAVEN,driver_203,route_001,0,15
TESLA_MODEL_S_RAVEN,driver_203,route_001,1,15
TESLA_MODEL_X,driver_202,route_001,0,10
TESLA_MODEL_X,driver_202,route_001,1,10
TESLA_MODEL_X,driver_202,route_001,2,10
TESLA_MODEL_X,driver_202,route_001,3,10
TESLA_MODEL_X,driver_202,route_001,4,10
TESLA_MODEL_X,driver_202,route_001,5,10
TESLA_MODEL_X,driver_202,route_001,6,10
TESLA_MODEL_X,driver_202,route_001,7,10
TESLA_MODEL_X,driver_202,route_001,8,10
TESLA_MODEL_X,driver_202,route_001,9,10
TESLA_MODEL_X,driver_202,route_001,10,10
TESLA_MODEL_X,driver_202,route_001,11,10
TESLA_MODEL_X,driver_202,route_001,12,10
TESLA_MODEL_X,driver_202,route_001,13,10
TESLA_MODEL_X,driver_202,route_001,14,10
TESLA_MODEL_X,driver_202,route_001,15,10
TESLA_MODEL_X,driver_202,route_001,16,10
TESLA_MODEL_X,driver_202,route_001,17,10
TESLA_MODEL_X,driver_202,route_001,18,10
TESLA_MODEL_X,driver_202,route_001,19,10
TESLA_MODEL_X,driver_202,route_001,20,10
TESLA_MODEL_X,driver_202,route_001,21,10
TESLA_MODEL_X,driver_202,route_001,22,10
TESLA_MODEL_X,driver_202,route_001,23,10
TESLA_MODEL_X,driver_202,route_001,24,10
TESLA_MODEL_X,driver_202,route_001,25,10
TESLA_MODEL_X,driver_202,route_001,26,10
TESLA_MODEL_X,driver_202,route_001,27,10
TESLA_MODEL_X,driver_202,route_001,28,10
TESLA_MODEL_X,driver_202,route_001,29,10
TESLA_MODEL_X,driver_202,route_001,30,10
TESLA_MODEL_X,driver_202,route_001,31,10
TESLA_MODEL_X,driver_202,route_001,32,10
TESLA_MODEL_X,driver_251,route_004,0,15
TESLA_MODEL_X,driver_251,route_004,1,15
TESLA_MODEL_X,driver_251,route_004,2,15
TESLA_MODEL_X,driver_251,route_008,0,15
TESLA_MODEL_X,driver_251,route_008,1,15
TESLA_MODEL_X,driver_251,route_008,2,15
TESLA_MODEL_X,driver_251,route_008,3,15
TESLA_MODEL_X,driver_251,route_008,4,15
TESLA_MODEL_X,driver_251,route_008,5,15
TESLA_MODEL_X,driver_251,route_008,6,15
TESLA_MODEL_X,driver_251,route_008,7,15
TESLA_MODEL_X,driver_251,route_008,8,15
TESLA_MODEL_X,driver_251,route_008,9,15
TESLA_MODEL_X,driver_251,route_008,10,15
TESLA_MODEL_X,driver_251,route_008,11,15
TESLA_MODEL_X,driver_251,route_008,12,15
TESLA_MODEL_X,driver_251,route_017,0,15
TESLA_MODEL_X,driver_251,route_017,1,15
TESLA_MODEL_X,driver_251,route_049,0,15
TESLA_MODEL_X,driver_251,route_071,0,15
TESLA_MODEL_X,driver_251,route_071,1,15
TESLA_MODEL_X,driver_251,route_071,2,15
TESLA_MODEL_X,driver_251,route_072,0,15
TESLA_MODEL_X,driver_251,route_072,1,15
TESLA_MODEL_X,driver_251,route_072,2,15
TESLA_MODEL_X,driver_251,route_072,3,15
TESLA_MODEL_X,driver_251,route_072,4,15
TESLA_MODEL_X,driver_251,route_072,5,15
TESLA_MODEL_X,driver_251,route_073,0,15
TESLA_MODEL_X,driver_251,route_073,1,15
TESLA_MODEL_X,driver_251,route_073,2,15
TESLA_MODEL_X,driver_251,route_073,3,15
TESLA_MODEL_X,driver_251,route_073,4,15
TESLA_MODEL_X,driver_251,route_073,5,15
TESLA_MODEL_X,driver_251,route_073,6,15
TESLA_MODEL_X,driver_251,route_073,7,15
TESLA_MODEL_X,driver_251,route_073,8,15
TESLA_MODEL_X,driver_251,route_075,0,15
TESLA_MODEL_X,driver_251,route_077,0,15
TESLA_MODEL_X,driver_251,route_077,1,15
TESLA_MODEL_X,driver_251,route_077,2,15
TESLA_MODEL_X,driver_251,route_079,0,15
TESLA_MODEL_X,driver_251,route_079,1,15
TESLA_MODEL_X,driver_251,route_079,2,15
TESLA_MODEL_X,driver_251,route_079,3,15
TESLA_MODEL_X,driver_251,route_079,4,15
TESLA_MODEL_X,driver_251,route_081,0,15
TESLA_MODEL_X,driver_251,route_081,1,15
TESLA_MODEL_X,driver_251,route_084,0,15
TESLA_MODEL_X,driver_251,route_084,1,15
TESLA_MODEL_X,driver_251,route_085,0,15
TESLA_MODEL_X,driver_251,route_088,0,15
TESLA_MODEL_X,driver_251,route_088,1,15
TESLA_MODEL_X,driver_251,route_088,2,15
TESLA_MODEL_X,driver_251,route_090,0,15
TESLA_MODEL_X,driver_251,route_090,1,15
TESLA_MODEL_X,driver_251,route_090,2,15
TESLA_MODEL_X,driver_251,route_090,3,15
TESLA_MODEL_X,driver_251,route_090,4,15
TESLA_MODEL_X,driver_251,route_091,0,15
TESLA_MODEL_X,driver_251,route_091,1,15
TESLA_MODEL_X,driver_251,route_091,2,15
TESLA_MODEL_X,driver_251,route_094,0,15
TESLA_MODEL_X,driver_251,route_094,1,15
TESLA_MODEL_X,driver_251,route_094,2,15
TESLA_MODEL_X,driver_251,route_094,3,15
TESLA_MODEL_X,driver_251,route_094,4,15
TESLA_MODEL_X,driver_251,route_096,0,15
TESLA_MODEL_X,driver_251,route_096,1,15
TESLA_MODEL_X,driver_251,route_096,2,15
TESLA_MODEL_X,driver_251,route_096,3,15
TESLA_MODEL_X,driver_251,route_097,0,15
TESLA_MODEL_X,driver_251,route_097,1,15
TESLA_MODEL_X,driver_251,route_098,0,15
TESLA_MODEL_X,driver_251,route_099,0,15
TESLA_MODEL_X,driver_251,route_100,0,15
TESLA_MODEL_X,driver_251,route_100,1,15
TESLA_MODEL_X,driver_251,route_100,2,15
TESLA_MODEL_X,driver_251,route_101,0,15
TESLA_MODEL_X,driver_251,route_101,1,15
TESLA_MODEL_X,driver_251,route_101,2,15
TESLA_MODEL_X,driver_251,route_101,3,15
TESLA_MODEL_X,driver_251,route_102,0,15
TESLA_MODEL_X,driver_251,route_102,1,15
TESLA_MODEL_X,driver_251,route_102,2,15
TESLA_MODEL_X,driver_251,route_102,3,15
TESLA_MODEL_X,driver_251,route_102,4,15
TESLA_MODEL_X,driver_251,route_102,5,15
TESLA_MODEL_X,driver_251,route_102,6,10
TESLA_MODEL_X,driver_251,route_103,0,15
TESLA_MODEL_X,driver_251,route_103,1,15
TESLA_MODEL_X,driver_251,route_103,2,15
TESLA_MODEL_X,driver_251,route_103,3,15
TESLA_MODEL_X,driver_251,route_103,4,15
TESLA_MODEL_X,driver_251,route_103,5,15
TESLA_MODEL_X,driver_251,route_103,6,15
TESLA_MODEL_X,driver_251,route_104,0,15
TESLA_MODEL_X,driver_251,route_104,1,15
TESLA_MODEL_X,driver_251,route_105,0,15
TESLA_MODEL_X,driver_251,route_105,1,15
TESLA_MODEL_X,driver_251,route_105,2,15
TESLA_MODEL_X,driver_251,route_105,3,15
TESLA_MODEL_X,driver_251,route_105,4,15
TESLA_MODEL_X,driver_251,route_106,0,15
TESLA_MODEL_X,driver_251,route_106,1,15
TESLA_MODEL_X,driver_251,route_106,2,15
TESLA_MODEL_X,driver_251,route_107,0,15
TESLA_MODEL_X,driver_251,route_107,1,15
TESLA_MODEL_X,driver_251,route_107,2,15
TESLA_MODEL_X,driver_251,route_108,0,15
TESLA_MODEL_X,driver_251,route_108,1,15
TESLA_MODEL_X,driver_251,route_108,2,15
TESLA_MODEL_X,driver_251,route_109,0,15
TESLA_MODEL_X,driver_251,route_110,0,15
TESLA_MODEL_X,driver_251,route_110,1,15
TESLA_MODEL_X,driver_251,route_110,2,15
TESLA_MODEL_X,driver_251,route_110,3,15
TESLA_MODEL_X,driver_251,route_111,0,15
TESLA_MODEL_X,driver_251,route_111,1,15
TESLA_MODEL_X,driver_344,route_001,0,15
TESLA_MODEL_X,driver_344,route_001,1,15
TESLA_MODEL_X,driver_344,route_001,2,15
TESLA_MODEL_X,driver_344,route_001,3,15
TESLA_MODEL_X,driver_344,route_001,4,15
TESLA_MODEL_X,driver_344,route_001,5,15
TESLA_MODEL_X,driver_344,route_001,6,15
TESLA_MODEL_X,driver_344,route_001,7,15
TESLA_MODEL_X,driver_344,route_001,8,15
TESLA_MODEL_X,driver_344,route_001,9,15
TESLA_MODEL_X,driver_344,route_001,10,15
TESLA_MODEL_X,driver_344,route_001,11,15
TESLA_MODEL_X,driver_344,route_001,12,15
TESLA_MODEL_X,driver_344,route_001,13,15
TESLA_MODEL_X,driver_344,route_001,14,15
TESLA_MODEL_X,driver_344,route_001,15,15
TESLA_MODEL_X,driver_344,route_001,16,15
TESLA_MODEL_X,driver_344,route_001,17,15
TESLA_MODEL_X,driver_344,route_001,18,15
TESLA_MODEL_X,driver_344,route_001,19,15
TESLA_MODEL_Y,driver_091,route_004,0,15
TESLA_MODEL_Y,driver_091,route_004,1,15
TESLA_MODEL_Y,driver_091,route_004,2,15
TESLA_MODEL_Y,driver_091,route_004,3,15
TESLA_MODEL_Y,driver_091,route_004,4,15
TESLA_MODEL_Y,driver_091,route_004,5,15
TESLA_MODEL_Y,driver_091,route_004,6,15
TESLA_MODEL_Y,driver_283,route_004,0,15
TESLA_MODEL_Y,driver_283,route_004,1,15
TESLA_MODEL_Y,driver_330,route_001,0,15
TESLA_MODEL_Y,driver_330,route_001,1,15
TOYOTA_ALPHARD_2020,driver_097,route_005,0,15
TOYOTA_ALPHARD_2020,driver_097,route_005,1,15
TOYOTA_ALPHARD_2020,driver_097,route_005,2,15
TOYOTA_ALPHARD_2020,driver_097,route_005,3,15
TOYOTA_ALPHARD_2020,driver_097,route_005,4,15
TOYOTA_ALPHARD_2020,driver_097,route_005,5,15
TOYOTA_ALPHARD_2020,driver_097,route_005,6,15
TOYOTA_ALPHARD_2020,driver_097,route_005,7,15
TOYOTA_ALPHARD_2020,driver_097,route_005,8,15
TOYOTA_ALPHARD_2020,driver_097,route_005,9,15
TOYOTA_ALPHARD_2020,driver_097,route_005,10,15
TOYOTA_ALPHARD_2020,driver_097,route_005,11,15
TOYOTA_ALPHARD_2020,driver_097,route_005,12,15
TOYOTA_ALPHARD_2020,driver_097,route_005,13,15
TOYOTA_ALPHARD_2020,driver_097,route_005,14,15
TOYOTA_ALPHARD_2020,driver_097,route_005,15,15
TOYOTA_ALPHARD_2020,driver_097,route_005,16,15
TOYOTA_ALPHARD_2020,driver_097,route_005,17,15
TOYOTA_ALPHARD_2020,driver_097,route_005,18,15
TOYOTA_ALPHARD_2020,driver_097,route_005,19,15
TOYOTA_ALPHARD_2020,driver_097,route_005,20,15
TOYOTA_ALPHARD_2020,driver_097,route_005,21,15
TOYOTA_ALPHARD_2020,driver_097,route_005,22,15
TOYOTA_ALPHARD_2020,driver_097,route_005,23,15
TOYOTA_ALPHARD_2020,driver_097,route_005,24,15
TOYOTA_ALPHARD_2020,driver_097,route_005,25,15
TOYOTA_ALPHARD_2020,driver_097,route_005,26,15
TOYOTA_ALPHARD_2020,driver_097,route_005,27,15
TOYOTA_ALPHARD_2020,driver_097,route_005,28,15
TOYOTA_ALPHARD_2020,driver_097,route_005,29,15
TOYOTA_ALPHARD_2020,driver_097,route_005,30,15
TOYOTA_ALPHARD_2020,driver_097,route_005,31,15
TOYOTA_ALPHARD_2020,driver_097,route_005,32,15
TOYOTA_ALPHARD_2020,driver_097,route_005,33,15
TOYOTA_ALPHARD_2020,driver_097,route_005,34,15
TOYOTA_ALPHARD_2020,driver_097,route_005,35,15
TOYOTA_ALPHARD_2020,driver_097,route_005,36,15
TOYOTA_ALPHARD_2020,driver_097,route_005,37,15
TOYOTA_ALPHARD_2020,driver_097,route_005,38,15
TOYOTA_ALPHARD_2020,driver_097,route_005,39,15
TOYOTA_ALPHARD_2020,driver_097,route_005,40,15
TOYOTA_ALPHARD_2020,driver_097,route_005,41,15
TOYOTA_ALPHARD_2020,driver_097,route_005,42,15
TOYOTA_ALPHARD_2020,driver_097,route_005,43,15
TOYOTA_ALPHARD_2020,driver_097,route_005,44,15
TOYOTA_ALPHARD_2020,driver_097,route_005,45,15
TOYOTA_ALPHARD_2020,driver_097,route_005,46,15
TOYOTA_ALPHARD_2020,driver_097,route_005,47,15
TOYOTA_ALPHARD_2020,driver_097,route_005,48,15
TOYOTA_ALPHARD_2020,driver_097,route_005,49,15
TOYOTA_ALPHARD_2020,driver_097,route_005,50,10
TOYOTA_ALPHARD_2020,driver_097,route_005,51,10
TOYOTA_ALPHARD_2020,driver_097,route_005,52,10
TOYOTA_ALPHARD_2020,driver_097,route_005,53,10
TOYOTA_ALPHARD_2020,driver_097,route_005,54,10
TOYOTA_ALPHARD_2020,driver_097,route_005,55,10
TOYOTA_ALPHARD_2020,driver_097,route_005,56,10
TOYOTA_ALPHARD_2020,driver_097,route_005,57,10
TOYOTA_ALPHARD_2020,driver_097,route_005,58,10
TOYOTA_ALPHARD_2020,driver_097,route_005,59,10
TOYOTA_ALPHARD_2020,driver_097,route_005,60,10
TOYOTA_ALPHARD_2020,driver_097,route_005,61,10
TOYOTA_ALPHARD_2020,driver_097,route_005,62,10
TOYOTA_ALPHARD_2020,driver_097,route_005,63,10
TOYOTA_ALPHARD_2020,driver_097,route_006,0,15
TOYOTA_ALPHARD_2020,driver_097,route_006,1,15
TOYOTA_ALPHARD_2020,driver_097,route_006,2,15
TOYOTA_ALPHARD_2020,driver_097,route_006,3,15
TOYOTA_ALPHARD_2020,driver_097,route_006,4,15
TOYOTA_ALPHARD_2020,driver_097,route_006,5,15
TOYOTA_ALPHARD_2020,driver_097,route_006,6,15
TOYOTA_ALPHARD_2020,driver_097,route_006,7,15
TOYOTA_ALPHARD_2020,driver_097,route_006,8,15
TOYOTA_ALPHARD_2020,driver_097,route_006,9,15
TOYOTA_ALPHARD_2020,driver_097,route_006,10,15
TOYOTA_ALPHARD_2020,driver_097,route_006,11,15
TOYOTA_ALPHARD_2020,driver_097,route_006,12,15
TOYOTA_ALPHARD_2020,driver_097,route_006,13,15
TOYOTA_ALPHARD_2020,driver_097,route_006,14,15
TOYOTA_ALPHARD_2020,driver_097,route_006,15,15
TOYOTA_ALPHARD_2020,driver_097,route_006,16,15
TOYOTA_ALPHARD_2020,driver_097,route_006,17,15
TOYOTA_ALPHARD_2020,driver_097,route_006,18,15
TOYOTA_ALPHARD_2020,driver_097,route_006,19,15
TOYOTA_ALPHARD_2020,driver_097,route_006,20,15
TOYOTA_ALPHARD_2020,driver_097,route_006,21,15
TOYOTA_ALPHARD_2020,driver_097,route_006,22,15
TOYOTA_ALPHARD_2020,driver_097,route_006,23,15
TOYOTA_ALPHARD_2020,driver_097,route_006,24,15
TOYOTA_ALPHARD_2020,driver_097,route_006,25,15
TOYOTA_ALPHARD_2020,driver_097,route_006,26,10
TOYOTA_ALPHARD_2020,driver_097,route_006,27,10
TOYOTA_ALPHARD_2020,driver_097,route_006,28,10
TOYOTA_ALPHARD_2020,driver_097,route_006,29,10
TOYOTA_ALPHARD_2020,driver_097,route_006,30,10
TOYOTA_ALPHARD_2020,driver_097,route_006,31,10
TOYOTA_ALPHARD_2020,driver_097,route_006,32,10
TOYOTA_ALPHARD_2020,driver_097,route_006,33,10
TOYOTA_ALPHARD_2020,driver_097,route_006,34,10
TOYOTA_ALPHARD_2020,driver_097,route_006,35,10
TOYOTA_CAMRY_2021,driver_193,route_001,0,15
TOYOTA_CAMRY_2021,driver_193,route_001,1,15
TOYOTA_CAMRY_2021,driver_193,route_001,2,15
TOYOTA_CAMRY_2021,driver_193,route_001,3,15
TOYOTA_CAMRY_2021,driver_193,route_001,4,15
TOYOTA_CAMRY_2021,driver_193,route_001,5,15
TOYOTA_CAMRY_2021,driver_193,route_001,6,15
TOYOTA_CAMRY_2021,driver_251,route_112,0,15
TOYOTA_CAMRY_2021,driver_251,route_112,1,15
TOYOTA_CAMRY_2021,driver_251,route_112,2,15
TOYOTA_CAMRY_2021,driver_251,route_113,0,15
TOYOTA_CAMRY_2021,driver_251,route_113,1,15
TOYOTA_CAMRY_2021,driver_251,route_113,2,15
TOYOTA_CAMRY_2021,driver_251,route_113,3,15
TOYOTA_CAMRY_2021,driver_251,route_114,0,15
TOYOTA_CAMRY_2021,driver_251,route_114,1,15
TOYOTA_CAMRY_2021,driver_251,route_114,2,15
TOYOTA_CAMRY_2021,driver_251,route_114,3,15
TOYOTA_CAMRY_2021,driver_251,route_115,0,15
TOYOTA_CAMRY_2021,driver_251,route_115,1,15
TOYOTA_CAMRY_2021,driver_251,route_115,2,15
TOYOTA_CAMRY_2021,driver_251,route_115,3,15
TOYOTA_CAMRY_2021,driver_251,route_115,4,15
TOYOTA_CAMRY_2021,driver_251,route_115,5,15
TOYOTA_CAMRY_2021,driver_251,route_115,6,15
TOYOTA_CAMRY_2021,driver_251,route_115,7,15
TOYOTA_CAMRY_2021,driver_251,route_115,8,15
TOYOTA_CAMRY_2021,driver_251,route_115,9,15
TOYOTA_CAMRY_2021,driver_251,route_116,0,15
TOYOTA_CAMRY_2021,driver_251,route_116,1,15
TOYOTA_CAMRY_2021,driver_251,route_116,2,15
TOYOTA_CAMRY_2021,driver_251,route_116,3,15
TOYOTA_CAMRY_2021,driver_251,route_116,4,15
TOYOTA_CAMRY_2021,driver_251,route_116,5,15
TOYOTA_CAMRY_2021,driver_251,route_116,6,15
TOYOTA_CAMRY_2021,driver_251,route_116,7,15
TOYOTA_CAMRY_2021,driver_251,route_116,8,15
TOYOTA_CAMRY_2021,driver_251,route_116,9,15
TOYOTA_CAMRY_2021,driver_251,route_116,10,15
TOYOTA_CAMRY_2021,driver_251,route_116,11,15
TOYOTA_CAMRY_2021,driver_251,route_116,12,15
TOYOTA_CAMRY_2021,driver_251,route_116,13,15
TOYOTA_CAMRY_2021,driver_251,route_116,14,15
TOYOTA_CAMRY_2021,driver_251,route_116,15,15
TOYOTA_CAMRY_2021,driver_251,route_116,16,15
TOYOTA_CAMRY_2021,driver_251,route_116,17,15
TOYOTA_CAMRY_2021,driver_251,route_116,18,15
TOYOTA_CAMRY_2021,driver_251,route_116,19,15
TOYOTA_CAMRY_2021,driver_251,route_116,20,15
TOYOTA_CAMRY_2021,driver_251,route_116,21,15
TOYOTA_CAMRY_2021,driver_251,route_117,0,15
TOYOTA_CAMRY_2021,driver_251,route_117,1,15
TOYOTA_CAMRY_2021,driver_251,route_117,2,15
TOYOTA_CAMRY_2021,driver_251,route_117,3,15
TOYOTA_CAMRY_2021,driver_251,route_117,4,15
TOYOTA_CAMRY_2021,driver_251,route_117,5,15
TOYOTA_CAMRY_2021,driver_251,route_117,6,15
TOYOTA_CAMRY_2021,driver_251,route_117,7,15
TOYOTA_CAMRY_2021,driver_251,route_117,8,15
TOYOTA_CAMRY_2021,driver_251,route_117,9,15
TOYOTA_CAMRY_2021,driver_251,route_117,10,15
TOYOTA_CAMRY_2021,driver_251,route_117,11,15
TOYOTA_CAMRY_2021,driver_251,route_117,12,15
TOYOTA_CAMRY_2021,driver_251,route_118,0,15
TOYOTA_CAMRY_2021,driver_251,route_118,1,15
TOYOTA_CAMRY_2021,driver_251,route_118,2,15
TOYOTA_CAMRY_2021,driver_251,route_118,3,15
TOYOTA_CAMRY_2021,driver_251,route_118,4,15
TOYOTA_CAMRY_2021,driver_251,route_119,0,15
TOYOTA_CAMRY_2021,driver_251,route_119,1,15
TOYOTA_CAMRY_2021,driver_251,route_120,0,15
TOYOTA_CAMRY_2021,driver_251,route_120,1,15
TOYOTA_CAMRY_2021,driver_251,route_120,2,15
TOYOTA_CAMRY_2021,driver_251,route_120,3,15
TOYOTA_CAMRY_2021,driver_251,route_120,4,15
TOYOTA_CAMRY_2021,driver_251,route_120,5,15
TOYOTA_CAMRY_2021,driver_251,route_120,6,15
TOYOTA_CAMRY_2021,driver_251,route_120,7,15
TOYOTA_CAMRY_2021,driver_251,route_120,8,15
TOYOTA_CAMRY_2021,driver_251,route_120,9,15
TOYOTA_CAMRY_2021,driver_251,route_120,10,15
TOYOTA_CAMRY_2021,driver_251,route_121,0,15
TOYOTA_CAMRY_2021,driver_251,route_121,1,15
TOYOTA_CAMRY_2021,driver_251,route_121,2,15
TOYOTA_CAMRY_2021,driver_251,route_121,3,15
TOYOTA_CAMRY_2021,driver_251,route_121,4,15
TOYOTA_CAMRY_2021,driver_251,route_121,5,15
TOYOTA_CAMRY_2021,driver_251,route_121,6,15
TOYOTA_CAMRY_2021,driver_251,route_121,7,15
TOYOTA_CAMRY_2021,driver_251,route_122,0,15
TOYOTA_CAMRY_2021,driver_251,route_122,1,15
TOYOTA_CAMRY_2021,driver_251,route_122,2,15
TOYOTA_CAMRY_2021,driver_251,route_122,3,15
TOYOTA_CAMRY_2021,driver_251,route_122,4,15
TOYOTA_CAMRY_2021,driver_251,route_122,5,15
TOYOTA_CAMRY_TSS2,driver_204,route_001,0,15
TOYOTA_CAMRY_TSS2,driver_204,route_002,0,15
TOYOTA_CAMRY_TSS2,driver_204,route_002,1,15
TOYOTA_CAMRY_TSS2,driver_204,route_002,2,15
TOYOTA_CAMRY_TSS2,driver_204,route_002,3,15
TOYOTA_CAMRY_TSS2,driver_204,route_002,4,15
TOYOTA_CAMRY_TSS2,driver_204,route_002,5,15
TOYOTA_CAMRY_TSS2,driver_204,route_002,6,15
TOYOTA_CAMRY_TSS2,driver_204,route_002,7,15
TOYOTA_CAMRY_TSS2,driver_204,route_002,8,15
TOYOTA_CAMRY_TSS2,driver_204,route_002,9,15
TOYOTA_CAMRY_TSS2,driver_204,route_002,10,15
TOYOTA_CAMRY_TSS2,driver_251,route_019,0,15
TOYOTA_CAMRY_TSS2,driver_251,route_019,1,15
TOYOTA_CAMRY_TSS2,driver_251,route_019,2,15
TOYOTA_CAMRY_TSS2,driver_251,route_019,3,15
TOYOTA_CAMRY_TSS2,driver_251,route_021,0,15
TOYOTA_CAMRY_TSS2,driver_251,route_021,1,15
TOYOTA_CAMRY_TSS2,driver_251,route_021,2,15
TOYOTA_CAMRY_TSS2,driver_251,route_021,3,15
TOYOTA_CAMRY_TSS2,driver_251,route_021,4,15
TOYOTA_CAMRY_TSS2,driver_251,route_021,5,15
TOYOTA_CAMRY_TSS2,driver_251,route_021,6,15
TOYOTA_CAMRY_TSS2,driver_251,route_021,7,15
TOYOTA_CAMRY_TSS2,driver_251,route_021,8,15
TOYOTA_CAMRY_TSS2,driver_251,route_021,9,15
TOYOTA_CAMRY_TSS2,driver_251,route_021,10,15
TOYOTA_CAMRY_TSS2,driver_251,route_021,11,15
TOYOTA_CAMRY_TSS2,driver_251,route_021,12,15
TOYOTA_CAMRY_TSS2,driver_251,route_021,13,15
TOYOTA_CAMRY_TSS2,driver_251,route_021,14,15
TOYOTA_CAMRY_TSS2,driver_251,route_021,15,15
TOYOTA_CAMRY_TSS2,driver_251,route_021,16,15
TOYOTA_CAMRY_TSS2,driver_251,route_021,17,15
TOYOTA_CAMRY_TSS2,driver_251,route_021,18,15
TOYOTA_CAMRY_TSS2,driver_251,route_021,19,15
TOYOTA_CAMRY_TSS2,driver_251,route_021,20,15
TOYOTA_CAMRY_TSS2,driver_251,route_021,21,15
TOYOTA_CAMRY_TSS2,driver_251,route_021,22,15
TOYOTA_CAMRY_TSS2,driver_251,route_021,23,15
TOYOTA_CAMRY_TSS2,driver_251,route_021,24,15
TOYOTA_CAMRY_TSS2,driver_251,route_021,25,15
TOYOTA_CAMRY_TSS2,driver_251,route_021,26,15
TOYOTA_CAMRY_TSS2,driver_251,route_021,27,15
TOYOTA_CAMRY_TSS2,driver_251,route_021,28,15
TOYOTA_CAMRY_TSS2,driver_251,route_021,29,15
TOYOTA_CAMRY_TSS2,driver_251,route_021,30,15
TOYOTA_CAMRY_TSS2,driver_251,route_021,31,15
TOYOTA_CAMRY_TSS2,driver_251,route_021,32,15
TOYOTA_CAMRY_TSS2,driver_251,route_021,33,15
TOYOTA_CAMRY_TSS2,driver_251,route_021,34,15
TOYOTA_CAMRY_TSS2,driver_251,route_027,0,15
TOYOTA_CAMRY_TSS2,driver_251,route_027,1,15
TOYOTA_CAMRY_TSS2,driver_251,route_027,2,15
TOYOTA_CAMRY_TSS2,driver_251,route_027,3,15
TOYOTA_CAMRY_TSS2,driver_251,route_027,4,15
TOYOTA_CAMRY_TSS2,driver_251,route_027,5,15
TOYOTA_CAMRY_TSS2,driver_251,route_027,6,15
TOYOTA_CAMRY_TSS2,driver_251,route_027,7,15
TOYOTA_CAMRY_TSS2,driver_251,route_027,8,15
TOYOTA_CAMRY_TSS2,driver_251,route_027,9,15
TOYOTA_CAMRY_TSS2,driver_251,route_027,10,15
TOYOTA_CAMRY_TSS2,driver_251,route_027,11,15
TOYOTA_CAMRY_TSS2,driver_251,route_027,12,15
TOYOTA_CAMRY_TSS2,driver_251,route_030,0,15
TOYOTA_CAMRY_TSS2,driver_251,route_030,1,15
TOYOTA_CAMRY_TSS2,driver_251,route_030,2,15
TOYOTA_CAMRY_TSS2,driver_251,route_030,3,15
TOYOTA_CAMRY_TSS2,driver_251,route_030,4,15
TOYOTA_CAMRY_TSS2,driver_251,route_030,5,15
TOYOTA_CAMRY_TSS2,driver_251,route_030,6,15
TOYOTA_CAMRY_TSS2,driver_251,route_034,0,15
TOYOTA_CAMRY_TSS2,driver_251,route_038,0,15
TOYOTA_CAMRY_TSS2,driver_251,route_038,1,15
TOYOTA_CAMRY_TSS2,driver_251,route_038,2,15
TOYOTA_CAMRY_TSS2,driver_251,route_040,0,10
TOYOTA_CAMRY_TSS2,driver_251,route_040,1,10
TOYOTA_CAMRY_TSS2,driver_251,route_166,0,15
TOYOTA_CAMRY_TSS2,driver_266,route_001,0,15
TOYOTA_COROLLA,driver_012,route_001,0,10
TOYOTA_COROLLA,driver_012,route_001,1,10
TOYOTA_COROLLA,driver_012,route_001,2,10
TOYOTA_COROLLA,driver_012,route_001,3,10
TOYOTA_COROLLA,driver_012,route_002,0,10
TOYOTA_COROLLA,driver_012,route_002,1,10
TOYOTA_COROLLA,driver_012,route_002,2,10
TOYOTA_COROLLA,driver_012,route_002,3,10
TOYOTA_COROLLA,driver_012,route_002,4,10
TOYOTA_COROLLA,driver_012,route_002,5,10
TOYOTA_COROLLA,driver_012,route_002,6,10
TOYOTA_COROLLA,driver_018,route_001,0,10
TOYOTA_COROLLA,driver_018,route_001,1,10
TOYOTA_COROLLA,driver_018,route_001,2,10
TOYOTA_COROLLA,driver_018,route_001,3,10
TOYOTA_COROLLA,driver_018,route_001,4,10
TOYOTA_COROLLA,driver_021,route_003,0,10
TOYOTA_COROLLA,driver_021,route_003,1,10
TOYOTA_COROLLA,driver_021,route_003,2,10
TOYOTA_COROLLA,driver_021,route_003,3,10
TOYOTA_COROLLA,driver_021,route_003,4,10
TOYOTA_COROLLA,driver_021,route_003,5,10
TOYOTA_COROLLA,driver_021,route_003,6,10
TOYOTA_COROLLA,driver_021,route_003,7,10
TOYOTA_COROLLA,driver_021,route_003,8,10
TOYOTA_COROLLA,driver_068,route_001,0,10
TOYOTA_COROLLA,driver_068,route_001,1,10
TOYOTA_COROLLA,driver_068,route_002,0,10
TOYOTA_COROLLA,driver_068,route_002,1,10
TOYOTA_COROLLA,driver_068,route_002,2,10
TOYOTA_COROLLA,driver_068,route_002,3,10
TOYOTA_COROLLA,driver_301,route_001,0,15
TOYOTA_COROLLA,driver_301,route_001,1,15
TOYOTA_COROLLA,driver_301,route_001,2,15
TOYOTA_COROLLA,driver_301,route_001,3,15
TOYOTA_COROLLA,driver_301,route_001,4,15
TOYOTA_COROLLA,driver_301,route_001,5,15
TOYOTA_COROLLA,driver_301,route_001,6,15
TOYOTA_COROLLA,driver_301,route_001,7,15
TOYOTA_COROLLA,driver_301,route_001,8,15
TOYOTA_COROLLA,driver_301,route_001,9,15
TOYOTA_COROLLA,driver_301,route_001,10,15
TOYOTA_COROLLA,driver_301,route_001,11,15
TOYOTA_COROLLA,driver_301,route_001,12,15
TOYOTA_COROLLA,driver_301,route_001,13,15
TOYOTA_COROLLA,driver_301,route_001,14,15
TOYOTA_COROLLA,driver_301,route_001,15,15
TOYOTA_COROLLA,driver_301,route_001,16,15
TOYOTA_COROLLA,driver_301,route_001,17,15
TOYOTA_COROLLA,driver_301,route_001,18,15
TOYOTA_COROLLA,driver_301,route_001,19,15
TOYOTA_COROLLA,driver_301,route_001,20,15
TOYOTA_COROLLA,driver_301,route_001,21,15
TOYOTA_COROLLA,driver_301,route_001,22,15
TOYOTA_COROLLA,driver_301,route_001,23,15
TOYOTA_COROLLA,driver_301,route_001,24,15
TOYOTA_COROLLA,driver_301,route_001,25,15
TOYOTA_COROLLA,driver_301,route_001,26,15
TOYOTA_COROLLA,driver_301,route_001,27,15
TOYOTA_COROLLA,driver_301,route_001,28,15
TOYOTA_COROLLA,driver_301,route_001,29,15
TOYOTA_COROLLA,driver_301,route_001,30,15
TOYOTA_COROLLA,driver_301,route_001,31,15
TOYOTA_COROLLA,driver_301,route_001,32,15
TOYOTA_COROLLA,driver_301,route_001,33,15
TOYOTA_COROLLA,driver_301,route_001,34,15
TOYOTA_COROLLA,driver_301,route_001,35,15
TOYOTA_COROLLA,driver_301,route_001,36,15
TOYOTA_COROLLA,driver_301,route_001,37,15
TOYOTA_COROLLA,driver_301,route_001,38,15
TOYOTA_COROLLA,driver_301,route_001,39,15
TOYOTA_COROLLA,driver_301,route_001,40,15
TOYOTA_COROLLA,driver_301,route_001,41,15
TOYOTA_COROLLA,driver_301,route_001,42,15
TOYOTA_COROLLA,driver_301,route_001,43,15
TOYOTA_COROLLA,driver_301,route_001,44,15
TOYOTA_COROLLA,driver_301,route_001,45,15
TOYOTA_COROLLA,driver_301,route_001,46,15
TOYOTA_COROLLA,driver_301,route_001,47,15
TOYOTA_COROLLA,driver_301,route_001,48,15
TOYOTA_COROLLA,driver_301,route_001,49,15
TOYOTA_COROLLA,driver_301,route_001,50,15
TOYOTA_COROLLA,driver_301,route_001,51,10
TOYOTA_COROLLA,driver_301,route_001,52,10
TOYOTA_COROLLA,driver_301,route_001,53,10
TOYOTA_COROLLA,driver_301,route_001,54,10
TOYOTA_COROLLA,driver_301,route_001,55,10
TOYOTA_COROLLA,driver_301,route_001,56,10
TOYOTA_COROLLA,driver_301,route_001,57,10
TOYOTA_COROLLA,driver_301,route_001,58,10
TOYOTA_COROLLA,driver_301,route_001,59,10
TOYOTA_COROLLA,driver_301,route_001,60,10
TOYOTA_COROLLA_TSS2,driver_010,route_001,0,10
TOYOTA_COROLLA_TSS2,driver_010,route_001,1,10
TOYOTA_COROLLA_TSS2,driver_010,route_001,2,10
TOYOTA_COROLLA_TSS2,driver_010,route_001,3,10
TOYOTA_COROLLA_TSS2,driver_010,route_001,4,10
TOYOTA_COROLLA_TSS2,driver_010,route_001,5,10
TOYOTA_COROLLA_TSS2,driver_010,route_001,6,10
TOYOTA_COROLLA_TSS2,driver_010,route_001,7,10
TOYOTA_COROLLA_TSS2,driver_010,route_001,8,10
TOYOTA_COROLLA_TSS2,driver_010,route_001,9,10
TOYOTA_COROLLA_TSS2,driver_010,route_001,10,10
TOYOTA_COROLLA_TSS2,driver_010,route_001,11,10
TOYOTA_COROLLA_TSS2,driver_010,route_001,12,10
TOYOTA_COROLLA_TSS2,driver_010,route_001,13,10
TOYOTA_COROLLA_TSS2,driver_010,route_001,14,10
TOYOTA_COROLLA_TSS2,driver_010,route_001,15,10
TOYOTA_COROLLA_TSS2,driver_037,route_001,0,15
TOYOTA_COROLLA_TSS2,driver_037,route_002,0,15
TOYOTA_COROLLA_TSS2,driver_037,route_002,1,15
TOYOTA_COROLLA_TSS2,driver_037,route_002,2,15
TOYOTA_COROLLA_TSS2,driver_037,route_002,3,15
TOYOTA_COROLLA_TSS2,driver_037,route_003,0,15
TOYOTA_COROLLA_TSS2,driver_037,route_003,1,15
TOYOTA_COROLLA_TSS2,driver_037,route_003,2,15
TOYOTA_COROLLA_TSS2,driver_037,route_003,3,15
TOYOTA_COROLLA_TSS2,driver_037,route_003,4,15
TOYOTA_COROLLA_TSS2,driver_037,route_003,5,15
TOYOTA_COROLLA_TSS2,driver_037,route_003,6,15
TOYOTA_COROLLA_TSS2,driver_037,route_003,7,15
TOYOTA_COROLLA_TSS2,driver_037,route_003,8,15
TOYOTA_COROLLA_TSS2,driver_037,route_003,9,15
TOYOTA_COROLLA_TSS2,driver_037,route_003,10,15
TOYOTA_COROLLA_TSS2,driver_071,route_001,0,15
TOYOTA_COROLLA_TSS2,driver_071,route_001,1,15
TOYOTA_COROLLA_TSS2,driver_213,route_001,0,15
TOYOTA_COROLLA_TSS2,driver_213,route_001,1,15
TOYOTA_COROLLA_TSS2,driver_213,route_001,2,15
TOYOTA_COROLLA_TSS2,driver_213,route_001,3,15
TOYOTA_COROLLA_TSS2,driver_215,route_001,0,15
TOYOTA_COROLLA_TSS2,driver_215,route_001,1,15
TOYOTA_COROLLA_TSS2,driver_215,route_001,2,15
TOYOTA_COROLLA_TSS2,driver_290,route_001,0,15
TOYOTA_COROLLA_TSS2,driver_290,route_001,1,15
TOYOTA_COROLLA_TSS2,driver_290,route_001,2,15
TOYOTA_COROLLA_TSS2,driver_290,route_001,3,15
TOYOTA_COROLLA_TSS2,driver_290,route_001,4,15
TOYOTA_COROLLA_TSS2,driver_290,route_001,5,15
TOYOTA_COROLLA_TSS2,driver_299,route_001,0,15
TOYOTA_COROLLA_TSS2,driver_299,route_001,1,15
TOYOTA_COROLLA_TSS2,driver_299,route_001,2,15
TOYOTA_COROLLA_TSS2,driver_299,route_001,3,15
TOYOTA_COROLLA_TSS2,driver_299,route_001,4,15
TOYOTA_COROLLA_TSS2,driver_299,route_001,5,15
TOYOTA_COROLLA_TSS2,driver_299,route_001,6,15
TOYOTA_COROLLA_TSS2,driver_299,route_001,7,15
TOYOTA_COROLLA_TSS2,driver_299,route_001,8,15
TOYOTA_COROLLA_TSS2,driver_299,route_001,9,15
TOYOTA_COROLLA_TSS2,driver_321,route_001,0,15
TOYOTA_COROLLA_TSS2,driver_321,route_001,1,15
TOYOTA_COROLLA_TSS2,driver_321,route_001,2,15
TOYOTA_COROLLA_TSS2,driver_321,route_001,3,15
TOYOTA_COROLLA_TSS2,driver_321,route_001,4,15
TOYOTA_COROLLA_TSS2,driver_321,route_001,5,15
TOYOTA_COROLLA_TSS2,driver_321,route_001,6,15
TOYOTA_COROLLA_TSS2,driver_321,route_002,0,15
TOYOTA_COROLLA_TSS2,driver_321,route_002,1,15
TOYOTA_COROLLA_TSS2,driver_321,route_002,2,15
TOYOTA_COROLLA_TSS2,driver_321,route_002,3,15
TOYOTA_COROLLA_TSS2,driver_321,route_002,4,15
TOYOTA_COROLLA_TSS2,driver_321,route_002,5,15
TOYOTA_COROLLA_TSS2,driver_321,route_002,6,15
TOYOTA_COROLLA_TSS2,driver_321,route_002,7,15
TOYOTA_COROLLA_TSS2,driver_321,route_002,8,15
TOYOTA_COROLLA_TSS2,driver_321,route_002,9,15
TOYOTA_COROLLA_TSS2,driver_321,route_002,10,15
TOYOTA_COROLLA_TSS2,driver_321,route_002,11,15
TOYOTA_COROLLA_TSS2,driver_321,route_002,12,10
TOYOTA_COROLLA_TSS2,driver_359,route_001,0,15
TOYOTA_COROLLA_TSS2,driver_359,route_001,1,15
TOYOTA_COROLLA_TSS2,driver_359,route_001,2,15
TOYOTA_COROLLA_TSS2,driver_359,route_001,3,15
TOYOTA_HIGHLANDER,driver_324,route_001,0,10
TOYOTA_HIGHLANDER,driver_324,route_001,1,10
TOYOTA_HIGHLANDER,driver_324,route_001,2,10
TOYOTA_HIGHLANDER,driver_324,route_001,3,10
TOYOTA_HIGHLANDER,driver_324,route_001,4,10
TOYOTA_HIGHLANDER,driver_324,route_001,5,10
TOYOTA_HIGHLANDER,driver_324,route_001,6,10
TOYOTA_HIGHLANDER,driver_324,route_001,7,10
TOYOTA_HIGHLANDER,driver_324,route_001,8,10
TOYOTA_HIGHLANDER,driver_324,route_001,9,10
TOYOTA_HIGHLANDER,driver_324,route_001,10,10
TOYOTA_HIGHLANDER,driver_324,route_001,11,10
TOYOTA_HIGHLANDER,driver_324,route_001,12,10
TOYOTA_HIGHLANDER,driver_324,route_001,13,10
TOYOTA_HIGHLANDER,driver_324,route_001,14,10
TOYOTA_HIGHLANDER,driver_364,route_001,0,15
TOYOTA_HIGHLANDER,driver_364,route_001,1,15
TOYOTA_HIGHLANDER,driver_364,route_001,2,15
TOYOTA_HIGHLANDER,driver_364,route_001,3,15
TOYOTA_HIGHLANDER,driver_364,route_001,4,15
TOYOTA_HIGHLANDER,driver_364,route_001,5,15
TOYOTA_HIGHLANDER,driver_364,route_001,6,15
TOYOTA_HIGHLANDER,driver_364,route_001,7,15
TOYOTA_HIGHLANDER_2020,driver_056,route_001,0,15
TOYOTA_HIGHLANDER_2020,driver_056,route_001,1,15
TOYOTA_HIGHLANDER_2020,driver_056,route_001,2,15
TOYOTA_HIGHLANDER_2020,driver_056,route_001,3,15
TOYOTA_HIGHLANDER_2020,driver_056,route_001,4,15
TOYOTA_HIGHLANDER_2020,driver_056,route_001,5,15
TOYOTA_HIGHLANDER_2020,driver_056,route_001,6,15
TOYOTA_HIGHLANDER_2020,driver_056,route_001,7,15
TOYOTA_HIGHLANDER_2020,driver_056,route_001,8,15
TOYOTA_HIGHLANDER_2020,driver_056,route_001,9,15
TOYOTA_HIGHLANDER_2020,driver_056,route_001,10,15
TOYOTA_HIGHLANDER_2020,driver_056,route_001,11,15
TOYOTA_HIGHLANDER_2020,driver_056,route_001,12,15
TOYOTA_HIGHLANDER_2020,driver_056,route_001,13,10
TOYOTA_HIGHLANDER_2020,driver_056,route_001,14,10
TOYOTA_HIGHLANDER_2020,driver_056,route_001,15,10
TOYOTA_HIGHLANDER_2020,driver_056,route_001,16,10
TOYOTA_HIGHLANDER_2020,driver_056,route_001,17,10
TOYOTA_HIGHLANDER_2020,driver_056,route_001,18,10
TOYOTA_HIGHLANDER_2020,driver_056,route_001,19,10
TOYOTA_HIGHLANDER_2020,driver_056,route_002,0,15
TOYOTA_HIGHLANDER_2020,driver_056,route_002,1,15
TOYOTA_HIGHLANDER_2020,driver_056,route_002,2,15
TOYOTA_HIGHLANDER_2020,driver_056,route_002,3,15
TOYOTA_HIGHLANDER_2020,driver_056,route_002,4,15
TOYOTA_HIGHLANDER_2020,driver_056,route_002,5,10
TOYOTA_HIGHLANDER_2020,driver_313,route_001,0,15
TOYOTA_HIGHLANDER_2020,driver_313,route_001,1,15
TOYOTA_HIGHLANDER_2020,driver_313,route_001,2,15
TOYOTA_HIGHLANDER_2020,driver_313,route_001,3,15
TOYOTA_HIGHLANDER_2020,driver_313,route_001,4,15
TOYOTA_HIGHLANDER_2020,driver_313,route_001,5,15
TOYOTA_HIGHLANDER_2020,driver_313,route_001,6,15
TOYOTA_HIGHLANDER_2020,driver_313,route_001,7,10
TOYOTA_HIGHLANDER_2020,driver_313,route_002,0,15
TOYOTA_HIGHLANDER_2020,driver_313,route_002,1,15
TOYOTA_HIGHLANDER_2020,driver_313,route_002,2,15
TOYOTA_HIGHLANDER_2020,driver_313,route_002,3,15
TOYOTA_HIGHLANDER_2020,driver_313,route_002,4,15
TOYOTA_HIGHLANDER_2020,driver_313,route_003,0,15
TOYOTA_HIGHLANDER_2020,driver_313,route_003,1,15
TOYOTA_HIGHLANDER_2020,driver_313,route_003,2,15
TOYOTA_HIGHLANDER_2020,driver_313,route_004,0,15
TOYOTA_HIGHLANDER_2020,driver_313,route_004,1,15
TOYOTA_HIGHLANDER_2020,driver_313,route_004,2,15
TOYOTA_HIGHLANDER_2020,driver_313,route_004,3,15
TOYOTA_HIGHLANDER_HYBRID_2020,driver_190,route_001,0,10
TOYOTA_HIGHLANDER_HYBRID_2020,driver_190,route_001,1,10
TOYOTA_HIGHLANDER_HYBRID_2020,driver_190,route_001,2,10
TOYOTA_HIGHLANDER_HYBRID_2020,driver_342,route_001,0,15
TOYOTA_HIGHLANDER_HYBRID_2020,driver_342,route_001,1,15
TOYOTA_HIGHLANDER_TSS2,driver_288,route_001,0,15
TOYOTA_HIGHLANDER_TSS2,driver_288,route_006,0,15
TOYOTA_HIGHLANDER_TSS2,driver_288,route_006,1,15
TOYOTA_HIGHLANDER_TSS2,driver_288,route_007,0,15
TOYOTA_PRIUS,driver_030,route_001,0,15
TOYOTA_PRIUS,driver_030,route_001,1,15
TOYOTA_PRIUS,driver_030,route_002,0,15
TOYOTA_PRIUS,driver_030,route_002,1,15
TOYOTA_PRIUS,driver_030,route_002,2,15
TOYOTA_PRIUS,driver_030,route_002,3,15
TOYOTA_PRIUS,driver_030,route_002,4,15
TOYOTA_PRIUS,driver_030,route_002,5,15
TOYOTA_PRIUS,driver_030,route_002,6,15
TOYOTA_PRIUS,driver_030,route_002,7,15
TOYOTA_PRIUS,driver_030,route_002,8,15
TOYOTA_PRIUS,driver_030,route_002,9,15
TOYOTA_PRIUS,driver_030,route_002,10,15
TOYOTA_PRIUS,driver_030,route_002,11,15
TOYOTA_PRIUS,driver_030,route_002,12,15
TOYOTA_PRIUS,driver_030,route_002,13,15
TOYOTA_PRIUS,driver_030,route_002,14,15
TOYOTA_PRIUS,driver_030,route_002,15,15
TOYOTA_PRIUS,driver_030,route_002,16,10
TOYOTA_PRIUS,driver_030,route_003,0,15
TOYOTA_PRIUS,driver_030,route_003,1,15
TOYOTA_PRIUS,driver_030,route_003,2,15
TOYOTA_PRIUS,driver_030,route_003,3,15
TOYOTA_PRIUS,driver_030,route_003,4,15
TOYOTA_PRIUS,driver_030,route_003,5,15
TOYOTA_PRIUS,driver_030,route_003,6,10
TOYOTA_PRIUS,driver_030,route_004,0,15
TOYOTA_PRIUS,driver_030,route_004,1,15
TOYOTA_PRIUS,driver_030,route_004,2,15
TOYOTA_PRIUS,driver_030,route_004,3,15
TOYOTA_PRIUS,driver_030,route_004,4,15
TOYOTA_PRIUS,driver_030,route_004,5,15
TOYOTA_PRIUS,driver_030,route_004,6,15
TOYOTA_PRIUS,driver_030,route_004,7,15
TOYOTA_PRIUS,driver_030,route_004,8,15
TOYOTA_PRIUS,driver_030,route_004,9,15
TOYOTA_PRIUS,driver_030,route_004,10,15
TOYOTA_PRIUS,driver_030,route_004,11,15
TOYOTA_PRIUS,driver_030,route_004,12,15
TOYOTA_PRIUS,driver_030,route_004,13,15
TOYOTA_PRIUS,driver_030,route_004,14,15
TOYOTA_PRIUS,driver_030,route_004,15,15
TOYOTA_PRIUS,driver_030,route_004,16,15
TOYOTA_PRIUS,driver_030,route_004,17,15
TOYOTA_PRIUS,driver_030,route_004,18,15
TOYOTA_PRIUS,driver_030,route_004,19,15
TOYOTA_PRIUS,driver_030,route_004,20,15
TOYOTA_PRIUS,driver_030,route_004,21,15
TOYOTA_PRIUS,driver_030,route_004,22,15
TOYOTA_PRIUS,driver_030,route_004,23,15
TOYOTA_PRIUS,driver_030,route_004,24,15
TOYOTA_PRIUS,driver_030,route_004,25,15
TOYOTA_PRIUS,driver_030,route_004,26,15
TOYOTA_PRIUS,driver_030,route_004,27,15
TOYOTA_PRIUS,driver_030,route_004,28,15
TOYOTA_PRIUS,driver_030,route_004,29,15
TOYOTA_PRIUS,driver_030,route_004,30,15
TOYOTA_PRIUS,driver_030,route_004,31,15
TOYOTA_PRIUS,driver_030,route_004,32,15
TOYOTA_PRIUS,driver_030,route_004,33,15
TOYOTA_PRIUS,driver_030,route_004,34,15
TOYOTA_PRIUS,driver_030,route_004,35,15
TOYOTA_PRIUS,driver_030,route_004,36,15
TOYOTA_PRIUS,driver_030,route_004,37,15
TOYOTA_PRIUS,driver_030,route_004,38,15
TOYOTA_PRIUS,driver_030,route_004,39,15
TOYOTA_PRIUS,driver_030,route_004,40,15
TOYOTA_PRIUS,driver_030,route_004,41,15
TOYOTA_PRIUS,driver_030,route_004,42,15
TOYOTA_PRIUS,driver_030,route_004,43,15
TOYOTA_PRIUS,driver_030,route_004,44,15
TOYOTA_PRIUS,driver_030,route_004,45,15
TOYOTA_PRIUS,driver_030,route_004,46,15
TOYOTA_PRIUS,driver_030,route_004,47,15
TOYOTA_PRIUS,driver_030,route_004,48,15
TOYOTA_PRIUS,driver_030,route_004,49,15
TOYOTA_PRIUS,driver_030,route_004,50,10
TOYOTA_PRIUS,driver_030,route_004,51,10
TOYOTA_PRIUS,driver_030,route_004,52,10
TOYOTA_PRIUS,driver_030,route_004,53,10
TOYOTA_PRIUS,driver_030,route_004,54,10
TOYOTA_PRIUS,driver_030,route_004,55,10
TOYOTA_PRIUS,driver_030,route_004,56,10
TOYOTA_PRIUS,driver_030,route_004,57,10
TOYOTA_PRIUS,driver_030,route_004,58,10
TOYOTA_PRIUS,driver_030,route_004,59,10
TOYOTA_PRIUS,driver_030,route_004,60,10
TOYOTA_PRIUS,driver_030,route_004,61,10
TOYOTA_PRIUS,driver_030,route_004,62,10
TOYOTA_PRIUS,driver_030,route_004,63,10
TOYOTA_PRIUS,driver_030,route_004,64,10
TOYOTA_PRIUS,driver_030,route_004,65,10
TOYOTA_PRIUS,driver_030,route_004,66,10
TOYOTA_PRIUS,driver_030,route_004,67,10
TOYOTA_PRIUS,driver_030,route_004,68,10
TOYOTA_PRIUS,driver_030,route_004,69,10
TOYOTA_PRIUS,driver_030,route_004,70,10
TOYOTA_PRIUS,driver_030,route_004,71,10
TOYOTA_PRIUS,driver_030,route_004,72,10
TOYOTA_PRIUS,driver_030,route_004,73,10
TOYOTA_PRIUS,driver_030,route_004,74,10
TOYOTA_PRIUS,driver_030,route_004,75,10
TOYOTA_PRIUS,driver_030,route_004,76,10
TOYOTA_PRIUS,driver_040,route_001,0,15
TOYOTA_PRIUS,driver_040,route_001,1,15
TOYOTA_PRIUS,driver_040,route_001,2,15
TOYOTA_PRIUS,driver_040,route_001,3,15
TOYOTA_PRIUS,driver_040,route_002,0,15
TOYOTA_PRIUS,driver_040,route_002,1,15
TOYOTA_PRIUS,driver_040,route_002,2,15
TOYOTA_PRIUS,driver_040,route_002,3,15
TOYOTA_PRIUS,driver_040,route_002,4,15
TOYOTA_PRIUS,driver_040,route_002,5,15
TOYOTA_PRIUS,driver_040,route_002,6,15
TOYOTA_PRIUS,driver_040,route_002,7,15
TOYOTA_PRIUS,driver_040,route_003,0,15
TOYOTA_PRIUS,driver_040,route_003,1,15
TOYOTA_PRIUS,driver_040,route_003,2,15
TOYOTA_PRIUS,driver_040,route_003,3,15
TOYOTA_PRIUS,driver_040,route_003,4,15
TOYOTA_PRIUS,driver_040,route_003,5,15
TOYOTA_PRIUS,driver_040,route_003,6,15
TOYOTA_PRIUS,driver_040,route_003,7,15
TOYOTA_PRIUS,driver_040,route_003,8,15
TOYOTA_PRIUS,driver_040,route_003,9,15
TOYOTA_PRIUS,driver_040,route_003,10,15
TOYOTA_PRIUS,driver_040,route_003,11,15
TOYOTA_PRIUS,driver_040,route_003,12,15
TOYOTA_PRIUS,driver_040,route_003,13,15
TOYOTA_PRIUS,driver_040,route_003,14,15
TOYOTA_PRIUS,driver_040,route_003,15,15
TOYOTA_PRIUS,driver_060,route_001,0,15
TOYOTA_PRIUS,driver_060,route_001,1,15
TOYOTA_PRIUS,driver_060,route_001,2,10
TOYOTA_PRIUS,driver_060,route_001,3,10
TOYOTA_PRIUS,driver_060,route_001,4,10
TOYOTA_PRIUS,driver_060,route_001,5,10
TOYOTA_PRIUS,driver_060,route_002,0,15
TOYOTA_PRIUS,driver_060,route_002,1,15
TOYOTA_PRIUS,driver_060,route_002,2,10
TOYOTA_PRIUS,driver_130,route_001,0,15
TOYOTA_PRIUS,driver_130,route_001,1,15
TOYOTA_PRIUS,driver_130,route_001,2,15
TOYOTA_PRIUS,driver_139,route_001,0,15
TOYOTA_PRIUS,driver_139,route_001,1,15
TOYOTA_PRIUS,driver_139,route_001,2,15
TOYOTA_PRIUS,driver_139,route_001,3,15
TOYOTA_PRIUS,driver_139,route_001,4,10
TOYOTA_PRIUS,driver_139,route_001,5,10
TOYOTA_PRIUS,driver_139,route_001,6,10
TOYOTA_PRIUS,driver_139,route_001,7,10
TOYOTA_PRIUS,driver_140,route_001,0,15
TOYOTA_PRIUS,driver_140,route_001,1,15
TOYOTA_PRIUS,driver_140,route_001,2,15
TOYOTA_PRIUS,driver_140,route_001,3,15
TOYOTA_PRIUS,driver_140,route_001,4,15
TOYOTA_PRIUS,driver_140,route_001,5,15
TOYOTA_PRIUS,driver_140,route_001,6,15
TOYOTA_PRIUS,driver_140,route_001,7,15
TOYOTA_PRIUS,driver_140,route_001,8,15
TOYOTA_PRIUS,driver_140,route_001,9,15
TOYOTA_PRIUS,driver_140,route_001,10,15
TOYOTA_PRIUS,driver_142,route_001,0,15
TOYOTA_PRIUS,driver_142,route_001,1,15
TOYOTA_PRIUS,driver_142,route_001,2,15
TOYOTA_PRIUS,driver_142,route_001,3,15
TOYOTA_PRIUS,driver_142,route_001,4,15
TOYOTA_PRIUS,driver_142,route_001,5,15
TOYOTA_PRIUS,driver_142,route_001,6,15
TOYOTA_PRIUS,driver_142,route_001,7,15
TOYOTA_PRIUS,driver_142,route_002,0,15
TOYOTA_PRIUS,driver_142,route_002,1,15
TOYOTA_PRIUS,driver_142,route_002,2,15
TOYOTA_PRIUS,driver_142,route_002,3,15
TOYOTA_PRIUS,driver_142,route_002,4,15
TOYOTA_PRIUS,driver_142,route_002,5,10
TOYOTA_PRIUS,driver_142,route_003,0,15
TOYOTA_PRIUS,driver_142,route_003,1,15
TOYOTA_PRIUS,driver_142,route_003,2,15
TOYOTA_PRIUS,driver_142,route_003,3,15
TOYOTA_PRIUS,driver_142,route_003,4,15
TOYOTA_PRIUS,driver_142,route_003,5,15
TOYOTA_PRIUS,driver_142,route_003,6,15
TOYOTA_PRIUS,driver_142,route_003,7,15
TOYOTA_PRIUS,driver_142,route_003,8,15
TOYOTA_PRIUS,driver_142,route_003,9,15
TOYOTA_PRIUS,driver_142,route_003,10,10
TOYOTA_PRIUS,driver_142,route_004,0,15
TOYOTA_PRIUS,driver_142,route_004,1,15
TOYOTA_PRIUS,driver_142,route_004,2,15
TOYOTA_PRIUS,driver_142,route_004,3,15
TOYOTA_PRIUS,driver_142,route_004,4,15
TOYOTA_PRIUS,driver_142,route_004,5,15
TOYOTA_PRIUS,driver_182,route_001,0,15
TOYOTA_PRIUS,driver_182,route_001,1,15
TOYOTA_PRIUS,driver_182,route_001,2,15
TOYOTA_PRIUS,driver_182,route_002,0,15
TOYOTA_PRIUS,driver_182,route_002,1,15
TOYOTA_PRIUS,driver_182,route_002,2,15
TOYOTA_PRIUS,driver_182,route_002,3,15
TOYOTA_PRIUS,driver_182,route_002,4,15
TOYOTA_PRIUS,driver_182,route_002,5,15
TOYOTA_PRIUS,driver_182,route_002,6,15
TOYOTA_PRIUS,driver_182,route_002,7,15
TOYOTA_PRIUS,driver_182,route_002,8,15
TOYOTA_PRIUS,driver_182,route_002,9,15
TOYOTA_PRIUS,driver_182,route_003,0,15
TOYOTA_PRIUS,driver_182,route_003,1,15
TOYOTA_PRIUS,driver_182,route_003,2,15
TOYOTA_PRIUS,driver_182,route_003,3,15
TOYOTA_PRIUS,driver_182,route_003,4,15
TOYOTA_PRIUS,driver_182,route_003,5,15
TOYOTA_PRIUS,driver_182,route_003,6,15
TOYOTA_PRIUS,driver_182,route_004,0,15
TOYOTA_PRIUS,driver_182,route_004,1,15
TOYOTA_PRIUS,driver_182,route_004,2,15
TOYOTA_PRIUS,driver_182,route_004,3,15
TOYOTA_PRIUS,driver_182,route_004,4,15
TOYOTA_PRIUS,driver_182,route_004,5,15
TOYOTA_PRIUS,driver_182,route_005,0,10
TOYOTA_PRIUS,driver_182,route_005,1,10
TOYOTA_PRIUS,driver_182,route_005,2,10
TOYOTA_PRIUS,driver_182,route_005,3,10
TOYOTA_PRIUS,driver_182,route_005,4,10
TOYOTA_PRIUS,driver_182,route_005,5,10
TOYOTA_PRIUS,driver_182,route_005,6,10
TOYOTA_PRIUS,driver_182,route_005,7,10
TOYOTA_PRIUS,driver_182,route_005,8,10
TOYOTA_PRIUS,driver_182,route_006,0,15
TOYOTA_PRIUS,driver_182,route_006,1,15
TOYOTA_PRIUS,driver_182,route_006,2,15
TOYOTA_PRIUS,driver_182,route_006,3,15
TOYOTA_PRIUS,driver_182,route_006,4,15
TOYOTA_PRIUS,driver_182,route_006,5,15
TOYOTA_PRIUS,driver_182,route_006,6,15
TOYOTA_PRIUS,driver_182,route_006,7,15
TOYOTA_PRIUS,driver_182,route_007,0,15
TOYOTA_PRIUS,driver_182,route_007,1,15
TOYOTA_PRIUS,driver_182,route_007,2,15
TOYOTA_PRIUS,driver_182,route_007,3,15
TOYOTA_PRIUS,driver_182,route_007,4,15
TOYOTA_PRIUS,driver_182,route_007,5,15
TOYOTA_PRIUS,driver_182,route_007,6,15
TOYOTA_PRIUS,driver_182,route_007,7,15
TOYOTA_PRIUS,driver_182,route_007,8,15
TOYOTA_PRIUS,driver_182,route_007,9,15
TOYOTA_PRIUS,driver_182,route_007,10,15
TOYOTA_PRIUS,driver_182,route_007,11,15
TOYOTA_PRIUS,driver_182,route_008,0,15
TOYOTA_PRIUS,driver_182,route_008,1,15
TOYOTA_PRIUS,driver_182,route_008,2,15
TOYOTA_PRIUS,driver_182,route_008,3,15
TOYOTA_PRIUS,driver_182,route_008,4,15
TOYOTA_PRIUS,driver_182,route_009,0,15
TOYOTA_PRIUS,driver_182,route_009,1,15
TOYOTA_PRIUS,driver_182,route_009,2,15
TOYOTA_PRIUS,driver_182,route_009,3,15
TOYOTA_PRIUS,driver_182,route_009,4,15
TOYOTA_PRIUS,driver_182,route_009,5,15
TOYOTA_PRIUS,driver_182,route_009,6,15
TOYOTA_PRIUS,driver_182,route_009,7,15
TOYOTA_PRIUS,driver_182,route_009,8,15
TOYOTA_PRIUS,driver_182,route_009,9,15
TOYOTA_PRIUS,driver_182,route_009,10,15
TOYOTA_PRIUS,driver_182,route_009,11,15
TOYOTA_PRIUS,driver_182,route_009,12,10
TOYOTA_PRIUS,driver_182,route_010,0,15
TOYOTA_PRIUS,driver_182,route_010,1,15
TOYOTA_PRIUS,driver_182,route_010,2,15
TOYOTA_PRIUS,driver_182,route_010,3,15
TOYOTA_PRIUS,driver_182,route_010,4,15
TOYOTA_PRIUS,driver_182,route_010,5,15
TOYOTA_PRIUS,driver_182,route_010,6,15
TOYOTA_PRIUS,driver_182,route_010,7,15
TOYOTA_PRIUS,driver_182,route_010,8,10
TOYOTA_PRIUS,driver_182,route_011,0,15
TOYOTA_PRIUS,driver_182,route_011,1,15
TOYOTA_PRIUS,driver_182,route_011,2,15
TOYOTA_PRIUS,driver_182,route_011,3,15
TOYOTA_PRIUS,driver_182,route_011,4,15
TOYOTA_PRIUS,driver_182,route_012,0,15
TOYOTA_PRIUS,driver_182,route_012,1,15
TOYOTA_PRIUS,driver_182,route_012,2,15
TOYOTA_PRIUS,driver_182,route_012,3,15
TOYOTA_PRIUS,driver_182,route_012,4,15
TOYOTA_PRIUS,driver_182,route_012,5,15
TOYOTA_PRIUS,driver_182,route_012,6,10
TOYOTA_PRIUS,driver_182,route_012,7,10
TOYOTA_PRIUS,driver_182,route_013,0,15
TOYOTA_PRIUS,driver_182,route_013,1,15
TOYOTA_PRIUS,driver_182,route_013,2,15
TOYOTA_PRIUS,driver_182,route_014,0,15
TOYOTA_PRIUS,driver_182,route_014,1,15
TOYOTA_PRIUS,driver_182,route_014,2,15
TOYOTA_PRIUS,driver_182,route_014,3,15
TOYOTA_PRIUS,driver_182,route_014,4,15
TOYOTA_PRIUS,driver_182,route_014,5,15
TOYOTA_PRIUS,driver_182,route_014,6,15
TOYOTA_PRIUS,driver_182,route_014,7,15
TOYOTA_PRIUS,driver_182,route_015,0,15
TOYOTA_PRIUS,driver_182,route_015,1,15
TOYOTA_PRIUS,driver_182,route_015,2,15
TOYOTA_PRIUS,driver_182,route_016,0,15
TOYOTA_PRIUS,driver_182,route_016,1,15
TOYOTA_PRIUS,driver_182,route_016,2,15
TOYOTA_PRIUS,driver_182,route_016,3,15
TOYOTA_PRIUS,driver_182,route_016,4,15
TOYOTA_PRIUS,driver_182,route_017,0,15
TOYOTA_PRIUS,driver_182,route_017,1,15
TOYOTA_PRIUS,driver_182,route_017,2,15
TOYOTA_PRIUS,driver_182,route_017,3,15
TOYOTA_PRIUS,driver_182,route_018,0,15
TOYOTA_PRIUS,driver_182,route_018,1,15
TOYOTA_PRIUS,driver_182,route_018,2,15
TOYOTA_PRIUS,driver_182,route_018,3,15
TOYOTA_PRIUS,driver_182,route_018,4,15
TOYOTA_PRIUS,driver_182,route_018,5,15
TOYOTA_PRIUS,driver_182,route_018,6,15
TOYOTA_PRIUS,driver_182,route_018,7,15
TOYOTA_PRIUS,driver_182,route_018,8,15
TOYOTA_PRIUS,driver_182,route_019,0,10
TOYOTA_PRIUS,driver_182,route_019,1,10
TOYOTA_PRIUS,driver_182,route_019,2,10
TOYOTA_PRIUS,driver_182,route_019,3,10
TOYOTA_PRIUS,driver_182,route_020,0,15
TOYOTA_PRIUS,driver_182,route_020,1,15
TOYOTA_PRIUS,driver_182,route_020,2,15
TOYOTA_PRIUS,driver_182,route_020,3,15
TOYOTA_PRIUS,driver_182,route_020,4,15
TOYOTA_PRIUS,driver_182,route_020,5,15
TOYOTA_PRIUS,driver_182,route_020,6,15
TOYOTA_PRIUS,driver_182,route_020,7,10
TOYOTA_PRIUS,driver_182,route_021,0,15
TOYOTA_PRIUS,driver_182,route_021,1,15
TOYOTA_PRIUS,driver_182,route_021,2,15
TOYOTA_PRIUS,driver_182,route_021,3,15
TOYOTA_PRIUS,driver_182,route_021,4,15
TOYOTA_PRIUS,driver_182,route_021,5,15
TOYOTA_PRIUS,driver_182,route_021,6,15
TOYOTA_PRIUS,driver_182,route_022,0,15
TOYOTA_PRIUS,driver_182,route_022,1,15
TOYOTA_PRIUS,driver_182,route_022,2,15
TOYOTA_PRIUS,driver_209,route_001,0,15
TOYOTA_PRIUS,driver_209,route_002,0,15
TOYOTA_PRIUS,driver_209,route_002,1,15
TOYOTA_PRIUS,driver_209,route_002,2,15
TOYOTA_PRIUS,driver_209,route_002,3,15
TOYOTA_PRIUS,driver_209,route_002,4,15
TOYOTA_PRIUS,driver_209,route_002,5,15
TOYOTA_PRIUS,driver_209,route_002,6,15
TOYOTA_PRIUS,driver_209,route_002,7,15
TOYOTA_PRIUS,driver_209,route_002,8,15
TOYOTA_PRIUS,driver_209,route_002,9,15
TOYOTA_PRIUS,driver_209,route_002,10,15
TOYOTA_PRIUS,driver_209,route_002,11,10
TOYOTA_PRIUS,driver_209,route_003,0,15
TOYOTA_PRIUS,driver_209,route_003,1,15
TOYOTA_PRIUS,driver_209,route_004,0,15
TOYOTA_PRIUS,driver_209,route_004,1,15
TOYOTA_PRIUS,driver_209,route_005,0,15
TOYOTA_PRIUS,driver_209,route_005,1,15
TOYOTA_PRIUS,driver_209,route_005,2,15
TOYOTA_PRIUS,driver_209,route_005,3,15
TOYOTA_PRIUS,driver_209,route_005,4,15
TOYOTA_PRIUS,driver_209,route_005,5,15
TOYOTA_PRIUS,driver_209,route_006,0,15
TOYOTA_PRIUS,driver_209,route_006,1,15
TOYOTA_PRIUS,driver_209,route_006,2,15
TOYOTA_PRIUS,driver_209,route_006,3,15
TOYOTA_PRIUS,driver_209,route_006,4,15
TOYOTA_PRIUS,driver_209,route_007,0,10
TOYOTA_PRIUS,driver_209,route_007,1,10
TOYOTA_PRIUS,driver_209,route_007,2,10
TOYOTA_PRIUS,driver_209,route_007,3,10
TOYOTA_PRIUS,driver_209,route_007,4,10
TOYOTA_PRIUS,driver_209,route_007,5,10
TOYOTA_PRIUS,driver_209,route_007,6,10
TOYOTA_PRIUS,driver_209,route_008,0,15
TOYOTA_PRIUS,driver_209,route_008,1,15
TOYOTA_PRIUS,driver_209,route_008,2,15
TOYOTA_PRIUS,driver_209,route_008,3,15
TOYOTA_PRIUS,driver_209,route_008,4,15
TOYOTA_PRIUS,driver_209,route_008,5,15
TOYOTA_PRIUS,driver_209,route_009,0,15
TOYOTA_PRIUS,driver_209,route_009,1,15
TOYOTA_PRIUS,driver_209,route_010,0,15
TOYOTA_PRIUS,driver_209,route_010,1,15
TOYOTA_PRIUS,driver_209,route_011,0,15
TOYOTA_PRIUS,driver_209,route_011,1,15
TOYOTA_PRIUS,driver_209,route_012,0,15
TOYOTA_PRIUS,driver_209,route_012,1,15
TOYOTA_PRIUS,driver_209,route_013,0,15
TOYOTA_PRIUS,driver_209,route_013,1,15
TOYOTA_PRIUS,driver_209,route_013,2,15
TOYOTA_PRIUS,driver_209,route_013,3,15
TOYOTA_PRIUS,driver_209,route_013,4,15
TOYOTA_PRIUS,driver_209,route_013,5,15
TOYOTA_PRIUS,driver_209,route_013,6,15
TOYOTA_PRIUS,driver_209,route_013,7,15
TOYOTA_PRIUS,driver_209,route_013,8,15
TOYOTA_PRIUS,driver_209,route_013,9,15
TOYOTA_PRIUS,driver_209,route_013,10,15
TOYOTA_PRIUS,driver_209,route_013,11,15
TOYOTA_PRIUS,driver_209,route_013,12,15
TOYOTA_PRIUS,driver_209,route_013,13,15
TOYOTA_PRIUS,driver_209,route_013,14,15
TOYOTA_PRIUS,driver_209,route_013,15,15
TOYOTA_PRIUS,driver_209,route_014,0,15
TOYOTA_PRIUS,driver_209,route_014,1,15
TOYOTA_PRIUS,driver_209,route_015,0,15
TOYOTA_PRIUS,driver_209,route_015,1,15
TOYOTA_PRIUS,driver_209,route_015,2,15
TOYOTA_PRIUS,driver_209,route_016,0,15
TOYOTA_PRIUS,driver_209,route_016,1,15
TOYOTA_PRIUS,driver_209,route_016,2,15
TOYOTA_PRIUS,driver_209,route_016,3,15
TOYOTA_PRIUS,driver_209,route_016,4,15
TOYOTA_PRIUS,driver_209,route_016,5,15
TOYOTA_PRIUS,driver_209,route_017,0,15
TOYOTA_PRIUS,driver_209,route_017,1,15
TOYOTA_PRIUS,driver_209,route_017,2,15
TOYOTA_PRIUS,driver_209,route_017,3,15
TOYOTA_PRIUS,driver_209,route_017,4,15
TOYOTA_PRIUS,driver_209,route_018,0,15
TOYOTA_PRIUS,driver_209,route_018,1,15
TOYOTA_PRIUS,driver_209,route_018,2,15
TOYOTA_PRIUS,driver_209,route_018,3,15
TOYOTA_PRIUS,driver_209,route_018,4,15
TOYOTA_PRIUS,driver_209,route_018,5,15
TOYOTA_PRIUS,driver_220,route_001,0,15
TOYOTA_PRIUS,driver_220,route_001,1,15
TOYOTA_PRIUS,driver_220,route_001,2,15
TOYOTA_PRIUS,driver_220,route_001,3,15
TOYOTA_PRIUS,driver_220,route_001,4,15
TOYOTA_PRIUS,driver_220,route_001,5,15
TOYOTA_PRIUS,driver_220,route_001,6,15
TOYOTA_PRIUS,driver_220,route_001,7,15
TOYOTA_PRIUS,driver_220,route_001,8,15
TOYOTA_PRIUS,driver_220,route_001,9,15
TOYOTA_PRIUS,driver_220,route_001,10,15
TOYOTA_PRIUS,driver_220,route_001,11,15
TOYOTA_PRIUS,driver_220,route_001,12,15
TOYOTA_PRIUS,driver_220,route_001,13,15
TOYOTA_PRIUS,driver_220,route_001,14,15
TOYOTA_PRIUS,driver_220,route_001,15,15
TOYOTA_PRIUS,driver_220,route_001,16,15
TOYOTA_PRIUS,driver_220,route_001,17,15
TOYOTA_PRIUS,driver_220,route_001,18,15
TOYOTA_PRIUS,driver_220,route_001,19,15
TOYOTA_PRIUS,driver_220,route_001,20,15
TOYOTA_PRIUS,driver_220,route_001,21,15
TOYOTA_PRIUS,driver_220,route_001,22,15
TOYOTA_PRIUS,driver_220,route_002,0,15
TOYOTA_PRIUS,driver_220,route_002,1,15
TOYOTA_PRIUS,driver_220,route_002,2,15
TOYOTA_PRIUS,driver_220,route_002,3,15
TOYOTA_PRIUS,driver_220,route_002,4,15
TOYOTA_PRIUS,driver_220,route_002,5,15
TOYOTA_PRIUS,driver_220,route_002,6,15
TOYOTA_PRIUS,driver_220,route_002,7,15
TOYOTA_PRIUS,driver_220,route_002,8,15
TOYOTA_PRIUS,driver_220,route_002,9,15
TOYOTA_PRIUS,driver_220,route_002,10,15
TOYOTA_PRIUS,driver_220,route_002,11,15
TOYOTA_PRIUS,driver_220,route_002,12,15
TOYOTA_PRIUS,driver_220,route_002,13,15
TOYOTA_PRIUS,driver_220,route_002,14,15
TOYOTA_PRIUS,driver_220,route_002,15,15
TOYOTA_PRIUS,driver_220,route_002,16,15
TOYOTA_PRIUS,driver_220,route_002,17,15
TOYOTA_PRIUS,driver_220,route_002,18,15
TOYOTA_PRIUS,driver_220,route_002,19,15
TOYOTA_PRIUS,driver_220,route_002,20,15
TOYOTA_PRIUS,driver_220,route_002,21,15
TOYOTA_PRIUS,driver_220,route_002,22,15
TOYOTA_PRIUS,driver_220,route_002,23,15
TOYOTA_PRIUS,driver_220,route_002,24,15
TOYOTA_PRIUS,driver_220,route_002,25,15
TOYOTA_PRIUS,driver_220,route_002,26,15
TOYOTA_PRIUS,driver_220,route_002,27,15
TOYOTA_PRIUS,driver_220,route_002,28,15
TOYOTA_PRIUS,driver_235,route_001,0,10
TOYOTA_PRIUS,driver_235,route_001,1,10
TOYOTA_PRIUS,driver_235,route_001,2,10
TOYOTA_PRIUS,driver_235,route_001,3,10
TOYOTA_PRIUS,driver_235,route_001,4,10
TOYOTA_PRIUS,driver_235,route_001,5,10
TOYOTA_PRIUS,driver_235,route_001,6,10
TOYOTA_PRIUS,driver_235,route_001,7,10
TOYOTA_PRIUS,driver_323,route_001,0,15
TOYOTA_PRIUS,driver_323,route_001,1,15
TOYOTA_PRIUS,driver_323,route_001,2,15
TOYOTA_PRIUS,driver_323,route_001,3,15
TOYOTA_PRIUS,driver_323,route_001,4,15
TOYOTA_PRIUS,driver_323,route_001,5,15
TOYOTA_PRIUS,driver_323,route_001,6,15
TOYOTA_PRIUS,driver_323,route_001,7,15
TOYOTA_PRIUS,driver_323,route_001,8,10
TOYOTA_PRIUS,driver_352,route_001,0,15
TOYOTA_PRIUS,driver_352,route_001,1,15
TOYOTA_PRIUS,driver_352,route_001,2,15
TOYOTA_PRIUS,driver_352,route_001,3,15
TOYOTA_PRIUS,driver_352,route_001,4,15
TOYOTA_PRIUS,driver_352,route_001,5,15
TOYOTA_PRIUS_5TH_GEN,driver_330,route_002,0,15
TOYOTA_PRIUS_5TH_GEN,driver_330,route_002,1,15
TOYOTA_PRIUS_5TH_GEN,driver_330,route_002,2,15
TOYOTA_PRIUS_5TH_GEN,driver_330,route_002,3,15
TOYOTA_PRIUS_5TH_GEN,driver_330,route_002,4,15
TOYOTA_PRIUS_5TH_GEN,driver_330,route_002,5,15
TOYOTA_PRIUS_5TH_GEN,driver_330,route_002,6,15
TOYOTA_PRIUS_5TH_GEN,driver_330,route_002,7,15
TOYOTA_PRIUS_5TH_GEN,driver_330,route_002,8,15
TOYOTA_PRIUS_5TH_GEN,driver_330,route_002,9,15
TOYOTA_PRIUS_5TH_GEN,driver_330,route_002,10,15
TOYOTA_PRIUS_5TH_GEN,driver_330,route_002,11,15
TOYOTA_PRIUS_5TH_GEN,driver_330,route_002,12,15
TOYOTA_PRIUS_5TH_GEN,driver_330,route_002,13,15
TOYOTA_PRIUS_5TH_GEN,driver_330,route_002,14,15
TOYOTA_PRIUS_5TH_GEN,driver_330,route_002,15,15
TOYOTA_PRIUS_5TH_GEN,driver_330,route_002,16,15
TOYOTA_PRIUS_5TH_GEN,driver_330,route_002,17,15
TOYOTA_PRIUS_5TH_GEN,driver_330,route_002,18,15
TOYOTA_PRIUS_5TH_GEN,driver_330,route_002,19,15
TOYOTA_PRIUS_5TH_GEN,driver_330,route_002,20,15
TOYOTA_PRIUS_5TH_GEN,driver_330,route_002,21,15
TOYOTA_PRIUS_5TH_GEN,driver_330,route_002,22,15
TOYOTA_PRIUS_5TH_GEN,driver_330,route_002,23,15
TOYOTA_PRIUS_5TH_GEN,driver_330,route_002,24,15
TOYOTA_PRIUS_5TH_GEN,driver_330,route_002,25,15
TOYOTA_PRIUS_5TH_GEN,driver_330,route_002,26,15
TOYOTA_PRIUS_5TH_GEN,driver_330,route_002,27,15
TOYOTA_PRIUS_5TH_GEN,driver_330,route_002,28,15
TOYOTA_PRIUS_5TH_GEN,driver_330,route_002,29,15
TOYOTA_PRIUS_5TH_GEN,driver_330,route_002,30,15
TOYOTA_PRIUS_5TH_GEN,driver_330,route_002,31,15
TOYOTA_PRIUS_5TH_GEN,driver_330,route_002,32,15
TOYOTA_PRIUS_5TH_GEN,driver_330,route_002,33,15
TOYOTA_PRIUS_5TH_GEN,driver_330,route_002,34,15
TOYOTA_PRIUS_5TH_GEN,driver_330,route_002,35,15
TOYOTA_PRIUS_5TH_GEN,driver_330,route_002,36,15
TOYOTA_PRIUS_5TH_GEN,driver_330,route_002,37,15
TOYOTA_PRIUS_5TH_GEN,driver_330,route_002,38,15
TOYOTA_PRIUS_5TH_GEN,driver_330,route_002,39,15
TOYOTA_PRIUS_5TH_GEN,driver_330,route_002,40,15
TOYOTA_PRIUS_5TH_GEN,driver_330,route_002,41,15
TOYOTA_PRIUS_5TH_GEN,driver_330,route_002,42,15
TOYOTA_PRIUS_5TH_GEN,driver_330,route_002,43,15
TOYOTA_PRIUS_5TH_GEN,driver_330,route_002,44,15
TOYOTA_PRIUS_5TH_GEN,driver_330,route_002,45,15
TOYOTA_PRIUS_5TH_GEN,driver_330,route_002,46,15
TOYOTA_PRIUS_5TH_GEN,driver_330,route_002,47,15
TOYOTA_PRIUS_5TH_GEN,driver_330,route_002,48,15
TOYOTA_PRIUS_5TH_GEN,driver_330,route_002,49,15
TOYOTA_PRIUS_5TH_GEN,driver_330,route_002,50,15
TOYOTA_PRIUS_5TH_GEN,driver_330,route_002,51,15
TOYOTA_PRIUS_5TH_GEN,driver_330,route_002,52,15
TOYOTA_PRIUS_5TH_GEN,driver_330,route_002,53,15
TOYOTA_PRIUS_5TH_GEN,driver_330,route_002,54,15
TOYOTA_PRIUS_5TH_GEN,driver_330,route_002,55,15
TOYOTA_PRIUS_5TH_GEN,driver_330,route_002,56,15
TOYOTA_PRIUS_5TH_GEN,driver_330,route_002,57,15
TOYOTA_PRIUS_5TH_GEN,driver_330,route_002,58,15
TOYOTA_PRIUS_5TH_GEN,driver_330,route_002,59,15
TOYOTA_PRIUS_5TH_GEN,driver_330,route_002,60,15
TOYOTA_PRIUS_5TH_GEN,driver_330,route_002,61,15
TOYOTA_PRIUS_5TH_GEN,driver_330,route_002,62,15
TOYOTA_PRIUS_5TH_GEN,driver_330,route_002,63,15
TOYOTA_PRIUS_5TH_GEN,driver_330,route_002,64,15
TOYOTA_PRIUS_5TH_GEN,driver_330,route_002,65,15
TOYOTA_PRIUS_5TH_GEN,driver_330,route_002,66,15
TOYOTA_PRIUS_5TH_GEN,driver_330,route_002,67,15
TOYOTA_PRIUS_5TH_GEN,driver_330,route_002,68,15
TOYOTA_PRIUS_5TH_GEN,driver_330,route_002,69,15
TOYOTA_PRIUS_5TH_GEN,driver_330,route_002,70,15
TOYOTA_PRIUS_5TH_GEN,driver_330,route_002,71,15
TOYOTA_PRIUS_5TH_GEN,driver_330,route_002,72,15
TOYOTA_PRIUS_5TH_GEN,driver_330,route_002,73,15
TOYOTA_PRIUS_5TH_GEN,driver_330,route_002,74,15
TOYOTA_PRIUS_5TH_GEN,driver_330,route_002,75,15
TOYOTA_RAV4_2017,driver_110,route_001,0,15
TOYOTA_RAV4_2017,driver_110,route_001,1,15
TOYOTA_RAV4_2017,driver_110,route_001,2,15
TOYOTA_RAV4_2023,driver_021,route_012,0,15
TOYOTA_RAV4_2023,driver_021,route_012,1,15
TOYOTA_RAV4_2023,driver_021,route_012,2,15
TOYOTA_RAV4_2023,driver_021,route_012,3,15
TOYOTA_RAV4_2023,driver_021,route_012,4,15
TOYOTA_RAV4_2023,driver_021,route_012,5,15
TOYOTA_RAV4_2023,driver_021,route_012,6,15
TOYOTA_RAV4_2023,driver_021,route_012,7,15
TOYOTA_RAV4_2023,driver_114,route_001,0,15
TOYOTA_RAV4_2023,driver_114,route_001,1,15
TOYOTA_RAV4_2023,driver_114,route_002,0,15
TOYOTA_RAV4_2023,driver_251,route_157,0,15
TOYOTA_RAV4_2023,driver_251,route_157,1,15
TOYOTA_RAV4_2023,driver_251,route_157,2,15
TOYOTA_RAV4_2023,driver_251,route_157,3,15
TOYOTA_RAV4_2023,driver_251,route_158,0,15
TOYOTA_RAV4_2023,driver_251,route_158,1,15
TOYOTA_RAV4_2023,driver_251,route_158,2,15
TOYOTA_RAV4_2023,driver_251,route_158,3,15
TOYOTA_RAV4_2023,driver_251,route_159,0,15
TOYOTA_RAV4_2023,driver_251,route_159,1,15
TOYOTA_RAV4_2023,driver_251,route_160,0,15
TOYOTA_RAV4_2023,driver_251,route_160,1,15
TOYOTA_RAV4_2023,driver_251,route_161,0,15
TOYOTA_RAV4_2023,driver_251,route_161,1,15
TOYOTA_RAV4_2023,driver_251,route_161,2,15
TOYOTA_RAV4_2023,driver_251,route_161,3,15
TOYOTA_RAV4_2023,driver_251,route_161,4,15
TOYOTA_RAV4_2023,driver_251,route_161,5,15
TOYOTA_RAV4_2023,driver_251,route_162,0,15
TOYOTA_RAV4_2023,driver_251,route_163,0,15
TOYOTA_RAV4_2023,driver_251,route_163,1,15
TOYOTA_RAV4_2023,driver_251,route_163,2,15
TOYOTA_RAV4_2023,driver_251,route_163,3,15
TOYOTA_RAV4_2023,driver_302,route_001,0,15
TOYOTA_RAV4_2023,driver_302,route_001,1,15
TOYOTA_RAV4_2023,driver_302,route_001,2,15
TOYOTA_RAV4_2023,driver_302,route_001,3,15
TOYOTA_RAV4_2023,driver_302,route_001,4,15
TOYOTA_RAV4_2023,driver_302,route_001,5,10
TOYOTA_RAV4_HYBRID_2023,driver_156,route_001,0,15
TOYOTA_RAV4_PRIME,driver_021,route_001,0,15
TOYOTA_RAV4_PRIME,driver_021,route_001,1,15
TOYOTA_RAV4_PRIME,driver_021,route_001,2,15
TOYOTA_RAV4_PRIME,driver_021,route_001,3,15
TOYOTA_RAV4_PRIME,driver_021,route_001,4,15
TOYOTA_RAV4_PRIME,driver_021,route_001,5,15
TOYOTA_RAV4_PRIME,driver_021,route_001,6,15
TOYOTA_RAV4_PRIME,driver_021,route_002,0,15
TOYOTA_RAV4_PRIME,driver_021,route_002,1,15
TOYOTA_RAV4_PRIME,driver_032,route_001,0,15
TOYOTA_RAV4_PRIME,driver_032,route_001,1,15
TOYOTA_RAV4_PRIME,driver_032,route_001,2,15
TOYOTA_RAV4_PRIME,driver_032,route_001,3,15
TOYOTA_RAV4_PRIME,driver_066,route_001,0,15
TOYOTA_RAV4_PRIME,driver_066,route_002,0,15
TOYOTA_RAV4_PRIME,driver_066,route_002,1,15
TOYOTA_RAV4_PRIME,driver_066,route_003,0,15
TOYOTA_RAV4_PRIME,driver_078,route_001,0,15
TOYOTA_RAV4_PRIME,driver_078,route_002,0,15
TOYOTA_RAV4_PRIME,driver_088,route_001,0,15
TOYOTA_RAV4_PRIME,driver_088,route_001,1,15
TOYOTA_RAV4_PRIME,driver_088,route_001,2,15
TOYOTA_RAV4_PRIME,driver_088,route_001,3,15
TOYOTA_RAV4_PRIME,driver_088,route_001,4,15
TOYOTA_RAV4_PRIME,driver_088,route_001,5,15
TOYOTA_RAV4_PRIME,driver_088,route_001,6,15
TOYOTA_RAV4_PRIME,driver_088,route_001,7,10
TOYOTA_RAV4_PRIME,driver_195,route_001,0,15
TOYOTA_RAV4_PRIME,driver_195,route_001,1,15
TOYOTA_RAV4_PRIME,driver_201,route_001,0,15
TOYOTA_RAV4_PRIME,driver_201,route_001,1,15
TOYOTA_RAV4_PRIME,driver_201,route_001,2,15
TOYOTA_RAV4_PRIME,driver_201,route_001,3,15
TOYOTA_RAV4_PRIME,driver_201,route_002,0,15
TOYOTA_RAV4_PRIME,driver_201,route_002,1,15
TOYOTA_RAV4_PRIME,driver_201,route_002,2,15
TOYOTA_RAV4_PRIME,driver_201,route_002,3,15
TOYOTA_RAV4_PRIME,driver_201,route_002,4,15
TOYOTA_RAV4_PRIME,driver_206,route_001,0,15
TOYOTA_RAV4_PRIME,driver_206,route_001,1,15
TOYOTA_RAV4_PRIME,driver_231,route_001,0,15
TOYOTA_RAV4_PRIME,driver_231,route_002,0,15
TOYOTA_RAV4_PRIME,driver_231,route_002,1,15
TOYOTA_RAV4_PRIME,driver_231,route_002,2,15
TOYOTA_RAV4_PRIME,driver_231,route_002,3,15
TOYOTA_RAV4_PRIME,driver_231,route_002,4,15
TOYOTA_RAV4_TSS2,driver_101,route_001,0,15
TOYOTA_RAV4_TSS2,driver_101,route_001,1,15
TOYOTA_RAV4_TSS2,driver_101,route_001,2,15
TOYOTA_RAV4_TSS2,driver_101,route_001,3,15
TOYOTA_RAV4_TSS2,driver_101,route_001,4,15
TOYOTA_RAV4_TSS2,driver_101,route_001,5,15
TOYOTA_RAV4_TSS2_2023,driver_004,route_001,0,15
TOYOTA_RAV4_TSS2_2023,driver_004,route_001,1,15
TOYOTA_RAV4_TSS2_2023,driver_104,route_001,0,15
TOYOTA_RAV4_TSS2_2023,driver_104,route_001,1,15
TOYOTA_RAV4_TSS2_2023,driver_104,route_001,2,15
TOYOTA_RAV4_TSS2_2023,driver_104,route_001,3,15
TOYOTA_RAV4_TSS2_2023,driver_104,route_001,4,15
TOYOTA_RAV4_TSS2_2023,driver_104,route_001,5,15
TOYOTA_RAV4_TSS2_2023,driver_104,route_002,0,15
TOYOTA_RAV4_TSS2_2023,driver_104,route_003,0,15
TOYOTA_RAV4_TSS2_2023,driver_104,route_003,1,15
TOYOTA_RAV4_TSS2_2023,driver_104,route_003,2,15
TOYOTA_RAV4_TSS2_2023,driver_121,route_001,0,15
TOYOTA_RAV4_TSS2_2023,driver_121,route_001,1,15
TOYOTA_RAV4_TSS2_2023,driver_121,route_001,2,15
TOYOTA_RAV4_TSS2_2023,driver_121,route_001,3,15
TOYOTA_RAV4_TSS2_2023,driver_121,route_001,4,15
TOYOTA_RAV4_TSS2_2023,driver_121,route_001,5,15
TOYOTA_RAV4_TSS2_2023,driver_121,route_001,6,15
TOYOTA_RAV4_TSS2_2023,driver_121,route_001,7,15
TOYOTA_RAV4_TSS2_2023,driver_121,route_001,8,15
TOYOTA_RAV4_TSS2_2023,driver_121,route_001,9,15
TOYOTA_RAV4_TSS2_2023,driver_121,route_001,10,15
TOYOTA_RAV4_TSS2_2023,driver_121,route_001,11,15
TOYOTA_RAV4_TSS2_2023,driver_121,route_001,12,15
TOYOTA_RAV4_TSS2_2023,driver_121,route_001,13,15
TOYOTA_RAV4_TSS2_2023,driver_121,route_001,14,15
TOYOTA_RAV4_TSS2_2023,driver_121,route_001,15,15
TOYOTA_RAV4_TSS2_2023,driver_121,route_001,16,15
TOYOTA_RAV4_TSS2_2023,driver_121,route_001,17,15
TOYOTA_RAV4_TSS2_2023,driver_121,route_001,18,15
TOYOTA_RAV4_TSS2_2023,driver_121,route_002,0,15
TOYOTA_RAV4_TSS2_2023,driver_121,route_002,1,15
TOYOTA_RAV4_TSS2_2023,driver_121,route_002,2,15
TOYOTA_RAV4_TSS2_2023,driver_121,route_002,3,15
TOYOTA_RAV4_TSS2_2023,driver_121,route_002,4,15
TOYOTA_RAV4_TSS2_2023,driver_121,route_003,0,15
TOYOTA_RAV4_TSS2_2023,driver_121,route_003,1,15
TOYOTA_RAV4_TSS2_2023,driver_121,route_003,2,15
TOYOTA_RAV4_TSS2_2023,driver_121,route_003,3,15
TOYOTA_RAV4_TSS2_2023,driver_121,route_003,4,15
TOYOTA_RAV4_TSS2_2023,driver_121,route_003,5,15
TOYOTA_RAV4_TSS2_2023,driver_121,route_003,6,15
TOYOTA_RAV4_TSS2_2023,driver_121,route_004,0,15
TOYOTA_RAV4_TSS2_2023,driver_121,route_005,0,15
TOYOTA_RAV4_TSS2_2023,driver_121,route_005,1,15
TOYOTA_RAV4_TSS2_2023,driver_121,route_005,2,15
TOYOTA_RAV4_TSS2_2023,driver_121,route_006,0,15
TOYOTA_RAV4_TSS2_2023,driver_121,route_006,1,15
TOYOTA_RAV4_TSS2_2023,driver_121,route_006,2,10
TOYOTA_RAV4_TSS2_2023,driver_121,route_007,0,15
TOYOTA_RAV4_TSS2_2023,driver_121,route_007,1,15
TOYOTA_RAV4_TSS2_2023,driver_121,route_007,2,15
TOYOTA_RAV4_TSS2_2023,driver_121,route_007,3,15
TOYOTA_RAV4_TSS2_2023,driver_121,route_007,4,15
TOYOTA_RAV4_TSS2_2023,driver_121,route_007,5,15
TOYOTA_RAV4_TSS2_2023,driver_121,route_007,6,15
TOYOTA_RAV4_TSS2_2023,driver_121,route_007,7,15
TOYOTA_RAV4_TSS2_2023,driver_121,route_007,8,15
TOYOTA_RAV4_TSS2_2023,driver_121,route_007,9,15
TOYOTA_RAV4_TSS2_2023,driver_121,route_007,10,15
TOYOTA_RAV4_TSS2_2023,driver_121,route_007,11,15
TOYOTA_RAV4_TSS2_2023,driver_121,route_008,0,15
TOYOTA_RAV4_TSS2_2023,driver_121,route_008,1,15
TOYOTA_RAV4_TSS2_2023,driver_121,route_008,2,15
TOYOTA_RAV4_TSS2_2023,driver_121,route_008,3,15
TOYOTA_RAV4_TSS2_2023,driver_121,route_009,0,15
TOYOTA_RAV4_TSS2_2023,driver_121,route_009,1,15
TOYOTA_RAV4_TSS2_2023,driver_121,route_009,2,15
TOYOTA_RAV4_TSS2_2023,driver_121,route_009,3,15
TOYOTA_RAV4_TSS2_2023,driver_121,route_009,4,15
TOYOTA_RAV4_TSS2_2023,driver_121,route_009,5,15
TOYOTA_RAV4_TSS2_2023,driver_121,route_009,6,15
TOYOTA_RAV4_TSS2_2023,driver_121,route_009,7,15
TOYOTA_RAV4_TSS2_2023,driver_121,route_009,8,15
TOYOTA_RAV4_TSS2_2023,driver_121,route_009,9,15
TOYOTA_RAV4_TSS2_2023,driver_121,route_009,10,15
TOYOTA_RAV4_TSS2_2023,driver_121,route_009,11,15
TOYOTA_RAV4_TSS2_2023,driver_121,route_009,12,15
TOYOTA_RAV4_TSS2_2023,driver_121,route_009,13,15
TOYOTA_RAV4_TSS2_2023,driver_121,route_009,14,15
TOYOTA_RAV4_TSS2_2023,driver_121,route_009,15,15
TOYOTA_RAV4_TSS2_2023,driver_121,route_009,16,15
TOYOTA_RAV4_TSS2_2023,driver_121,route_009,17,15
TOYOTA_RAV4_TSS2_2023,driver_121,route_009,18,15
TOYOTA_RAV4_TSS2_2023,driver_121,route_009,19,15
TOYOTA_RAV4_TSS2_2023,driver_121,route_009,20,15
TOYOTA_RAV4_TSS2_2023,driver_121,route_009,21,15
TOYOTA_RAV4_TSS2_2023,driver_121,route_009,22,15
TOYOTA_RAV4_TSS2_2023,driver_121,route_009,23,15
TOYOTA_RAV4_TSS2_2023,driver_121,route_009,24,15
TOYOTA_RAV4_TSS2_2023,driver_121,route_009,25,10
TOYOTA_RAV4_TSS2_2023,driver_121,route_009,26,10
TOYOTA_RAV4_TSS2_2023,driver_251,route_002,0,15
TOYOTA_RAV4_TSS2_2023,driver_251,route_003,0,15
TOYOTA_RAV4_TSS2_2023,driver_251,route_003,1,15
TOYOTA_RAV4_TSS2_2023,driver_251,route_003,2,15
TOYOTA_RAV4_TSS2_2023,driver_251,route_003,3,15
TOYOTA_RAV4_TSS2_2023,driver_251,route_003,4,15
TOYOTA_RAV4_TSS2_2023,driver_251,route_003,5,15
TOYOTA_RAV4_TSS2_2023,driver_251,route_003,6,15
TOYOTA_RAV4_TSS2_2023,driver_251,route_003,7,15
TOYOTA_RAV4_TSS2_2023,driver_251,route_003,8,15
TOYOTA_RAV4_TSS2_2023,driver_251,route_003,9,15
TOYOTA_RAV4_TSS2_2023,driver_251,route_003,10,15
TOYOTA_RAV4_TSS2_2023,driver_251,route_003,11,15
TOYOTA_RAV4_TSS2_2023,driver_251,route_003,12,15
TOYOTA_RAV4_TSS2_2023,driver_251,route_003,13,15
TOYOTA_RAV4_TSS2_2023,driver_251,route_003,14,15
TOYOTA_RAV4_TSS2_2023,driver_251,route_003,15,10
TOYOTA_RAV4_TSS2_2023,driver_251,route_003,16,10
TOYOTA_RAV4_TSS2_2023,driver_251,route_003,17,10
TOYOTA_RAV4_TSS2_2023,driver_251,route_005,0,15
TOYOTA_RAV4_TSS2_2023,driver_251,route_007,0,15
TOYOTA_RAV4_TSS2_2023,driver_251,route_007,1,15
TOYOTA_RAV4_TSS2_2023,driver_251,route_007,2,15
TOYOTA_RAV4_TSS2_2023,driver_251,route_007,3,15
TOYOTA_RAV4_TSS2_2023,driver_251,route_007,4,15
TOYOTA_RAV4_TSS2_2023,driver_251,route_007,5,15
TOYOTA_RAV4_TSS2_2023,driver_251,route_007,6,15
TOYOTA_RAV4_TSS2_2023,driver_251,route_007,7,15
TOYOTA_RAV4_TSS2_2023,driver_251,route_007,8,15
TOYOTA_RAV4_TSS2_2023,driver_251,route_007,9,15
TOYOTA_RAV4_TSS2_2023,driver_251,route_007,10,15
TOYOTA_RAV4_TSS2_2023,driver_251,route_007,11,15
TOYOTA_RAV4_TSS2_2023,driver_251,route_007,12,15
TOYOTA_RAV4_TSS2_2023,driver_251,route_007,13,15
TOYOTA_RAV4_TSS2_2023,driver_251,route_007,14,15
TOYOTA_RAV4_TSS2_2023,driver_251,route_007,15,15
TOYOTA_RAV4_TSS2_2023,driver_251,route_007,16,15
TOYOTA_RAV4_TSS2_2023,driver_251,route_007,17,15
TOYOTA_RAV4_TSS2_2023,driver_251,route_007,18,15
TOYOTA_RAV4_TSS2_2023,driver_251,route_007,19,10
TOYOTA_RAV4_TSS2_2023,driver_251,route_009,0,15
TOYOTA_RAV4_TSS2_2023,driver_251,route_009,1,15
TOYOTA_RAV4_TSS2_2023,driver_251,route_010,0,15
TOYOTA_RAV4_TSS2_2023,driver_251,route_010,1,15
TOYOTA_RAV4_TSS2_2023,driver_251,route_010,2,15
TOYOTA_RAV4_TSS2_2023,driver_251,route_013,0,15
TOYOTA_RAV4_TSS2_2023,driver_251,route_013,1,15
TOYOTA_RAV4_TSS2_2023,driver_251,route_013,2,15
TOYOTA_RAV4_TSS2_2023,driver_251,route_013,3,15
TOYOTA_RAV4_TSS2_2023,driver_251,route_013,4,10
TOYOTA_RAV4_TSS2_2023,driver_251,route_013,5,10
TOYOTA_RAV4_TSS2_2023,driver_251,route_016,0,15
TOYOTA_RAV4_TSS2_2023,driver_251,route_016,1,15
TOYOTA_RAV4_TSS2_2023,driver_251,route_016,2,15
TOYOTA_RAV4_TSS2_2023,driver_251,route_016,3,15
TOYOTA_RAV4_TSS2_2023,driver_251,route_016,4,15
TOYOTA_RAV4_TSS2_2023,driver_251,route_016,5,15
TOYOTA_RAV4_TSS2_2023,driver_251,route_018,0,15
TOYOTA_RAV4_TSS2_2023,driver_251,route_018,1,15
TOYOTA_RAV4_TSS2_2023,driver_251,route_018,2,15
TOYOTA_RAV4_TSS2_2023,driver_251,route_018,3,15
TOYOTA_RAV4_TSS2_2023,driver_251,route_018,4,15
TOYOTA_RAV4_TSS2_2023,driver_251,route_022,0,15
TOYOTA_RAV4_TSS2_2023,driver_251,route_022,1,15
TOYOTA_RAV4_TSS2_2023,driver_251,route_022,2,15
TOYOTA_RAV4_TSS2_2023,driver_251,route_025,0,15
TOYOTA_RAV4_TSS2_2023,driver_251,route_025,1,15
TOYOTA_RAV4_TSS2_2023,driver_251,route_025,2,15
TOYOTA_RAV4_TSS2_2023,driver_251,route_025,3,15
TOYOTA_RAV4_TSS2_2023,driver_251,route_025,4,15
TOYOTA_RAV4_TSS2_2023,driver_251,route_025,5,15
TOYOTA_RAV4_TSS2_2023,driver_251,route_028,0,15
TOYOTA_RAV4_TSS2_2023,driver_251,route_029,0,15
TOYOTA_RAV4_TSS2_2023,driver_251,route_029,1,15
TOYOTA_RAV4_TSS2_2023,driver_251,route_029,2,15
TOYOTA_RAV4_TSS2_2023,driver_251,route_029,3,15
TOYOTA_RAV4_TSS2_2023,driver_251,route_029,4,15
TOYOTA_RAV4_TSS2_2023,driver_251,route_029,5,15
TOYOTA_RAV4_TSS2_2023,driver_251,route_029,6,15
TOYOTA_RAV4_TSS2_2023,driver_251,route_029,7,15
TOYOTA_RAV4_TSS2_2023,driver_251,route_029,8,15
TOYOTA_RAV4_TSS2_2023,driver_251,route_029,9,15
TOYOTA_RAV4_TSS2_2023,driver_251,route_029,10,15
TOYOTA_RAV4_TSS2_2023,driver_251,route_029,11,15
TOYOTA_RAV4_TSS2_2023,driver_251,route_029,12,15
TOYOTA_RAV4_TSS2_2023,driver_251,route_029,13,15
TOYOTA_RAV4_TSS2_2023,driver_251,route_029,14,15
TOYOTA_RAV4_TSS2_2023,driver_251,route_029,15,15
TOYOTA_RAV4_TSS2_2023,driver_251,route_029,16,15
TOYOTA_RAV4_TSS2_2023,driver_251,route_029,17,15
TOYOTA_RAV4_TSS2_2023,driver_251,route_029,18,15
TOYOTA_RAV4_TSS2_2023,driver_251,route_029,19,10
TOYOTA_RAV4_TSS2_2023,driver_251,route_029,20,10
TOYOTA_RAV4_TSS2_2023,driver_251,route_029,21,10
TOYOTA_RAV4_TSS2_2023,driver_251,route_029,22,10
TOYOTA_RAV4_TSS2_2023,driver_251,route_032,0,15
TOYOTA_RAV4_TSS2_2023,driver_251,route_032,1,15
TOYOTA_RAV4_TSS2_2023,driver_251,route_032,2,15
TOYOTA_RAV4_TSS2_2023,driver_251,route_032,3,15
TOYOTA_RAV4_TSS2_2023,driver_251,route_032,4,15
TOYOTA_RAV4_TSS2_2023,driver_251,route_032,5,15
TOYOTA_RAV4_TSS2_2023,driver_251,route_032,6,15
TOYOTA_RAV4_TSS2_2023,driver_251,route_032,7,10
TOYOTA_RAV4_TSS2_2023,driver_251,route_033,0,15
TOYOTA_RAV4_TSS2_2023,driver_251,route_033,1,15
TOYOTA_RAV4_TSS2_2023,driver_251,route_036,0,15
TOYOTA_RAV4_TSS2_2023,driver_251,route_036,1,15
TOYOTA_RAV4_TSS2_2023,driver_251,route_036,2,15
TOYOTA_RAV4_TSS2_2023,driver_251,route_036,3,15
TOYOTA_RAV4_TSS2_2023,driver_251,route_037,0,15
TOYOTA_RAV4_TSS2_2023,driver_251,route_037,1,15
TOYOTA_RAV4_TSS2_2023,driver_251,route_037,2,15
TOYOTA_RAV4_TSS2_2023,driver_251,route_037,3,15
TOYOTA_RAV4_TSS2_2023,driver_251,route_037,4,15
TOYOTA_RAV4_TSS2_2023,driver_251,route_041,0,15
TOYOTA_RAV4_TSS2_2023,driver_251,route_048,0,10
TOYOTA_RAV4_TSS2_2023,driver_251,route_048,1,10
TOYOTA_RAV4_TSS2_2023,driver_251,route_052,0,15
TOYOTA_RAV4_TSS2_2023,driver_251,route_055,0,15
TOYOTA_RAV4_TSS2_2023,driver_251,route_059,0,15
TOYOTA_RAV4_TSS2_2023,driver_251,route_167,0,15
TOYOTA_RAV4_TSS2_2023,driver_284,route_001,0,15
TOYOTA_RAV4_TSS2_2023,driver_284,route_001,1,15
TOYOTA_RAV4_TSS2_2023,driver_284,route_001,2,15
TOYOTA_RAV4_TSS2_2023,driver_284,route_001,3,15
TOYOTA_RAV4_TSS2_2023,driver_284,route_001,4,15
TOYOTA_RAV4_TSS2_2023,driver_284,route_001,5,15
TOYOTA_RAV4_TSS2_2023,driver_284,route_001,6,15
TOYOTA_RAV4_TSS2_2023,driver_284,route_001,7,15
TOYOTA_RAV4_TSS2_2023,driver_284,route_001,8,15
TOYOTA_RAV4_TSS2_2023,driver_284,route_001,9,15
TOYOTA_RAV4_TSS2_2023,driver_284,route_001,10,15
TOYOTA_RAV4_TSS2_2023,driver_284,route_001,11,15
TOYOTA_RAV4_TSS2_2023,driver_284,route_001,12,15
TOYOTA_RAV4_TSS2_2023,driver_284,route_001,13,15
TOYOTA_RAV4_TSS2_2023,driver_284,route_001,14,10
TOYOTA_YARIS,driver_305,route_001,0,15
TOYOTA_YARIS,driver_305,route_002,0,15
TOYOTA_YARIS,driver_305,route_003,0,15
TOYOTA_YARIS,driver_305,route_004,0,15
TOYOTA_YARIS,driver_305,route_005,0,15
Unknown,driver_235,route_001,0,15
Unknown,driver_235,route_001,1,15
Unknown,driver_235,route_001,2,15
Unknown,driver_235,route_001,3,15
Unknown,driver_235,route_001,4,15
Unknown,driver_235,route_001,5,15
Unknown,driver_235,route_002,0,15
Unknown,driver_235,route_002,1,15
Unknown,driver_235,route_002,2,15
Unknown,driver_235,route_002,3,15
Unknown,driver_235,route_002,4,15
Unknown,driver_335,route_001,0,15
Unknown,driver_335,route_001,1,15
Unknown,driver_335,route_001,2,15
Unknown,driver_335,route_001,3,15
Unknown,driver_335,route_001,4,15
Unknown,driver_335,route_001,5,15
Unknown,driver_335,route_001,6,15
Unknown,driver_335,route_001,7,15
Unknown,driver_335,route_001,8,15
Unknown,driver_335,route_001,9,15
Unknown,driver_345,route_001,0,15
Unknown,driver_345,route_001,1,15
Unknown,driver_345,route_001,2,15
Unknown,driver_345,route_001,3,15
Unknown,driver_345,route_001,4,15
Unknown,driver_353,route_001,0,15
Unknown,driver_353,route_001,1,15
Unknown,driver_353,route_001,2,15
Unknown,driver_353,route_001,3,15
Unknown,driver_353,route_001,4,15
Unknown,driver_353,route_001,5,15
Unknown,driver_353,route_001,6,15
Unknown,driver_353,route_001,7,15
Unknown,driver_353,route_001,8,15
Unknown,driver_353,route_001,9,15
Unknown,driver_353,route_001,10,15
Unknown,driver_353,route_001,11,15
Unknown,driver_353,route_001,12,15
Unknown,driver_353,route_002,0,15
Unknown,driver_353,route_002,1,15
Unknown,driver_353,route_002,2,15
Unknown,driver_353,route_002,3,15
Unknown,driver_353,route_002,4,15
Unknown,driver_353,route_002,5,15
Unknown,driver_353,route_003,0,15
Unknown,driver_353,route_003,1,15
Unknown,driver_353,route_003,2,15
Unknown,driver_353,route_003,3,15
Unknown,driver_353,route_004,0,15
Unknown,driver_353,route_004,1,15
Unknown,driver_353,route_004,2,15
Unknown,driver_353,route_004,3,15
Unknown,driver_353,route_004,4,15
Unknown,driver_353,route_004,5,15
Unknown,driver_353,route_004,6,15
Unknown,driver_353,route_004,7,15
Unknown,driver_358,route_001,0,15
Unknown,driver_358,route_001,1,15
Unknown,driver_358,route_001,2,15
Unknown,driver_358,route_001,3,15
Unknown,driver_358,route_001,4,15
Unknown,driver_358,route_001,5,15
Unknown,driver_358,route_001,6,15
Unknown,driver_358,route_001,7,15
Unknown,driver_358,route_001,8,15
Unknown,driver_358,route_001,9,15
Unknown,driver_358,route_001,10,15
Unknown,driver_358,route_001,11,15
Unknown,driver_358,route_001,12,15
Unknown,driver_358,route_001,13,15
Unknown,driver_358,route_001,14,15
Unknown,driver_358,route_001,15,15
VOLKSWAGEN_ATLAS_MK1,driver_065,route_001,0,15
VOLKSWAGEN_ATLAS_MK1,driver_065,route_001,1,15
VOLKSWAGEN_ATLAS_MK1,driver_065,route_001,2,15
VOLKSWAGEN_ATLAS_MK1,driver_065,route_001,3,15
VOLKSWAGEN_ATLAS_MK1,driver_065,route_001,4,15
VOLKSWAGEN_ATLAS_MK1,driver_065,route_001,5,15
VOLKSWAGEN_ATLAS_MK1,driver_065,route_001,6,15
VOLKSWAGEN_ATLAS_MK1,driver_065,route_001,7,15
VOLKSWAGEN_ATLAS_MK1,driver_065,route_001,8,15
VOLKSWAGEN_ATLAS_MK1,driver_065,route_001,9,15
VOLKSWAGEN_ATLAS_MK1,driver_065,route_001,10,15
VOLKSWAGEN_ATLAS_MK1,driver_065,route_001,11,15
VOLKSWAGEN_ATLAS_MK1,driver_065,route_001,12,15
VOLKSWAGEN_ATLAS_MK1,driver_065,route_001,13,10
VOLKSWAGEN_ATLAS_MK1,driver_065,route_002,0,10
VOLKSWAGEN_ATLAS_MK1,driver_065,route_002,1,10
VOLKSWAGEN_ATLAS_MK1,driver_065,route_002,2,10
VOLKSWAGEN_ATLAS_MK1,driver_065,route_002,3,10
VOLKSWAGEN_ATLAS_MK1,driver_065,route_002,4,10
VOLKSWAGEN_ATLAS_MK1,driver_065,route_002,5,10
VOLKSWAGEN_ATLAS_MK1,driver_065,route_002,6,10
VOLKSWAGEN_ATLAS_MK1,driver_065,route_002,7,10
VOLKSWAGEN_ATLAS_MK1,driver_065,route_002,8,10
VOLKSWAGEN_ATLAS_MK1,driver_065,route_003,0,15
VOLKSWAGEN_ATLAS_MK1,driver_065,route_003,1,15
VOLKSWAGEN_ATLAS_MK1,driver_065,route_003,2,15
VOLKSWAGEN_ATLAS_MK1,driver_065,route_004,0,15
VOLKSWAGEN_ATLAS_MK1,driver_065,route_004,1,15
VOLKSWAGEN_ATLAS_MK1,driver_065,route_004,2,15
VOLKSWAGEN_ATLAS_MK1,driver_065,route_004,3,15
VOLKSWAGEN_ATLAS_MK1,driver_065,route_004,4,15
VOLKSWAGEN_ATLAS_MK1,driver_065,route_005,0,10
VOLKSWAGEN_ATLAS_MK1,driver_065,route_005,1,10
VOLKSWAGEN_ATLAS_MK1,driver_065,route_005,2,10
VOLKSWAGEN_ATLAS_MK1,driver_065,route_005,3,10
VOLKSWAGEN_ATLAS_MK1,driver_065,route_005,4,10
VOLKSWAGEN_ATLAS_MK1,driver_065,route_005,5,10
VOLKSWAGEN_ATLAS_MK1,driver_065,route_005,6,10
VOLKSWAGEN_ATLAS_MK1,driver_065,route_005,7,10
VOLKSWAGEN_ATLAS_MK1,driver_065,route_005,8,10
VOLKSWAGEN_ATLAS_MK1,driver_065,route_005,9,10
VOLKSWAGEN_ATLAS_MK1,driver_065,route_006,0,15
VOLKSWAGEN_ATLAS_MK1,driver_065,route_006,1,15
VOLKSWAGEN_ATLAS_MK1,driver_065,route_006,2,15
VOLKSWAGEN_ATLAS_MK1,driver_065,route_006,3,15
VOLKSWAGEN_ATLAS_MK1,driver_065,route_006,4,15
VOLKSWAGEN_ATLAS_MK1,driver_065,route_007,0,15
VOLKSWAGEN_ATLAS_MK1,driver_065,route_007,1,15
VOLKSWAGEN_ATLAS_MK1,driver_065,route_007,2,15
VOLKSWAGEN_ATLAS_MK1,driver_065,route_007,3,15
VOLKSWAGEN_ATLAS_MK1,driver_065,route_007,4,15
VOLKSWAGEN_ATLAS_MK1,driver_065,route_007,5,15
VOLKSWAGEN_ATLAS_MK1,driver_065,route_007,6,15
VOLKSWAGEN_ATLAS_MK1,driver_065,route_007,7,15
VOLKSWAGEN_ATLAS_MK1,driver_065,route_007,8,15
VOLKSWAGEN_ATLAS_MK1,driver_065,route_008,0,15
VOLKSWAGEN_ATLAS_MK1,driver_065,route_008,1,15
VOLKSWAGEN_ATLAS_MK1,driver_065,route_008,2,15
VOLKSWAGEN_ATLAS_MK1,driver_065,route_008,3,15
VOLKSWAGEN_ATLAS_MK1,driver_065,route_008,4,15
VOLKSWAGEN_ATLAS_MK1,driver_065,route_008,5,15
VOLKSWAGEN_ATLAS_MK1,driver_065,route_008,6,15
VOLKSWAGEN_ATLAS_MK1,driver_065,route_008,7,15
VOLKSWAGEN_ATLAS_MK1,driver_065,route_008,8,15
VOLKSWAGEN_ATLAS_MK1,driver_065,route_008,9,15
VOLKSWAGEN_ATLAS_MK1,driver_065,route_008,10,15
VOLKSWAGEN_ATLAS_MK1,driver_065,route_008,11,15
VOLKSWAGEN_ATLAS_MK1,driver_065,route_008,12,15
VOLKSWAGEN_ATLAS_MK1,driver_065,route_008,13,15
VOLKSWAGEN_ATLAS_MK1,driver_065,route_008,14,15
VOLKSWAGEN_ATLAS_MK1,driver_065,route_008,15,15
VOLKSWAGEN_ATLAS_MK1,driver_065,route_008,16,15
VOLKSWAGEN_ATLAS_MK1,driver_065,route_008,17,15
VOLKSWAGEN_ATLAS_MK1,driver_065,route_008,18,15
VOLKSWAGEN_ATLAS_MK1,driver_065,route_008,19,15
VOLKSWAGEN_ATLAS_MK1,driver_065,route_008,20,15
VOLKSWAGEN_ATLAS_MK1,driver_065,route_008,21,15
VOLKSWAGEN_ATLAS_MK1,driver_065,route_008,22,15
VOLKSWAGEN_ATLAS_MK1,driver_065,route_008,23,15
VOLKSWAGEN_ATLAS_MK1,driver_065,route_008,24,15
VOLKSWAGEN_ATLAS_MK1,driver_065,route_008,25,15
VOLKSWAGEN_ATLAS_MK1,driver_065,route_008,26,15
VOLKSWAGEN_ATLAS_MK1,driver_065,route_008,27,15
VOLKSWAGEN_ATLAS_MK1,driver_065,route_008,28,15
VOLKSWAGEN_ATLAS_MK1,driver_065,route_008,29,15
VOLKSWAGEN_ATLAS_MK1,driver_065,route_008,30,15
VOLKSWAGEN_ATLAS_MK1,driver_065,route_008,31,15
VOLKSWAGEN_ATLAS_MK1,driver_065,route_008,32,15
VOLKSWAGEN_ATLAS_MK1,driver_065,route_008,33,15
VOLKSWAGEN_ATLAS_MK1,driver_065,route_008,34,15
VOLKSWAGEN_ATLAS_MK1,driver_065,route_008,35,15
VOLKSWAGEN_ATLAS_MK1,driver_065,route_008,36,15
VOLKSWAGEN_ATLAS_MK1,driver_065,route_008,37,15
VOLKSWAGEN_ATLAS_MK1,driver_065,route_008,38,15
VOLKSWAGEN_ATLAS_MK1,driver_065,route_008,39,15
VOLKSWAGEN_ATLAS_MK1,driver_065,route_008,40,15
VOLKSWAGEN_ATLAS_MK1,driver_065,route_008,41,15
VOLKSWAGEN_ATLAS_MK1,driver_065,route_008,42,15
VOLKSWAGEN_ATLAS_MK1,driver_065,route_008,43,15
VOLKSWAGEN_ATLAS_MK1,driver_065,route_008,44,15
VOLKSWAGEN_ATLAS_MK1,driver_065,route_008,45,15
VOLKSWAGEN_ATLAS_MK1,driver_065,route_008,46,15
VOLKSWAGEN_ATLAS_MK1,driver_065,route_008,47,15
VOLKSWAGEN_ATLAS_MK1,driver_065,route_008,48,15
VOLKSWAGEN_ATLAS_MK1,driver_065,route_008,49,15
VOLKSWAGEN_ATLAS_MK1,driver_065,route_008,50,15
VOLKSWAGEN_ATLAS_MK1,driver_065,route_008,51,15
VOLKSWAGEN_ATLAS_MK1,driver_065,route_008,52,10
VOLKSWAGEN_ATLAS_MK1,driver_065,route_009,0,15
VOLKSWAGEN_ATLAS_MK1,driver_065,route_009,1,15
VOLKSWAGEN_ATLAS_MK1,driver_065,route_009,2,15
VOLKSWAGEN_ATLAS_MK1,driver_065,route_009,3,15
VOLKSWAGEN_ATLAS_MK1,driver_065,route_010,0,15
VOLKSWAGEN_ATLAS_MK1,driver_065,route_010,1,15
VOLKSWAGEN_ATLAS_MK1,driver_065,route_010,2,15
VOLKSWAGEN_ATLAS_MK1,driver_065,route_010,3,15
VOLKSWAGEN_ATLAS_MK1,driver_065,route_011,0,15
VOLKSWAGEN_ATLAS_MK1,driver_065,route_011,1,15
VOLKSWAGEN_ATLAS_MK1,driver_065,route_011,2,15
VOLKSWAGEN_ATLAS_MK1,driver_065,route_011,3,15
VOLKSWAGEN_ATLAS_MK1,driver_065,route_011,4,15
VOLKSWAGEN_ATLAS_MK1,driver_065,route_011,5,15
VOLKSWAGEN_ATLAS_MK1,driver_065,route_011,6,15
VOLKSWAGEN_ATLAS_MK1,driver_065,route_011,7,15
VOLKSWAGEN_ATLAS_MK1,driver_065,route_011,8,15
VOLKSWAGEN_ATLAS_MK1,driver_065,route_011,9,15
VOLKSWAGEN_ATLAS_MK1,driver_065,route_011,10,15
VOLKSWAGEN_ATLAS_MK1,driver_065,route_011,11,15
VOLKSWAGEN_ATLAS_MK1,driver_065,route_011,12,15
VOLKSWAGEN_ATLAS_MK1,driver_065,route_011,13,15
VOLKSWAGEN_ATLAS_MK1,driver_065,route_011,14,15
VOLKSWAGEN_ATLAS_MK1,driver_065,route_011,15,15
VOLKSWAGEN_ATLAS_MK1,driver_065,route_012,0,15
VOLKSWAGEN_ATLAS_MK1,driver_065,route_012,1,15
VOLKSWAGEN_ATLAS_MK1,driver_065,route_012,2,15
VOLKSWAGEN_ATLAS_MK1,driver_065,route_012,3,15
VOLKSWAGEN_ATLAS_MK1,driver_065,route_012,4,15
VOLKSWAGEN_ATLAS_MK1,driver_065,route_012,5,15
VOLKSWAGEN_ATLAS_MK1,driver_065,route_012,6,15
VOLKSWAGEN_ATLAS_MK1,driver_065,route_013,0,15
VOLKSWAGEN_ATLAS_MK1,driver_065,route_013,1,15
VOLKSWAGEN_ATLAS_MK1,driver_065,route_013,2,15
VOLKSWAGEN_ATLAS_MK1,driver_065,route_013,3,15
VOLKSWAGEN_ATLAS_MK1,driver_065,route_013,4,15
VOLKSWAGEN_ATLAS_MK1,driver_065,route_013,5,15
VOLKSWAGEN_ATLAS_MK1,driver_065,route_013,6,15
VOLKSWAGEN_ATLAS_MK1,driver_208,route_001,0,15
VOLKSWAGEN_ATLAS_MK1,driver_208,route_001,1,15
VOLKSWAGEN_ATLAS_MK1,driver_208,route_001,2,15
VOLKSWAGEN_ATLAS_MK1,driver_208,route_001,3,15
VOLKSWAGEN_ATLAS_MK1,driver_208,route_001,4,15
VOLKSWAGEN_ATLAS_MK1,driver_208,route_001,5,15
VOLKSWAGEN_ATLAS_MK1,driver_208,route_001,6,15
VOLKSWAGEN_ATLAS_MK1,driver_208,route_001,7,15
VOLKSWAGEN_ATLAS_MK1,driver_208,route_001,8,15
VOLKSWAGEN_ATLAS_MK1,driver_208,route_001,9,15
VOLKSWAGEN_ATLAS_MK1,driver_208,route_001,10,15
VOLKSWAGEN_ATLAS_MK1,driver_208,route_001,11,15
VOLKSWAGEN_ATLAS_MK1,driver_208,route_001,12,15
VOLKSWAGEN_ATLAS_MK1,driver_208,route_001,13,15
VOLKSWAGEN_ATLAS_MK1,driver_208,route_001,14,15
VOLKSWAGEN_ATLAS_MK1,driver_208,route_001,15,15
VOLKSWAGEN_ATLAS_MK1,driver_208,route_002,0,15
VOLKSWAGEN_ATLAS_MK1,driver_208,route_002,1,15
VOLKSWAGEN_ATLAS_MK1,driver_208,route_002,2,15
VOLKSWAGEN_ATLAS_MK1,driver_208,route_002,3,15
VOLKSWAGEN_ATLAS_MK1,driver_208,route_002,4,15
VOLKSWAGEN_CADDY_3RD-GEN,driver_327,route_001,0,15
VOLKSWAGEN_CADDY_3RD-GEN,driver_327,route_001,1,15
VOLKSWAGEN_CADDY_3RD-GEN,driver_327,route_002,0,15
VOLKSWAGEN_CADDY_3RD-GEN,driver_327,route_002,1,15
VOLKSWAGEN_CADDY_3RD-GEN,driver_327,route_002,2,15
VOLKSWAGEN_CADDY_3RD-GEN,driver_327,route_002,3,15
VOLKSWAGEN_CADDY_3RD-GEN,driver_327,route_002,4,15
VOLKSWAGEN_CADDY_3RD-GEN,driver_327,route_002,5,15
VOLKSWAGEN_CADDY_3RD-GEN,driver_327,route_002,6,15
VOLKSWAGEN_CADDY_3RD-GEN,driver_327,route_003,0,15
VOLKSWAGEN_CADDY_3RD-GEN,driver_327,route_003,1,15
VOLKSWAGEN_CADDY_3RD-GEN,driver_327,route_003,2,15
VOLKSWAGEN_GOLF_MK7,driver_006,route_001,0,15
VOLKSWAGEN_GOLF_MK7,driver_006,route_002,0,15
VOLKSWAGEN_GOLF_MK7,driver_006,route_002,1,15
VOLKSWAGEN_GOLF_MK7,driver_006,route_002,2,15
VOLKSWAGEN_GOLF_MK7,driver_006,route_002,3,15
VOLKSWAGEN_GOLF_MK7,driver_006,route_002,4,15
VOLKSWAGEN_GOLF_MK7,driver_006,route_002,5,15
VOLKSWAGEN_GOLF_MK7,driver_006,route_002,6,10
VOLKSWAGEN_GOLF_MK7,driver_006,route_003,0,15
VOLKSWAGEN_GOLF_MK7,driver_006,route_003,1,15
VOLKSWAGEN_GOLF_MK7,driver_006,route_004,0,15
VOLKSWAGEN_GOLF_MK7,driver_038,route_001,0,15
VOLKSWAGEN_GOLF_MK7,driver_038,route_001,1,15
VOLKSWAGEN_GOLF_MK7,driver_038,route_001,2,15
VOLKSWAGEN_GOLF_MK7,driver_038,route_001,3,15
VOLKSWAGEN_GOLF_MK7,driver_038,route_001,4,10
VOLKSWAGEN_GOLF_MK7,driver_038,route_002,0,15
VOLKSWAGEN_GOLF_MK7,driver_038,route_002,1,15
VOLKSWAGEN_GOLF_MK7,driver_038,route_002,2,15
VOLKSWAGEN_GOLF_MK7,driver_038,route_002,3,15
VOLKSWAGEN_GOLF_MK7,driver_038,route_002,4,15
VOLKSWAGEN_GOLF_MK7,driver_038,route_002,5,15
VOLKSWAGEN_GOLF_MK7,driver_038,route_002,6,15
VOLKSWAGEN_GOLF_MK7,driver_038,route_002,7,15
VOLKSWAGEN_GOLF_MK7,driver_038,route_002,8,15
VOLKSWAGEN_GOLF_MK7,driver_038,route_002,9,15
VOLKSWAGEN_GOLF_MK7,driver_038,route_002,10,15
VOLKSWAGEN_GOLF_MK7,driver_038,route_002,11,15
VOLKSWAGEN_GOLF_MK7,driver_038,route_002,12,15
VOLKSWAGEN_GOLF_MK7,driver_038,route_002,13,15
VOLKSWAGEN_GOLF_MK7,driver_038,route_003,0,15
VOLKSWAGEN_GOLF_MK7,driver_038,route_004,0,15
VOLKSWAGEN_GOLF_MK7,driver_038,route_004,1,15
VOLKSWAGEN_GOLF_MK7,driver_038,route_004,2,15
VOLKSWAGEN_GOLF_MK7,driver_038,route_005,0,15
VOLKSWAGEN_GOLF_MK7,driver_038,route_005,1,15
VOLKSWAGEN_GOLF_MK7,driver_038,route_006,0,10
VOLKSWAGEN_GOLF_MK7,driver_038,route_006,1,10
VOLKSWAGEN_GOLF_MK7,driver_038,route_007,0,15
VOLKSWAGEN_GOLF_MK7,driver_038,route_007,1,15
VOLKSWAGEN_GOLF_MK7,driver_038,route_007,2,15
VOLKSWAGEN_GOLF_MK7,driver_038,route_007,3,15
VOLKSWAGEN_GOLF_MK7,driver_038,route_007,4,15
VOLKSWAGEN_GOLF_MK7,driver_038,route_007,5,15
VOLKSWAGEN_GOLF_MK7,driver_038,route_007,6,15
VOLKSWAGEN_GOLF_MK7,driver_038,route_007,7,15
VOLKSWAGEN_GOLF_MK7,driver_038,route_007,8,15
VOLKSWAGEN_GOLF_MK7,driver_038,route_007,9,15
VOLKSWAGEN_GOLF_MK7,driver_038,route_007,10,15
VOLKSWAGEN_GOLF_MK7,driver_038,route_007,11,15
VOLKSWAGEN_GOLF_MK7,driver_038,route_007,12,15
VOLKSWAGEN_GOLF_MK7,driver_038,route_007,13,15
VOLKSWAGEN_GOLF_MK7,driver_038,route_007,14,15
VOLKSWAGEN_GOLF_MK7,driver_038,route_007,15,15
VOLKSWAGEN_GOLF_MK7,driver_038,route_007,16,15
VOLKSWAGEN_GOLF_MK7,driver_038,route_007,17,15
VOLKSWAGEN_GOLF_MK7,driver_038,route_007,18,15
VOLKSWAGEN_GOLF_MK7,driver_038,route_007,19,15
VOLKSWAGEN_GOLF_MK7,driver_038,route_007,20,15
VOLKSWAGEN_GOLF_MK7,driver_038,route_007,21,15
VOLKSWAGEN_GOLF_MK7,driver_038,route_007,22,15
VOLKSWAGEN_GOLF_MK7,driver_038,route_007,23,15
VOLKSWAGEN_GOLF_MK7,driver_038,route_007,24,15
VOLKSWAGEN_GOLF_MK7,driver_038,route_007,25,15
VOLKSWAGEN_GOLF_MK7,driver_038,route_007,26,15
VOLKSWAGEN_GOLF_MK7,driver_038,route_007,27,15
VOLKSWAGEN_GOLF_MK7,driver_038,route_007,28,15
VOLKSWAGEN_GOLF_MK7,driver_038,route_007,29,15
VOLKSWAGEN_GOLF_MK7,driver_038,route_007,30,15
VOLKSWAGEN_GOLF_MK7,driver_038,route_007,31,15
VOLKSWAGEN_GOLF_MK7,driver_038,route_007,32,15
VOLKSWAGEN_GOLF_MK7,driver_038,route_007,33,15
VOLKSWAGEN_GOLF_MK7,driver_038,route_007,34,15
VOLKSWAGEN_GOLF_MK7,driver_038,route_007,35,15
VOLKSWAGEN_GOLF_MK7,driver_038,route_007,36,15
VOLKSWAGEN_GOLF_MK7,driver_038,route_007,37,15
VOLKSWAGEN_GOLF_MK7,driver_038,route_007,38,15
VOLKSWAGEN_GOLF_MK7,driver_038,route_008,0,15
VOLKSWAGEN_GOLF_MK7,driver_038,route_009,0,15
VOLKSWAGEN_GOLF_MK7,driver_038,route_009,1,15
VOLKSWAGEN_GOLF_MK7,driver_038,route_009,2,15
VOLKSWAGEN_GOLF_MK7,driver_038,route_010,0,15
VOLKSWAGEN_GOLF_MK7,driver_038,route_011,0,15
VOLKSWAGEN_GOLF_MK7,driver_038,route_012,0,15
VOLKSWAGEN_GOLF_MK7,driver_038,route_013,0,15
VOLKSWAGEN_GOLF_MK7,driver_038,route_014,0,15
VOLKSWAGEN_GOLF_MK7,driver_038,route_014,1,15
VOLKSWAGEN_GOLF_MK7,driver_038,route_014,2,15
VOLKSWAGEN_GOLF_MK7,driver_038,route_014,3,15
VOLKSWAGEN_GOLF_MK7,driver_038,route_014,4,15
VOLKSWAGEN_GOLF_MK7,driver_038,route_014,5,15
VOLKSWAGEN_GOLF_MK7,driver_038,route_014,6,15
VOLKSWAGEN_GOLF_MK7,driver_038,route_014,7,10
VOLKSWAGEN_GOLF_MK7,driver_038,route_014,8,10
VOLKSWAGEN_GOLF_MK7,driver_038,route_015,0,10
VOLKSWAGEN_GOLF_MK7,driver_038,route_015,1,10
VOLKSWAGEN_GOLF_MK7,driver_038,route_015,2,10
VOLKSWAGEN_GOLF_MK7,driver_038,route_015,3,10
VOLKSWAGEN_GOLF_MK7,driver_038,route_015,4,10
VOLKSWAGEN_GOLF_MK7,driver_038,route_015,5,10
VOLKSWAGEN_GOLF_MK7,driver_038,route_015,6,10
VOLKSWAGEN_GOLF_MK7,driver_038,route_015,7,10
VOLKSWAGEN_GOLF_MK7,driver_038,route_015,8,10
VOLKSWAGEN_GOLF_MK7,driver_038,route_015,9,10
VOLKSWAGEN_GOLF_MK7,driver_038,route_016,0,15
VOLKSWAGEN_GOLF_MK7,driver_038,route_017,0,15
VOLKSWAGEN_GOLF_MK7,driver_038,route_017,1,10
VOLKSWAGEN_GOLF_MK7,driver_038,route_017,2,10
VOLKSWAGEN_GOLF_MK7,driver_038,route_018,0,15
VOLKSWAGEN_GOLF_MK7,driver_038,route_018,1,15
VOLKSWAGEN_GOLF_MK7,driver_038,route_018,2,15
VOLKSWAGEN_GOLF_MK7,driver_038,route_018,3,15
VOLKSWAGEN_GOLF_MK7,driver_038,route_018,4,15
VOLKSWAGEN_GOLF_MK7,driver_038,route_018,5,15
VOLKSWAGEN_GOLF_MK7,driver_038,route_018,6,15
VOLKSWAGEN_GOLF_MK7,driver_038,route_018,7,15
VOLKSWAGEN_GOLF_MK7,driver_038,route_018,8,15
VOLKSWAGEN_GOLF_MK7,driver_038,route_018,9,15
VOLKSWAGEN_GOLF_MK7,driver_038,route_018,10,15
VOLKSWAGEN_GOLF_MK7,driver_038,route_018,11,15
VOLKSWAGEN_GOLF_MK7,driver_038,route_018,12,15
VOLKSWAGEN_GOLF_MK7,driver_038,route_018,13,15
VOLKSWAGEN_GOLF_MK7,driver_038,route_018,14,15
VOLKSWAGEN_GOLF_MK7,driver_038,route_018,15,15
VOLKSWAGEN_GOLF_MK7,driver_038,route_018,16,15
VOLKSWAGEN_GOLF_MK7,driver_038,route_019,0,10
VOLKSWAGEN_GOLF_MK7,driver_038,route_019,1,10
VOLKSWAGEN_GOLF_MK7,driver_038,route_019,2,10
VOLKSWAGEN_GOLF_MK7,driver_038,route_019,3,10
VOLKSWAGEN_GOLF_MK7,driver_038,route_019,4,10
VOLKSWAGEN_GOLF_MK7,driver_038,route_019,5,10
VOLKSWAGEN_GOLF_MK7,driver_038,route_019,6,10
VOLKSWAGEN_GOLF_MK7,driver_038,route_019,7,10
VOLKSWAGEN_GOLF_MK7,driver_038,route_019,8,10
VOLKSWAGEN_GOLF_MK7,driver_038,route_019,9,10
VOLKSWAGEN_GOLF_MK7,driver_038,route_019,10,10
VOLKSWAGEN_GOLF_MK7,driver_038,route_019,11,10
VOLKSWAGEN_GOLF_MK7,driver_038,route_019,12,10
VOLKSWAGEN_GOLF_MK7,driver_038,route_020,0,15
VOLKSWAGEN_GOLF_MK7,driver_038,route_020,1,15
VOLKSWAGEN_GOLF_MK7,driver_038,route_020,2,15
VOLKSWAGEN_GOLF_MK7,driver_038,route_020,3,15
VOLKSWAGEN_GOLF_MK7,driver_038,route_020,4,15
VOLKSWAGEN_GOLF_MK7,driver_038,route_020,5,15
VOLKSWAGEN_GOLF_MK7,driver_038,route_020,6,15
VOLKSWAGEN_GOLF_MK7,driver_038,route_020,7,15
VOLKSWAGEN_GOLF_MK7,driver_038,route_020,8,15
VOLKSWAGEN_GOLF_MK7,driver_038,route_020,9,15
VOLKSWAGEN_GOLF_MK7,driver_038,route_020,10,15
VOLKSWAGEN_GOLF_MK7,driver_038,route_020,11,15
VOLKSWAGEN_GOLF_MK7,driver_038,route_020,12,15
VOLKSWAGEN_GOLF_MK7,driver_038,route_020,13,15
VOLKSWAGEN_GOLF_MK7,driver_038,route_020,14,15
VOLKSWAGEN_GOLF_MK7,driver_038,route_020,15,15
VOLKSWAGEN_GOLF_MK7,driver_038,route_020,16,15
VOLKSWAGEN_GOLF_MK7,driver_038,route_020,17,15
VOLKSWAGEN_GOLF_MK7,driver_038,route_020,18,15
VOLKSWAGEN_GOLF_MK7,driver_038,route_020,19,15
VOLKSWAGEN_GOLF_MK7,driver_038,route_020,20,15
VOLKSWAGEN_GOLF_MK7,driver_038,route_020,21,15
VOLKSWAGEN_GOLF_MK7,driver_038,route_020,22,10
VOLKSWAGEN_GOLF_MK7,driver_038,route_020,23,10
VOLKSWAGEN_GOLF_MK7,driver_038,route_021,0,15
VOLKSWAGEN_GOLF_MK7,driver_038,route_021,1,15
VOLKSWAGEN_GOLF_MK7,driver_038,route_021,2,15
VOLKSWAGEN_GOLF_MK7,driver_038,route_021,3,15
VOLKSWAGEN_GOLF_MK7,driver_038,route_021,4,15
VOLKSWAGEN_GOLF_MK7,driver_038,route_021,5,15
VOLKSWAGEN_GOLF_MK7,driver_038,route_021,6,15
VOLKSWAGEN_GOLF_MK7,driver_038,route_021,7,10
VOLKSWAGEN_GOLF_MK7,driver_038,route_022,0,15
VOLKSWAGEN_GOLF_MK7,driver_038,route_022,1,15
VOLKSWAGEN_GOLF_MK7,driver_038,route_022,2,15
VOLKSWAGEN_GOLF_MK7,driver_038,route_022,3,15
VOLKSWAGEN_GOLF_MK7,driver_038,route_022,4,15
VOLKSWAGEN_GOLF_MK7,driver_038,route_022,5,15
VOLKSWAGEN_GOLF_MK7,driver_038,route_022,6,15
VOLKSWAGEN_GOLF_MK7,driver_038,route_022,7,15
VOLKSWAGEN_GOLF_MK7,driver_038,route_022,8,15
VOLKSWAGEN_GOLF_MK7,driver_038,route_022,9,15
VOLKSWAGEN_GOLF_MK7,driver_038,route_022,10,10
VOLKSWAGEN_GOLF_MK7,driver_038,route_023,0,15
VOLKSWAGEN_GOLF_MK7,driver_038,route_024,0,15
VOLKSWAGEN_GOLF_MK7,driver_038,route_024,1,15
VOLKSWAGEN_GOLF_MK7,driver_038,route_024,2,15
VOLKSWAGEN_GOLF_MK7,driver_038,route_024,3,15
VOLKSWAGEN_GOLF_MK7,driver_038,route_024,4,15
VOLKSWAGEN_GOLF_MK7,driver_038,route_024,5,15
VOLKSWAGEN_GOLF_MK7,driver_038,route_025,0,15
VOLKSWAGEN_GOLF_MK7,driver_038,route_025,1,15
VOLKSWAGEN_GOLF_MK7,driver_038,route_025,2,15
VOLKSWAGEN_GOLF_MK7,driver_038,route_025,3,15
VOLKSWAGEN_GOLF_MK7,driver_038,route_025,4,15
VOLKSWAGEN_GOLF_MK7,driver_038,route_025,5,15
VOLKSWAGEN_GOLF_MK7,driver_038,route_025,6,15
VOLKSWAGEN_GOLF_MK7,driver_038,route_025,7,15
VOLKSWAGEN_GOLF_MK7,driver_038,route_025,8,15
VOLKSWAGEN_GOLF_MK7,driver_304,route_001,0,15
VOLKSWAGEN_GOLF_MK7,driver_304,route_001,1,15
VOLKSWAGEN_GOLF_MK7,driver_304,route_002,0,15
VOLKSWAGEN_GOLF_MK7,driver_304,route_002,1,15
VOLKSWAGEN_GOLF_MK7,driver_304,route_002,2,15
VOLKSWAGEN_GOLF_MK7,driver_304,route_002,3,15
VOLKSWAGEN_GOLF_MK7,driver_304,route_002,4,15
VOLKSWAGEN_GOLF_MK7,driver_304,route_003,0,15
VOLKSWAGEN_GOLF_MK7,driver_304,route_003,1,15
VOLKSWAGEN_GOLF_MK7,driver_304,route_003,2,15
VOLKSWAGEN_GOLF_MK7,driver_304,route_003,3,15
VOLKSWAGEN_ID4_MK1,driver_160,route_001,0,15
VOLKSWAGEN_ID4_MK1,driver_160,route_001,1,15
VOLKSWAGEN_ID4_MK1,driver_160,route_001,2,15
VOLKSWAGEN_ID4_MK1,driver_320,route_001,0,15
VOLKSWAGEN_ID4_MK1,driver_320,route_001,1,15
VOLKSWAGEN_ID4_MK1,driver_320,route_001,2,15
VOLKSWAGEN_ID4_MK1,driver_320,route_001,3,15
VOLKSWAGEN_ID4_MK1,driver_320,route_001,4,15
VOLKSWAGEN_ID4_MK1,driver_320,route_001,5,15
VOLKSWAGEN_ID4_MK1,driver_320,route_002,0,15
VOLKSWAGEN_ID4_MK1,driver_320,route_003,0,15
VOLKSWAGEN_ID4_MK1,driver_320,route_003,1,15
VOLKSWAGEN_ID4_MK1,driver_320,route_003,2,15
VOLKSWAGEN_ID4_MK1,driver_320,route_003,3,15
VOLKSWAGEN_ID4_MK1,driver_320,route_003,4,15
VOLKSWAGEN_ID4_MK1,driver_320,route_004,0,15
VOLKSWAGEN_ID4_MK1,driver_320,route_004,1,15
VOLKSWAGEN_ID4_MK1,driver_320,route_004,2,15
VOLKSWAGEN_ID4_MK1,driver_320,route_004,3,15
VOLKSWAGEN_ID4_MK1,driver_320,route_004,4,15
VOLKSWAGEN_ID4_MK1,driver_320,route_004,5,15
VOLKSWAGEN_ID4_MK1,driver_320,route_004,6,15
VOLKSWAGEN_ID4_MK1,driver_320,route_004,7,15
VOLKSWAGEN_ID4_MK1,driver_320,route_004,8,15
VOLKSWAGEN_ID4_MK1,driver_320,route_005,0,15
VOLKSWAGEN_ID4_MK1,driver_320,route_005,1,15
VOLKSWAGEN_ID4_MK1,driver_320,route_005,2,15
VOLKSWAGEN_ID4_MK1,driver_320,route_005,3,15
VOLKSWAGEN_ID4_MK1,driver_320,route_005,4,15
VOLKSWAGEN_ID4_MK1,driver_320,route_005,5,15
VOLKSWAGEN_ID4_MK1,driver_320,route_005,6,15
VOLKSWAGEN_ID4_MK1,driver_320,route_005,7,15
VOLKSWAGEN_ID4_MK1,driver_320,route_006,0,15
VOLKSWAGEN_ID4_MK1,driver_320,route_006,1,15
VOLKSWAGEN_ID4_MK1,driver_320,route_006,2,15
VOLKSWAGEN_ID4_MK1,driver_320,route_006,3,15
VOLKSWAGEN_ID4_MK1,driver_320,route_006,4,15
VOLKSWAGEN_ID4_MK1,driver_320,route_006,5,15
VOLKSWAGEN_ID4_MK1,driver_320,route_006,6,15
VOLKSWAGEN_ID4_MK1,driver_320,route_007,0,15
VOLKSWAGEN_ID4_MK1,driver_320,route_007,1,15
VOLKSWAGEN_ID4_MK1,driver_320,route_007,2,15
VOLKSWAGEN_ID4_MK1,driver_320,route_007,3,15
VOLKSWAGEN_ID4_MK1,driver_320,route_007,4,15
VOLKSWAGEN_ID4_MK1,driver_320,route_007,5,15
VOLKSWAGEN_ID4_MK1,driver_320,route_007,6,15
VOLKSWAGEN_ID4_MK1,driver_320,route_008,0,15
VOLKSWAGEN_ID4_MK1,driver_320,route_008,1,15
VOLKSWAGEN_ID4_MK1,driver_320,route_008,2,15
VOLKSWAGEN_ID4_MK1,driver_320,route_008,3,15
VOLKSWAGEN_ID4_MK1,driver_320,route_009,0,15
VOLKSWAGEN_ID4_MK1,driver_320,route_009,1,15
VOLKSWAGEN_ID4_MK1,driver_320,route_010,0,15
VOLKSWAGEN_ID4_MK1,driver_320,route_011,0,15
VOLKSWAGEN_ID4_MK1,driver_320,route_011,1,15
VOLKSWAGEN_ID4_MK1,driver_320,route_011,2,15
VOLKSWAGEN_ID4_MK1,driver_320,route_012,0,15
VOLKSWAGEN_ID4_MK1,driver_320,route_012,1,15
VOLKSWAGEN_ID4_MK1,driver_320,route_012,2,15
VOLKSWAGEN_ID4_MK1,driver_320,route_012,3,15
VOLKSWAGEN_ID4_MK2,driver_106,route_001,0,15
VOLKSWAGEN_ID4_MK2,driver_106,route_002,0,15
VOLKSWAGEN_ID4_MK2,driver_106,route_003,0,15
VOLKSWAGEN_ID4_MK2,driver_106,route_003,1,15
VOLKSWAGEN_ID4_MK2,driver_106,route_003,2,15
VOLKSWAGEN_ID4_MK2,driver_106,route_004,0,15
VOLKSWAGEN_JETTA_MK6,driver_211,route_001,0,15
VOLKSWAGEN_JETTA_MK6,driver_211,route_001,1,15
VOLKSWAGEN_JETTA_MK6,driver_211,route_001,2,15
VOLKSWAGEN_JETTA_MK6,driver_211,route_001,3,15
VOLKSWAGEN_JETTA_MK6,driver_211,route_001,4,15
VOLKSWAGEN_JETTA_MK6,driver_211,route_001,5,15
VOLKSWAGEN_JETTA_MK6,driver_211,route_001,6,15
VOLKSWAGEN_JETTA_MK6,driver_211,route_001,7,15
VOLKSWAGEN_JETTA_MK6,driver_211,route_001,8,15
VOLKSWAGEN_JETTA_MK6,driver_211,route_001,9,15
VOLKSWAGEN_JETTA_MK6,driver_211,route_001,10,15
VOLKSWAGEN_JETTA_MK6,driver_211,route_001,11,15
VOLKSWAGEN_JETTA_MK6,driver_211,route_001,12,15
VOLKSWAGEN_JETTA_MK6,driver_211,route_001,13,15
VOLKSWAGEN_JETTA_MK6,driver_211,route_001,14,15
VOLKSWAGEN_JETTA_MK6,driver_211,route_001,15,15
VOLKSWAGEN_JETTA_MK6,driver_211,route_001,16,10
VOLKSWAGEN_JETTA_MK6,driver_211,route_001,17,10
VOLKSWAGEN_JETTA_MK6,driver_211,route_001,18,10
VOLKSWAGEN_JETTA_MK7,driver_217,route_001,0,15
VOLKSWAGEN_JETTA_MK7,driver_217,route_001,1,15
VOLKSWAGEN_JETTA_MK7,driver_217,route_001,2,15
VOLKSWAGEN_JETTA_MK7,driver_217,route_001,3,15
VOLKSWAGEN_JETTA_MK7,driver_217,route_002,0,10
VOLKSWAGEN_JETTA_MK7,driver_217,route_002,1,10
VOLKSWAGEN_JETTA_MK7,driver_217,route_002,2,10
VOLKSWAGEN_JETTA_MK7,driver_217,route_002,3,10
VOLKSWAGEN_JETTA_MK7,driver_217,route_002,4,10
VOLKSWAGEN_JETTA_MK7,driver_217,route_002,5,10
VOLKSWAGEN_JETTA_MK7,driver_217,route_002,6,10
VOLKSWAGEN_JETTA_MK7,driver_217,route_002,7,10
VOLKSWAGEN_JETTA_MK7,driver_217,route_002,8,10
VOLKSWAGEN_JETTA_MK7,driver_217,route_003,0,15
VOLKSWAGEN_JETTA_MK7,driver_217,route_003,1,15
VOLKSWAGEN_JETTA_MK7,driver_217,route_003,2,15
VOLKSWAGEN_JETTA_MK7,driver_217,route_003,3,15
VOLKSWAGEN_JETTA_MK7,driver_217,route_003,4,15
VOLKSWAGEN_JETTA_MK7,driver_217,route_003,5,15
VOLKSWAGEN_JETTA_MK7,driver_217,route_003,6,15
VOLKSWAGEN_JETTA_MK7,driver_217,route_003,7,15
VOLKSWAGEN_JETTA_MK7,driver_217,route_003,8,15
VOLKSWAGEN_JETTA_MK7,driver_217,route_003,9,10
VOLKSWAGEN_JETTA_MK7,driver_217,route_003,10,10
VOLKSWAGEN_JETTA_MK7,driver_217,route_003,11,10
VOLKSWAGEN_JETTA_MK7,driver_217,route_004,0,15
VOLKSWAGEN_JETTA_MK7,driver_217,route_004,1,15
VOLKSWAGEN_JETTA_MK7,driver_217,route_004,2,15
VOLKSWAGEN_JETTA_MK7,driver_217,route_004,3,15
VOLKSWAGEN_JETTA_MK7,driver_217,route_004,4,15
VOLKSWAGEN_JETTA_MK7,driver_217,route_004,5,15
VOLKSWAGEN_JETTA_MK7,driver_217,route_004,6,15
VOLKSWAGEN_JETTA_MK7,driver_217,route_005,0,10
VOLKSWAGEN_JETTA_MK7,driver_217,route_005,1,10
VOLKSWAGEN_JETTA_MK7,driver_217,route_005,2,10
VOLKSWAGEN_JETTA_MK7,driver_217,route_005,3,10
VOLKSWAGEN_JETTA_MK7,driver_217,route_005,4,10
VOLKSWAGEN_JETTA_MK7,driver_217,route_005,5,10
VOLKSWAGEN_JETTA_MK7,driver_217,route_005,6,10
VOLKSWAGEN_JETTA_MK7,driver_217,route_005,7,10
VOLKSWAGEN_JETTA_MK7,driver_217,route_005,8,10
VOLKSWAGEN_JETTA_MK7,driver_217,route_005,9,10
VOLKSWAGEN_JETTA_MK7,driver_217,route_005,10,10
VOLKSWAGEN_JETTA_MK7,driver_217,route_005,11,10
VOLKSWAGEN_JETTA_MK7,driver_217,route_005,12,10
VOLKSWAGEN_JETTA_MK7,driver_217,route_005,13,10
VOLKSWAGEN_JETTA_MK7,driver_217,route_005,14,10
VOLKSWAGEN_JETTA_MK7,driver_217,route_005,15,10
VOLKSWAGEN_JETTA_MK7,driver_217,route_005,16,10
VOLKSWAGEN_JETTA_MK7,driver_217,route_005,17,10
VOLKSWAGEN_JETTA_MK7,driver_217,route_005,18,10
VOLKSWAGEN_JETTA_MK7,driver_217,route_005,19,10
VOLKSWAGEN_JETTA_MK7,driver_217,route_005,20,10
VOLKSWAGEN_JETTA_MK7,driver_217,route_005,21,10
VOLKSWAGEN_JETTA_MK7,driver_217,route_005,22,10
VOLKSWAGEN_JETTA_MK7,driver_217,route_005,23,10
VOLKSWAGEN_JETTA_MK7,driver_217,route_005,24,10
VOLKSWAGEN_JETTA_MK7,driver_217,route_005,25,10
VOLKSWAGEN_JETTA_MK7,driver_217,route_005,26,10
VOLKSWAGEN_JETTA_MK7,driver_217,route_005,27,10
VOLKSWAGEN_JETTA_MK7,driver_217,route_005,28,10
VOLKSWAGEN_JETTA_MK7,driver_217,route_005,29,10
VOLKSWAGEN_JETTA_MK7,driver_217,route_005,30,10
VOLKSWAGEN_JETTA_MK7,driver_217,route_005,31,10
VOLKSWAGEN_JETTA_MK7,driver_217,route_005,32,10
VOLKSWAGEN_JETTA_MK7,driver_217,route_005,33,10
VOLKSWAGEN_JETTA_MK7,driver_217,route_005,34,10
VOLKSWAGEN_JETTA_MK7,driver_217,route_005,35,10
VOLKSWAGEN_JETTA_MK7,driver_217,route_005,36,10
VOLKSWAGEN_JETTA_MK7,driver_217,route_005,37,10
VOLKSWAGEN_JETTA_MK7,driver_217,route_005,38,10
VOLKSWAGEN_JETTA_MK7,driver_217,route_005,39,10
VOLKSWAGEN_JETTA_MK7,driver_217,route_005,40,10
VOLKSWAGEN_JETTA_MK7,driver_217,route_005,41,10
VOLKSWAGEN_JETTA_MK7,driver_217,route_005,42,10
VOLKSWAGEN_JETTA_MK7,driver_217,route_005,43,10
VOLKSWAGEN_JETTA_MK7,driver_217,route_005,44,10
VOLKSWAGEN_JETTA_MK7,driver_217,route_005,45,10
VOLKSWAGEN_JETTA_MK7,driver_217,route_005,46,10
VOLKSWAGEN_JETTA_MK7,driver_217,route_005,47,10
VOLKSWAGEN_JETTA_MK7,driver_217,route_005,48,10
VOLKSWAGEN_JETTA_MK7,driver_217,route_005,49,10
VOLKSWAGEN_JETTA_MK7,driver_217,route_005,50,10
VOLKSWAGEN_JETTA_MK7,driver_217,route_005,51,10
VOLKSWAGEN_JETTA_MK7,driver_217,route_005,52,10
VOLKSWAGEN_JETTA_MK7,driver_217,route_005,53,10
VOLKSWAGEN_JETTA_MK7,driver_217,route_005,54,10
VOLKSWAGEN_JETTA_MK7,driver_217,route_005,55,10
VOLKSWAGEN_JETTA_MK7,driver_217,route_005,56,10
VOLKSWAGEN_JETTA_MK7,driver_217,route_006,0,10
VOLKSWAGEN_JETTA_MK7,driver_217,route_006,1,10
VOLKSWAGEN_JETTA_MK7,driver_217,route_007,0,15
VOLKSWAGEN_JETTA_MK7,driver_217,route_007,1,15
VOLKSWAGEN_JETTA_MK7,driver_217,route_007,2,15
VOLKSWAGEN_JETTA_MK7,driver_217,route_007,3,15
VOLKSWAGEN_JETTA_MK7,driver_217,route_007,4,15
VOLKSWAGEN_JETTA_MK7,driver_217,route_007,5,15
VOLKSWAGEN_JETTA_MK7,driver_217,route_007,6,15
VOLKSWAGEN_JETTA_MK7,driver_217,route_007,7,15
VOLKSWAGEN_JETTA_MK7,driver_217,route_007,8,15
VOLKSWAGEN_JETTA_MK7,driver_217,route_007,9,15
VOLKSWAGEN_JETTA_MK7,driver_217,route_007,10,15
VOLKSWAGEN_JETTA_MK7,driver_217,route_007,11,15
VOLKSWAGEN_JETTA_MK7,driver_217,route_007,12,15
VOLKSWAGEN_JETTA_MK7,driver_217,route_008,0,15
VOLKSWAGEN_JETTA_MK7,driver_217,route_008,1,15
VOLKSWAGEN_JETTA_MK7,driver_217,route_009,0,15
VOLKSWAGEN_JETTA_MK7,driver_217,route_009,1,15
VOLKSWAGEN_JETTA_MK7,driver_217,route_009,2,15
VOLKSWAGEN_JETTA_MK7,driver_217,route_009,3,15
VOLKSWAGEN_JETTA_MK7,driver_217,route_009,4,15
VOLKSWAGEN_JETTA_MK7,driver_217,route_009,5,15
VOLKSWAGEN_JETTA_MK7,driver_217,route_009,6,15
VOLKSWAGEN_JETTA_MK7,driver_217,route_009,7,15
VOLKSWAGEN_JETTA_MK7,driver_217,route_009,8,15
VOLKSWAGEN_JETTA_MK7,driver_217,route_009,9,15
VOLKSWAGEN_JETTA_MK7,driver_217,route_009,10,15
VOLKSWAGEN_JETTA_MK7,driver_217,route_009,11,15
VOLKSWAGEN_JETTA_MK7,driver_217,route_009,12,15
VOLKSWAGEN_JETTA_MK7,driver_217,route_009,13,15
VOLKSWAGEN_JETTA_MK7,driver_217,route_009,14,15
VOLKSWAGEN_JETTA_MK7,driver_217,route_009,15,15
VOLKSWAGEN_JETTA_MK7,driver_217,route_009,16,15
VOLKSWAGEN_JETTA_MK7,driver_217,route_009,17,15
VOLKSWAGEN_JETTA_MK7,driver_217,route_009,18,15
VOLKSWAGEN_JETTA_MK7,driver_217,route_009,19,15
VOLKSWAGEN_JETTA_MK7,driver_217,route_009,20,15
VOLKSWAGEN_JETTA_MK7,driver_217,route_009,21,15
VOLKSWAGEN_JETTA_MK7,driver_217,route_009,22,15
VOLKSWAGEN_JETTA_MK7,driver_217,route_009,23,15
VOLKSWAGEN_JETTA_MK7,driver_217,route_009,24,15
VOLKSWAGEN_JETTA_MK7,driver_217,route_009,25,15
VOLKSWAGEN_JETTA_MK7,driver_217,route_009,26,15
VOLKSWAGEN_JETTA_MK7,driver_217,route_009,27,15
VOLKSWAGEN_JETTA_MK7,driver_217,route_009,28,15
VOLKSWAGEN_JETTA_MK7,driver_217,route_009,29,15
VOLKSWAGEN_JETTA_MK7,driver_217,route_009,30,15
VOLKSWAGEN_JETTA_MK7,driver_217,route_009,31,15
VOLKSWAGEN_JETTA_MK7,driver_217,route_009,32,15
VOLKSWAGEN_JETTA_MK7,driver_217,route_009,33,15
VOLKSWAGEN_JETTA_MK7,driver_217,route_009,34,15
VOLKSWAGEN_JETTA_MK7,driver_217,route_009,35,15
VOLKSWAGEN_JETTA_MK7,driver_217,route_009,36,15
VOLKSWAGEN_JETTA_MK7,driver_217,route_010,0,15
VOLKSWAGEN_JETTA_MK7,driver_217,route_010,1,15
VOLKSWAGEN_JETTA_MK7,driver_217,route_010,2,15
VOLKSWAGEN_JETTA_MK7,driver_217,route_010,3,15
VOLKSWAGEN_JETTA_MK7,driver_217,route_010,4,15
VOLKSWAGEN_JETTA_MK7,driver_217,route_010,5,15
VOLKSWAGEN_JETTA_MK7,driver_217,route_010,6,15
VOLKSWAGEN_JETTA_MK7,driver_217,route_010,7,15
VOLKSWAGEN_JETTA_MK7,driver_217,route_011,0,15
VOLKSWAGEN_JETTA_MK7,driver_217,route_011,1,15
VOLKSWAGEN_JETTA_MK7,driver_217,route_011,2,15
VOLKSWAGEN_JETTA_MK7,driver_217,route_011,3,15
VOLKSWAGEN_JETTA_MK7,driver_217,route_011,4,15
VOLKSWAGEN_JETTA_MK7,driver_217,route_011,5,15
VOLKSWAGEN_JETTA_MK7,driver_217,route_011,6,15
VOLKSWAGEN_JETTA_MK7,driver_217,route_011,7,15
VOLKSWAGEN_JETTA_MK7,driver_217,route_011,8,15
VOLKSWAGEN_JETTA_MK7,driver_217,route_011,9,15
VOLKSWAGEN_JETTA_MK7,driver_217,route_011,10,15
VOLKSWAGEN_JETTA_MK7,driver_217,route_011,11,15
VOLKSWAGEN_JETTA_MK7,driver_217,route_011,12,15
VOLKSWAGEN_JETTA_MK7,driver_217,route_011,13,10
VOLKSWAGEN_JETTA_MK7,driver_217,route_011,14,10
VOLKSWAGEN_JETTA_MK7,driver_217,route_012,0,15
VOLKSWAGEN_JETTA_MK7,driver_217,route_012,1,15
VOLKSWAGEN_JETTA_MK7,driver_217,route_012,2,15
VOLKSWAGEN_JETTA_MK7,driver_217,route_012,3,15
VOLKSWAGEN_JETTA_MK7,driver_217,route_012,4,15
VOLKSWAGEN_JETTA_MK7,driver_217,route_012,5,15
VOLKSWAGEN_JETTA_MK7,driver_217,route_012,6,15
VOLKSWAGEN_JETTA_MK7,driver_217,route_012,7,15
VOLKSWAGEN_JETTA_MK7,driver_217,route_012,8,15
VOLKSWAGEN_JETTA_MK7,driver_217,route_012,9,15
VOLKSWAGEN_JETTA_MK7,driver_217,route_012,10,10
VOLKSWAGEN_JETTA_MK7,driver_217,route_012,11,10
VOLKSWAGEN_JETTA_MK7,driver_217,route_013,0,15
VOLKSWAGEN_JETTA_MK7,driver_217,route_013,1,15
VOLKSWAGEN_JETTA_MK7,driver_217,route_013,2,15
VOLKSWAGEN_JETTA_MK7,driver_217,route_013,3,15
VOLKSWAGEN_JETTA_MK7,driver_217,route_013,4,15
VOLKSWAGEN_JETTA_MK7,driver_217,route_013,5,15
VOLKSWAGEN_JETTA_MK7,driver_217,route_013,6,15
VOLKSWAGEN_JETTA_MK7,driver_217,route_013,7,15
VOLKSWAGEN_JETTA_MK7,driver_217,route_013,8,15
VOLKSWAGEN_JETTA_MK7,driver_217,route_013,9,15
VOLKSWAGEN_JETTA_MK7,driver_217,route_014,0,15
VOLKSWAGEN_JETTA_MK7,driver_217,route_014,1,15
VOLKSWAGEN_JETTA_MK7,driver_217,route_014,2,15
VOLKSWAGEN_JETTA_MK7,driver_217,route_015,0,15
VOLKSWAGEN_JETTA_MK7,driver_217,route_015,1,15
VOLKSWAGEN_JETTA_MK7,driver_217,route_015,2,15
VOLKSWAGEN_JETTA_MK7,driver_217,route_016,0,15
VOLKSWAGEN_JETTA_MK7,driver_217,route_016,1,15
VOLKSWAGEN_JETTA_MK7,driver_217,route_016,2,15
VOLKSWAGEN_JETTA_MK7,driver_217,route_016,3,15
VOLKSWAGEN_JETTA_MK7,driver_217,route_017,0,15
VOLKSWAGEN_JETTA_MK7,driver_217,route_017,1,15
VOLKSWAGEN_JETTA_MK7,driver_217,route_017,2,15
VOLKSWAGEN_JETTA_MK7,driver_217,route_017,3,15
VOLKSWAGEN_JETTA_MK7,driver_217,route_017,4,15
VOLKSWAGEN_JETTA_MK7,driver_217,route_017,5,15
VOLKSWAGEN_JETTA_MK7,driver_217,route_017,6,15
VOLKSWAGEN_JETTA_MK7,driver_217,route_017,7,15
VOLKSWAGEN_JETTA_MK7,driver_217,route_017,8,15
VOLKSWAGEN_JETTA_MK7,driver_217,route_017,9,15
VOLKSWAGEN_JETTA_MK7,driver_217,route_017,10,15
VOLKSWAGEN_JETTA_MK7,driver_217,route_017,11,15
VOLKSWAGEN_JETTA_MK7,driver_217,route_018,0,15
VOLKSWAGEN_JETTA_MK7,driver_217,route_018,1,15
VOLKSWAGEN_JETTA_MK7,driver_217,route_018,2,15
VOLKSWAGEN_JETTA_MK7,driver_217,route_018,3,15
VOLKSWAGEN_JETTA_MK7,driver_217,route_018,4,15
VOLKSWAGEN_JETTA_MK7,driver_217,route_019,0,15
VOLKSWAGEN_JETTA_MK7,driver_217,route_019,1,15
VOLKSWAGEN_JETTA_MK7,driver_217,route_019,2,15
VOLKSWAGEN_JETTA_MK7,driver_217,route_019,3,15
VOLKSWAGEN_JETTA_MK7,driver_217,route_019,4,15
VOLKSWAGEN_JETTA_MK7,driver_217,route_019,5,15
VOLKSWAGEN_JETTA_MK7,driver_217,route_019,6,15
VOLKSWAGEN_JETTA_MK7,driver_217,route_020,0,15
VOLKSWAGEN_JETTA_MK7,driver_217,route_020,1,15
VOLKSWAGEN_JETTA_MK7,driver_217,route_020,2,15
VOLKSWAGEN_JETTA_MK7,driver_217,route_020,3,15
VOLKSWAGEN_JETTA_MK7,driver_217,route_020,4,15
VOLKSWAGEN_JETTA_MK7,driver_217,route_020,5,15
VOLKSWAGEN_JETTA_MK7,driver_217,route_020,6,15
VOLKSWAGEN_JETTA_MK7,driver_217,route_020,7,15
VOLKSWAGEN_JETTA_MK7,driver_217,route_020,8,15
VOLKSWAGEN_JETTA_MK7,driver_217,route_020,9,15
VOLKSWAGEN_JETTA_MK7,driver_217,route_020,10,15
VOLKSWAGEN_JETTA_MK7,driver_217,route_020,11,15
VOLKSWAGEN_JETTA_MK7,driver_217,route_020,12,15
VOLKSWAGEN_JETTA_MK7,driver_217,route_020,13,15
VOLKSWAGEN_JETTA_MK7,driver_217,route_020,14,15
VOLKSWAGEN_JETTA_MK7,driver_217,route_020,15,15
VOLKSWAGEN_JETTA_MK7,driver_217,route_020,16,15
VOLKSWAGEN_JETTA_MK7,driver_217,route_020,17,15
VOLKSWAGEN_JETTA_MK7,driver_217,route_020,18,15
VOLKSWAGEN_JETTA_MK7,driver_217,route_020,19,15
VOLKSWAGEN_JETTA_MK7,driver_217,route_020,20,15
VOLKSWAGEN_JETTA_MK7,driver_217,route_020,21,15
VOLKSWAGEN_JETTA_MK7,driver_217,route_020,22,15
VOLKSWAGEN_JETTA_MK7,driver_217,route_020,23,15
VOLKSWAGEN_JETTA_MK7,driver_217,route_020,24,15
VOLKSWAGEN_JETTA_MK7,driver_217,route_020,25,15
VOLKSWAGEN_JETTA_MK7,driver_217,route_020,26,15
VOLKSWAGEN_JETTA_MK7,driver_217,route_020,27,15
VOLKSWAGEN_JETTA_MK7,driver_217,route_020,28,15
VOLKSWAGEN_JETTA_MK7,driver_217,route_020,29,15
VOLKSWAGEN_JETTA_MK7,driver_217,route_020,30,15
VOLKSWAGEN_JETTA_MK7,driver_217,route_020,31,15
VOLKSWAGEN_JETTA_MK7,driver_217,route_020,32,15
VOLKSWAGEN_JETTA_MK7,driver_217,route_020,33,15
VOLKSWAGEN_JETTA_MK7,driver_217,route_020,34,15
VOLKSWAGEN_JETTA_MK7,driver_217,route_020,35,15
VOLKSWAGEN_JETTA_MK7,driver_217,route_020,36,15
VOLKSWAGEN_JETTA_MK7,driver_217,route_020,37,15
VOLKSWAGEN_JETTA_MK7,driver_217,route_020,38,15
VOLKSWAGEN_JETTA_MK7,driver_217,route_020,39,15
VOLKSWAGEN_JETTA_MK7,driver_217,route_020,40,15
VOLKSWAGEN_JETTA_MK7,driver_217,route_020,41,15
VOLKSWAGEN_JETTA_MK7,driver_217,route_020,42,15
VOLKSWAGEN_JETTA_MK7,driver_217,route_020,43,15
VOLKSWAGEN_JETTA_MK7,driver_217,route_020,44,15
VOLKSWAGEN_JETTA_MK7,driver_217,route_020,45,15
VOLKSWAGEN_JETTA_MK7,driver_217,route_020,46,15
VOLKSWAGEN_JETTA_MK7,driver_217,route_020,47,15
VOLKSWAGEN_JETTA_MK7,driver_217,route_020,48,15
VOLKSWAGEN_JETTA_MK7,driver_217,route_020,49,15
VOLKSWAGEN_JETTA_MK7,driver_217,route_020,50,15
VOLKSWAGEN_JETTA_MK7,driver_217,route_020,51,15
VOLKSWAGEN_JETTA_MK7,driver_217,route_021,0,15
VOLKSWAGEN_JETTA_MK7,driver_217,route_022,0,15
VOLKSWAGEN_JETTA_MK7,driver_217,route_022,1,15
VOLKSWAGEN_JETTA_MK7,driver_217,route_022,2,15
VOLKSWAGEN_JETTA_MK7,driver_217,route_023,0,15
VOLKSWAGEN_JETTA_MK7,driver_217,route_023,1,15
VOLKSWAGEN_JETTA_MK7,driver_217,route_023,2,15
VOLKSWAGEN_JETTA_MK7,driver_217,route_023,3,15
VOLKSWAGEN_JETTA_MK7,driver_217,route_023,4,15
VOLKSWAGEN_JETTA_MK7,driver_217,route_023,5,15
VOLKSWAGEN_JETTA_MK7,driver_217,route_023,6,15
VOLKSWAGEN_JETTA_MK7,driver_217,route_023,7,15
VOLKSWAGEN_JETTA_MK7,driver_217,route_023,8,15
VOLKSWAGEN_JETTA_MK7,driver_217,route_023,9,15
VOLKSWAGEN_JETTA_MK7,driver_217,route_023,10,15
VOLKSWAGEN_JETTA_MK7,driver_217,route_023,11,15
VOLKSWAGEN_JETTA_MK7,driver_217,route_023,12,15
VOLKSWAGEN_PASSAT_MK8,driver_098,route_001,0,15
VOLKSWAGEN_PASSAT_MK8,driver_098,route_001,1,15
VOLKSWAGEN_PASSAT_MK8,driver_098,route_001,2,15
VOLKSWAGEN_PASSAT_MK8,driver_098,route_001,3,15
VOLKSWAGEN_PASSAT_MK8,driver_098,route_001,4,15
VOLKSWAGEN_PASSAT_MK8,driver_098,route_001,5,15
VOLKSWAGEN_PASSAT_MK8,driver_098,route_001,6,15
VOLKSWAGEN_PASSAT_MK8,driver_098,route_001,7,15
VOLKSWAGEN_PASSAT_MK8,driver_098,route_001,8,15
VOLKSWAGEN_PASSAT_MK8,driver_098,route_001,9,15
VOLKSWAGEN_PASSAT_MK8,driver_098,route_001,10,15
VOLKSWAGEN_PASSAT_MK8,driver_098,route_001,11,15
VOLKSWAGEN_PASSAT_MK8,driver_098,route_001,12,15
VOLKSWAGEN_PASSAT_MK8,driver_098,route_001,13,15
VOLKSWAGEN_PASSAT_MK8,driver_098,route_001,14,15
VOLKSWAGEN_PASSAT_MK8,driver_098,route_001,15,15
VOLKSWAGEN_PASSAT_MK8,driver_098,route_001,16,15
VOLKSWAGEN_PASSAT_MK8,driver_098,route_001,17,15
VOLKSWAGEN_PASSAT_MK8,driver_098,route_001,18,15
VOLKSWAGEN_PASSAT_MK8,driver_098,route_001,19,15
VOLKSWAGEN_PASSAT_MK8,driver_098,route_001,20,15
VOLKSWAGEN_PASSAT_MK8,driver_098,route_001,21,15
VOLKSWAGEN_PASSAT_MK8,driver_098,route_001,22,15
VOLKSWAGEN_PASSAT_MK8,driver_098,route_001,23,15
VOLKSWAGEN_PASSAT_MK8,driver_098,route_001,24,15
VOLKSWAGEN_PASSAT_MK8,driver_098,route_001,25,15
VOLKSWAGEN_PASSAT_MK8,driver_098,route_001,26,15
VOLKSWAGEN_PASSAT_MK8,driver_098,route_001,27,15
VOLKSWAGEN_PASSAT_MK8,driver_098,route_001,28,15
VOLKSWAGEN_PASSAT_MK8,driver_098,route_001,29,15
VOLKSWAGEN_PASSAT_MK8,driver_098,route_001,30,15
VOLKSWAGEN_PASSAT_MK8,driver_098,route_001,31,15
VOLKSWAGEN_PASSAT_MK8,driver_098,route_001,32,15
VOLKSWAGEN_PASSAT_MK8,driver_098,route_001,33,15
VOLKSWAGEN_PASSAT_MK8,driver_098,route_001,34,15
VOLKSWAGEN_PASSAT_MK8,driver_098,route_001,35,15
VOLKSWAGEN_PASSAT_MK8,driver_098,route_001,36,15
VOLKSWAGEN_PASSAT_MK8,driver_098,route_001,37,15
VOLKSWAGEN_PASSAT_MK8,driver_098,route_001,38,15
VOLKSWAGEN_PASSAT_MK8,driver_098,route_001,39,15
VOLKSWAGEN_PASSAT_MK8,driver_098,route_001,40,15
VOLKSWAGEN_PASSAT_MK8,driver_098,route_001,41,15
VOLKSWAGEN_PASSAT_MK8,driver_098,route_001,42,15
VOLKSWAGEN_PASSAT_MK8,driver_098,route_001,43,15
VOLKSWAGEN_PASSAT_MK8,driver_098,route_001,44,15
VOLKSWAGEN_PASSAT_MK8,driver_098,route_001,45,15
VOLKSWAGEN_PASSAT_MK8,driver_098,route_001,46,15
VOLKSWAGEN_PASSAT_MK8,driver_098,route_001,47,15
VOLKSWAGEN_PASSAT_MK8,driver_098,route_001,48,15
VOLKSWAGEN_PASSAT_MK8,driver_098,route_001,49,15
VOLKSWAGEN_PASSAT_MK8,driver_098,route_001,50,15
VOLKSWAGEN_PASSAT_MK8,driver_098,route_001,51,15
VOLKSWAGEN_PASSAT_MK8,driver_098,route_001,52,15
VOLKSWAGEN_PASSAT_MK8,driver_098,route_001,53,15
VOLKSWAGEN_PASSAT_MK8,driver_098,route_001,54,15
VOLKSWAGEN_PASSAT_MK8,driver_098,route_001,55,15
VOLKSWAGEN_PASSAT_MK8,driver_098,route_001,56,15
VOLKSWAGEN_PASSAT_MK8,driver_098,route_001,57,15
VOLKSWAGEN_PASSAT_MK8,driver_098,route_001,58,15
VOLKSWAGEN_PASSAT_MK8,driver_098,route_001,59,15
VOLKSWAGEN_PASSAT_MK8,driver_098,route_001,60,15
VOLKSWAGEN_PASSAT_MK8,driver_098,route_001,61,15
VOLKSWAGEN_PASSAT_MK8,driver_098,route_001,62,15
VOLKSWAGEN_PASSAT_MK8,driver_098,route_001,63,15
VOLKSWAGEN_PASSAT_MK8,driver_098,route_001,64,15
VOLKSWAGEN_PASSAT_MK8,driver_098,route_001,65,15
VOLKSWAGEN_PASSAT_MK8,driver_098,route_001,66,15
VOLKSWAGEN_PASSAT_MK8,driver_098,route_001,67,15
VOLKSWAGEN_PASSAT_MK8,driver_098,route_001,68,15
VOLKSWAGEN_PASSAT_MK8,driver_098,route_001,69,15
VOLKSWAGEN_PASSAT_MK8,driver_098,route_001,70,15
VOLKSWAGEN_PASSAT_MK8,driver_098,route_001,71,15
VOLKSWAGEN_PASSAT_MK8,driver_098,route_001,72,15
VOLKSWAGEN_PASSAT_MK8,driver_098,route_001,73,15
VOLKSWAGEN_PASSAT_MK8,driver_098,route_001,74,15
VOLKSWAGEN_PASSAT_MK8,driver_098,route_001,75,15
VOLKSWAGEN_PASSAT_MK8,driver_098,route_001,76,15
VOLKSWAGEN_PASSAT_MK8,driver_098,route_001,77,15
VOLKSWAGEN_PASSAT_MK8,driver_098,route_001,78,15
VOLKSWAGEN_PASSAT_MK8,driver_098,route_001,79,15
VOLKSWAGEN_PASSAT_MK8,driver_098,route_001,80,15
VOLKSWAGEN_PASSAT_MK8,driver_098,route_001,81,15
VOLKSWAGEN_PASSAT_MK8,driver_098,route_001,82,15
VOLKSWAGEN_PASSAT_MK8,driver_098,route_001,83,15
VOLKSWAGEN_PASSAT_MK8,driver_098,route_001,84,15
VOLKSWAGEN_PASSAT_MK8,driver_098,route_001,85,15
VOLKSWAGEN_PASSAT_MK8,driver_098,route_001,86,15
VOLKSWAGEN_PASSAT_MK8,driver_098,route_001,87,15
VOLKSWAGEN_PASSAT_MK8,driver_098,route_001,88,15
VOLKSWAGEN_PASSAT_MK8,driver_098,route_001,89,15
VOLKSWAGEN_PASSAT_MK8,driver_098,route_001,90,15
VOLKSWAGEN_PASSAT_MK8,driver_098,route_001,91,15
VOLKSWAGEN_PASSAT_MK8,driver_098,route_001,92,15
VOLKSWAGEN_PASSAT_MK8,driver_098,route_001,93,15
VOLKSWAGEN_PASSAT_MK8,driver_098,route_001,94,15
VOLKSWAGEN_PASSAT_MK8,driver_098,route_001,95,15
VOLKSWAGEN_PASSAT_MK8,driver_098,route_001,96,15
VOLKSWAGEN_PASSAT_MK8,driver_098,route_001,97,15
VOLKSWAGEN_PASSAT_MK8,driver_098,route_001,98,15
VOLKSWAGEN_PASSAT_MK8,driver_098,route_001,99,15
VOLKSWAGEN_PASSAT_MK8,driver_098,route_001,100,15
VOLKSWAGEN_PASSAT_MK8,driver_098,route_001,101,15
VOLKSWAGEN_PASSAT_MK8,driver_098,route_001,102,15
VOLKSWAGEN_PASSAT_MK8,driver_098,route_001,103,15
VOLKSWAGEN_PASSAT_MK8,driver_098,route_001,104,15
VOLKSWAGEN_PASSAT_MK8,driver_098,route_001,105,15
VOLKSWAGEN_PASSAT_MK8,driver_098,route_001,106,15
VOLKSWAGEN_PASSAT_MK8,driver_098,route_001,107,10
VOLKSWAGEN_PASSAT_MK8,driver_098,route_001,108,10
VOLKSWAGEN_PASSAT_MK8,driver_098,route_001,109,10
VOLKSWAGEN_PASSAT_MK8,driver_098,route_001,110,10
VOLKSWAGEN_PASSAT_MK8,driver_098,route_001,111,10
VOLKSWAGEN_PASSAT_MK8,driver_098,route_001,112,10
VOLKSWAGEN_PASSAT_MK8,driver_098,route_001,113,10
VOLKSWAGEN_PASSAT_MK8,driver_098,route_001,114,10
VOLKSWAGEN_PASSAT_MK8,driver_098,route_001,115,10
VOLKSWAGEN_PASSAT_MK8,driver_098,route_001,116,10
VOLKSWAGEN_PASSAT_MK8,driver_207,route_001,0,15
VOLKSWAGEN_PASSAT_MK8,driver_207,route_001,1,15
VOLKSWAGEN_PASSAT_NMS,driver_026,route_001,0,15
VOLKSWAGEN_PASSAT_NMS,driver_026,route_001,1,15
VOLKSWAGEN_PASSAT_NMS,driver_026,route_001,2,15
VOLKSWAGEN_PASSAT_NMS,driver_026,route_001,3,15
VOLKSWAGEN_PASSAT_NMS,driver_026,route_001,4,15
VOLKSWAGEN_PASSAT_NMS,driver_026,route_001,5,15
VOLKSWAGEN_PASSAT_NMS,driver_026,route_001,6,15
VOLKSWAGEN_PASSAT_NMS,driver_026,route_001,7,15
VOLKSWAGEN_PASSAT_NMS,driver_026,route_001,8,15
VOLKSWAGEN_PASSAT_NMS,driver_026,route_001,9,15
VOLKSWAGEN_PASSAT_NMS,driver_026,route_001,10,15
VOLKSWAGEN_PASSAT_NMS,driver_026,route_001,11,15
VOLKSWAGEN_PASSAT_NMS,driver_026,route_002,0,15
VOLKSWAGEN_PASSAT_NMS,driver_026,route_002,1,15
VOLKSWAGEN_PASSAT_NMS,driver_026,route_002,2,15
VOLKSWAGEN_PASSAT_NMS,driver_026,route_002,3,15
VOLKSWAGEN_PASSAT_NMS,driver_026,route_002,4,15
VOLKSWAGEN_PASSAT_NMS,driver_026,route_002,5,15
VOLKSWAGEN_PASSAT_NMS,driver_026,route_002,6,15
VOLKSWAGEN_PASSAT_NMS,driver_026,route_002,7,15
VOLKSWAGEN_PASSAT_NMS,driver_026,route_002,8,15
VOLKSWAGEN_PASSAT_NMS,driver_026,route_002,9,15
VOLKSWAGEN_PASSAT_NMS,driver_026,route_002,10,15
VOLKSWAGEN_PASSAT_NMS,driver_026,route_002,11,15
VOLKSWAGEN_PASSAT_NMS,driver_026,route_003,0,15
VOLKSWAGEN_PASSAT_NMS,driver_026,route_003,1,15
VOLKSWAGEN_PASSAT_NMS,driver_026,route_004,0,15
VOLKSWAGEN_PASSAT_NMS,driver_026,route_004,1,15
VOLKSWAGEN_PASSAT_NMS,driver_026,route_005,0,10
VOLKSWAGEN_PASSAT_NMS,driver_026,route_005,1,10
VOLKSWAGEN_PASSAT_NMS,driver_026,route_005,2,10
VOLKSWAGEN_PASSAT_NMS,driver_026,route_005,3,10
VOLKSWAGEN_PASSAT_NMS,driver_026,route_005,4,10
VOLKSWAGEN_PASSAT_NMS,driver_026,route_006,0,15
VOLKSWAGEN_PASSAT_NMS,driver_026,route_006,1,15
VOLKSWAGEN_PASSAT_NMS,driver_026,route_006,2,15
VOLKSWAGEN_PASSAT_NMS,driver_026,route_006,3,15
VOLKSWAGEN_PASSAT_NMS,driver_026,route_006,4,15
VOLKSWAGEN_PASSAT_NMS,driver_026,route_006,5,15
VOLKSWAGEN_PASSAT_NMS,driver_026,route_006,6,15
VOLKSWAGEN_PASSAT_NMS,driver_026,route_006,7,15
VOLKSWAGEN_PASSAT_NMS,driver_026,route_006,8,15
VOLKSWAGEN_PASSAT_NMS,driver_026,route_006,9,10
VOLKSWAGEN_PASSAT_NMS,driver_026,route_006,10,10
VOLKSWAGEN_PASSAT_NMS,driver_026,route_007,0,10
VOLKSWAGEN_PASSAT_NMS,driver_026,route_007,1,10
VOLKSWAGEN_PASSAT_NMS,driver_026,route_007,2,10
VOLKSWAGEN_PASSAT_NMS,driver_026,route_007,3,10
VOLKSWAGEN_PASSAT_NMS,driver_026,route_007,4,10
VOLKSWAGEN_PASSAT_NMS,driver_026,route_007,5,10
VOLKSWAGEN_PASSAT_NMS,driver_026,route_007,6,10
VOLKSWAGEN_PASSAT_NMS,driver_026,route_007,7,10
VOLKSWAGEN_PASSAT_NMS,driver_026,route_007,8,10
VOLKSWAGEN_PASSAT_NMS,driver_026,route_007,9,10
VOLKSWAGEN_PASSAT_NMS,driver_026,route_007,10,10
VOLKSWAGEN_PASSAT_NMS,driver_026,route_007,11,10
VOLKSWAGEN_PASSAT_NMS,driver_026,route_007,12,10
VOLKSWAGEN_PASSAT_NMS,driver_026,route_007,13,10
VOLKSWAGEN_PASSAT_NMS,driver_026,route_007,14,10
VOLKSWAGEN_PASSAT_NMS,driver_026,route_007,15,10
VOLKSWAGEN_PASSAT_NMS,driver_026,route_007,16,10
VOLKSWAGEN_PASSAT_NMS,driver_026,route_007,17,10
VOLKSWAGEN_PASSAT_NMS,driver_026,route_007,18,10
VOLKSWAGEN_PASSAT_NMS,driver_026,route_007,19,10
VOLKSWAGEN_PASSAT_NMS,driver_026,route_007,20,10
VOLKSWAGEN_PASSAT_NMS,driver_026,route_007,21,10
VOLKSWAGEN_PASSAT_NMS,driver_026,route_007,22,10
VOLKSWAGEN_PASSAT_NMS,driver_026,route_007,23,10
VOLKSWAGEN_PASSAT_NMS,driver_026,route_008,0,15
VOLKSWAGEN_PASSAT_NMS,driver_026,route_008,1,15
VOLKSWAGEN_PASSAT_NMS,driver_026,route_008,2,15
VOLKSWAGEN_PASSAT_NMS,driver_026,route_008,3,15
VOLKSWAGEN_PASSAT_NMS,driver_026,route_008,4,15
VOLKSWAGEN_PASSAT_NMS,driver_026,route_008,5,15
VOLKSWAGEN_PASSAT_NMS,driver_026,route_008,6,15
VOLKSWAGEN_PASSAT_NMS,driver_026,route_008,7,15
VOLKSWAGEN_PASSAT_NMS,driver_026,route_008,8,15
VOLKSWAGEN_PASSAT_NMS,driver_026,route_008,9,15
VOLKSWAGEN_PASSAT_NMS,driver_026,route_008,10,15
VOLKSWAGEN_PASSAT_NMS,driver_026,route_008,11,15
VOLKSWAGEN_PASSAT_NMS,driver_026,route_008,12,15
VOLKSWAGEN_PASSAT_NMS,driver_026,route_008,13,15
VOLKSWAGEN_PASSAT_NMS,driver_026,route_008,14,10
VOLKSWAGEN_PASSAT_NMS,driver_026,route_008,15,10
VOLKSWAGEN_PASSAT_NMS,driver_026,route_009,0,15
VOLKSWAGEN_PASSAT_NMS,driver_026,route_009,1,15
VOLKSWAGEN_PASSAT_NMS,driver_026,route_009,2,15
VOLKSWAGEN_PASSAT_NMS,driver_026,route_010,0,15
VOLKSWAGEN_PASSAT_NMS,driver_026,route_011,0,15
VOLKSWAGEN_PASSAT_NMS,driver_026,route_012,0,15
VOLKSWAGEN_PASSAT_NMS,driver_026,route_012,1,15
VOLKSWAGEN_PASSAT_NMS,driver_026,route_012,2,15
VOLKSWAGEN_PASSAT_NMS,driver_026,route_012,3,15
VOLKSWAGEN_PASSAT_NMS,driver_026,route_012,4,15
VOLKSWAGEN_PASSAT_NMS,driver_026,route_012,5,15
VOLKSWAGEN_PASSAT_NMS,driver_026,route_012,6,15
VOLKSWAGEN_PASSAT_NMS,driver_026,route_012,7,15
VOLKSWAGEN_PASSAT_NMS,driver_026,route_012,8,15
VOLKSWAGEN_PASSAT_NMS,driver_026,route_012,9,10
VOLKSWAGEN_PASSAT_NMS,driver_026,route_012,10,10
VOLKSWAGEN_PASSAT_NMS,driver_026,route_013,0,15
VOLKSWAGEN_PASSAT_NMS,driver_026,route_013,1,15
VOLKSWAGEN_PASSAT_NMS,driver_026,route_013,2,15
VOLKSWAGEN_PASSAT_NMS,driver_026,route_013,3,15
VOLKSWAGEN_PASSAT_NMS,driver_026,route_013,4,15
VOLKSWAGEN_PASSAT_NMS,driver_026,route_013,5,15
VOLKSWAGEN_PASSAT_NMS,driver_026,route_013,6,15
VOLKSWAGEN_PASSAT_NMS,driver_026,route_013,7,15
VOLKSWAGEN_PASSAT_NMS,driver_026,route_013,8,15
VOLKSWAGEN_PASSAT_NMS,driver_026,route_013,9,10
VOLKSWAGEN_PASSAT_NMS,driver_026,route_013,10,10
VOLKSWAGEN_PASSAT_NMS,driver_026,route_014,0,15
VOLKSWAGEN_PASSAT_NMS,driver_026,route_014,1,15
VOLKSWAGEN_PASSAT_NMS,driver_026,route_015,0,15
VOLKSWAGEN_PASSAT_NMS,driver_026,route_015,1,15
VOLKSWAGEN_PASSAT_NMS,driver_026,route_015,2,15
VOLKSWAGEN_PASSAT_NMS,driver_026,route_015,3,15
VOLKSWAGEN_PASSAT_NMS,driver_026,route_015,4,15
VOLKSWAGEN_PASSAT_NMS,driver_026,route_015,5,15
VOLKSWAGEN_PASSAT_NMS,driver_026,route_015,6,15
VOLKSWAGEN_PASSAT_NMS,driver_026,route_015,7,15
VOLKSWAGEN_PASSAT_NMS,driver_026,route_015,8,15
VOLKSWAGEN_PASSAT_NMS,driver_026,route_015,9,15
VOLKSWAGEN_PASSAT_NMS,driver_026,route_015,10,15
VOLKSWAGEN_PASSAT_NMS,driver_026,route_015,11,15
VOLKSWAGEN_PASSAT_NMS,driver_026,route_015,12,15
VOLKSWAGEN_PASSAT_NMS,driver_026,route_015,13,15
VOLKSWAGEN_PASSAT_NMS,driver_026,route_015,14,15
VOLKSWAGEN_PASSAT_NMS,driver_026,route_015,15,15
VOLKSWAGEN_PASSAT_NMS,driver_026,route_015,16,15
VOLKSWAGEN_PASSAT_NMS,driver_026,route_015,17,15
VOLKSWAGEN_SHARAN_MK2,driver_008,route_001,0,15
VOLKSWAGEN_SHARAN_MK2,driver_008,route_001,1,15
VOLKSWAGEN_SHARAN_MK2,driver_008,route_001,2,15
VOLKSWAGEN_SHARAN_MK2,driver_008,route_001,3,15
VOLKSWAGEN_SHARAN_MK2,driver_008,route_001,4,15
VOLKSWAGEN_SHARAN_MK2,driver_008,route_002,0,15
VOLKSWAGEN_SHARAN_MK2,driver_008,route_002,1,15
VOLKSWAGEN_SHARAN_MK2,driver_008,route_002,2,15
VOLKSWAGEN_SHARAN_MK2,driver_008,route_002,3,15
VOLKSWAGEN_SHARAN_MK2,driver_008,route_002,4,15
VOLKSWAGEN_SHARAN_MK2,driver_008,route_002,5,15
VOLKSWAGEN_SHARAN_MK2,driver_008,route_002,6,15
VOLKSWAGEN_SHARAN_MK2,driver_008,route_002,7,15
VOLKSWAGEN_SHARAN_MK2,driver_008,route_002,8,15
VOLKSWAGEN_SHARAN_MK2,driver_008,route_002,9,15
VOLKSWAGEN_SHARAN_MK2,driver_008,route_002,10,15
VOLKSWAGEN_SHARAN_MK2,driver_008,route_002,11,15
VOLKSWAGEN_SHARAN_MK2,driver_008,route_002,12,15
VOLKSWAGEN_SHARAN_MK2,driver_008,route_002,13,15
VOLKSWAGEN_SHARAN_MK2,driver_008,route_002,14,10
VOLKSWAGEN_SHARAN_MK2,driver_008,route_002,15,10
VOLKSWAGEN_SHARAN_MK2,driver_008,route_002,16,10
VOLKSWAGEN_SHARAN_MK2,driver_008,route_003,0,15
VOLKSWAGEN_SHARAN_MK2,driver_008,route_003,1,15
VOLKSWAGEN_SHARAN_MK2,driver_008,route_004,0,15
VOLKSWAGEN_SHARAN_MK2,driver_008,route_004,1,15
VOLKSWAGEN_SHARAN_MK2,driver_008,route_004,2,15
VOLKSWAGEN_SHARAN_MK2,driver_008,route_004,3,15
VOLKSWAGEN_SHARAN_MK2,driver_008,route_004,4,15
VOLKSWAGEN_SHARAN_MK2,driver_008,route_004,5,15
VOLKSWAGEN_SHARAN_MK2,driver_008,route_004,6,15
VOLKSWAGEN_SHARAN_MK2,driver_008,route_004,7,15
VOLKSWAGEN_SHARAN_MK2,driver_008,route_004,8,15
VOLKSWAGEN_SHARAN_MK2,driver_008,route_004,9,15
VOLKSWAGEN_SHARAN_MK2,driver_008,route_005,0,15
VOLKSWAGEN_SHARAN_MK2,driver_008,route_005,1,15
VOLKSWAGEN_SHARAN_MK2,driver_008,route_005,2,15
VOLKSWAGEN_SHARAN_MK2,driver_008,route_005,3,15
VOLKSWAGEN_SHARAN_MK2,driver_008,route_005,4,15
VOLKSWAGEN_SHARAN_MK2,driver_008,route_005,5,15
VOLKSWAGEN_SHARAN_MK2,driver_008,route_005,6,15
VOLKSWAGEN_SHARAN_MK2,driver_008,route_005,7,15
VOLKSWAGEN_SHARAN_MK2,driver_008,route_005,8,15
VOLKSWAGEN_SHARAN_MK2,driver_008,route_005,9,15
VOLKSWAGEN_SHARAN_MK2,driver_008,route_005,10,15
VOLKSWAGEN_SHARAN_MK2,driver_008,route_006,0,15
VOLKSWAGEN_SHARAN_MK2,driver_008,route_006,1,15
VOLKSWAGEN_SHARAN_MK2,driver_008,route_006,2,15
VOLKSWAGEN_SHARAN_MK2,driver_008,route_006,3,15
VOLKSWAGEN_SHARAN_MK2,driver_008,route_006,4,15
VOLKSWAGEN_SHARAN_MK2,driver_008,route_006,5,15
VOLKSWAGEN_SHARAN_MK2,driver_008,route_006,6,15
VOLKSWAGEN_SHARAN_MK2,driver_008,route_006,7,15
VOLKSWAGEN_SHARAN_MK2,driver_008,route_006,8,15
VOLKSWAGEN_SHARAN_MK2,driver_008,route_006,9,15
VOLKSWAGEN_SHARAN_MK2,driver_008,route_006,10,10
VOLKSWAGEN_SHARAN_MK2,driver_008,route_006,11,10
VOLKSWAGEN_SHARAN_MK2,driver_152,route_001,0,15
VOLKSWAGEN_SHARAN_MK2,driver_152,route_001,1,15
VOLKSWAGEN_SHARAN_MK2,driver_152,route_001,2,15
VOLKSWAGEN_SHARAN_MK2,driver_152,route_001,3,15
VOLKSWAGEN_SHARAN_MK2,driver_152,route_001,4,15
VOLKSWAGEN_SHARAN_MK2,driver_152,route_001,5,15
VOLKSWAGEN_SHARAN_MK2,driver_152,route_001,6,15
VOLKSWAGEN_SHARAN_MK2,driver_152,route_001,7,10
VOLKSWAGEN_SHARAN_MK2,driver_152,route_002,0,15
VOLKSWAGEN_SHARAN_MK2,driver_152,route_002,1,15
VOLKSWAGEN_SHARAN_MK2,driver_152,route_002,2,15
VOLKSWAGEN_SHARAN_MK2,driver_152,route_002,3,15
VOLKSWAGEN_SHARAN_MK2,driver_152,route_002,4,15
VOLKSWAGEN_SHARAN_MK2,driver_152,route_002,5,15
VOLKSWAGEN_SHARAN_MK2,driver_152,route_002,6,15
VOLKSWAGEN_SHARAN_MK2,driver_152,route_002,7,15
VOLKSWAGEN_SHARAN_MK2,driver_152,route_002,8,15
VOLKSWAGEN_SHARAN_MK2,driver_152,route_002,9,15
VOLKSWAGEN_SHARAN_MK2,driver_152,route_002,10,15
VOLKSWAGEN_SHARAN_MK2,driver_152,route_002,11,15
VOLKSWAGEN_SHARAN_MK2,driver_152,route_002,12,15
VOLKSWAGEN_SHARAN_MK2,driver_289,route_001,0,10
VOLKSWAGEN_SHARAN_MK2,driver_289,route_001,1,10
VOLKSWAGEN_SHARAN_MK2,driver_289,route_001,2,10
VOLKSWAGEN_SHARAN_MK2,driver_289,route_001,3,10
VOLKSWAGEN_SHARAN_MK2,driver_289,route_002,0,15
VOLKSWAGEN_SHARAN_MK2,driver_289,route_002,1,15
VOLKSWAGEN_SHARAN_MK2,driver_289,route_002,2,15
VOLKSWAGEN_SHARAN_MK2,driver_289,route_002,3,15
VOLKSWAGEN_SHARAN_MK2,driver_289,route_002,4,15
VOLKSWAGEN_SHARAN_MK2,driver_289,route_002,5,15
VOLKSWAGEN_SHARAN_MK2,driver_289,route_002,6,15
VOLKSWAGEN_SHARAN_MK2,driver_289,route_002,7,15
VOLKSWAGEN_SHARAN_MK2,driver_289,route_002,8,15
VOLKSWAGEN_SHARAN_MK2,driver_289,route_002,9,10
VOLKSWAGEN_SHARAN_MK2,driver_289,route_003,0,15
VOLKSWAGEN_SHARAN_MK2,driver_289,route_003,1,15
VOLKSWAGEN_SHARAN_MK2,driver_289,route_003,2,15
VOLKSWAGEN_SHARAN_MK2,driver_289,route_003,3,15
VOLKSWAGEN_SHARAN_MK2,driver_289,route_003,4,15
VOLKSWAGEN_SHARAN_MK2,driver_289,route_003,5,15
VOLKSWAGEN_SHARAN_MK2,driver_289,route_004,0,15
VOLKSWAGEN_SHARAN_MK2,driver_289,route_004,1,15
VOLKSWAGEN_SHARAN_MK2,driver_289,route_004,2,15
VOLKSWAGEN_SHARAN_MK2,driver_289,route_005,0,15
VOLKSWAGEN_SHARAN_MK2,driver_289,route_005,1,15
VOLKSWAGEN_SHARAN_MK2,driver_289,route_006,0,15
VOLKSWAGEN_SHARAN_MK2,driver_289,route_006,1,15
VOLKSWAGEN_SHARAN_MK2,driver_289,route_007,0,15
VOLKSWAGEN_SHARAN_MK2,driver_289,route_007,1,15
VOLKSWAGEN_SHARAN_MK2,driver_289,route_007,2,15
VOLKSWAGEN_SHARAN_MK2,driver_289,route_007,3,15
VOLKSWAGEN_SHARAN_MK2,driver_289,route_007,4,15
VOLKSWAGEN_SHARAN_MK2,driver_289,route_007,5,15
VOLKSWAGEN_SHARAN_MK2,driver_289,route_008,0,15
VOLKSWAGEN_SHARAN_MK2,driver_289,route_008,1,15
VOLKSWAGEN_SHARAN_MK2,driver_289,route_008,2,15
VOLKSWAGEN_SHARAN_MK2,driver_289,route_008,3,15
VOLKSWAGEN_SHARAN_MK2,driver_289,route_008,4,15
VOLKSWAGEN_SHARAN_MK2,driver_289,route_008,5,15
VOLKSWAGEN_SHARAN_MK2,driver_289,route_009,0,15
VOLKSWAGEN_SHARAN_MK2,driver_289,route_009,1,15
VOLKSWAGEN_SHARAN_MK2,driver_289,route_009,2,15
VOLKSWAGEN_SHARAN_MK2,driver_289,route_009,3,15
VOLKSWAGEN_SHARAN_MK2,driver_289,route_009,4,15
VOLKSWAGEN_SHARAN_MK2,driver_289,route_009,5,15
VOLKSWAGEN_SHARAN_MK2,driver_289,route_009,6,15
VOLKSWAGEN_SHARAN_MK2,driver_289,route_009,7,15
VOLKSWAGEN_SHARAN_MK2,driver_289,route_009,8,15
VOLKSWAGEN_SHARAN_MK2,driver_289,route_009,9,15
VOLKSWAGEN_SHARAN_MK2,driver_289,route_009,10,15
VOLKSWAGEN_SHARAN_MK2,driver_289,route_009,11,15
VOLKSWAGEN_SHARAN_MK2,driver_289,route_009,12,15
VOLKSWAGEN_SHARAN_MK2,driver_289,route_009,13,15
VOLKSWAGEN_SHARAN_MK2,driver_289,route_010,0,15
VOLKSWAGEN_SHARAN_MK2,driver_289,route_010,1,15
VOLKSWAGEN_SHARAN_MK2,driver_289,route_010,2,15
VOLKSWAGEN_SHARAN_MK2,driver_289,route_011,0,15
VOLKSWAGEN_SHARAN_MK2,driver_289,route_011,1,15
VOLKSWAGEN_SHARAN_MK2,driver_289,route_011,2,15
VOLKSWAGEN_SHARAN_MK2,driver_289,route_011,3,15
VOLKSWAGEN_SHARAN_MK2,driver_289,route_011,4,15
VOLKSWAGEN_SHARAN_MK2,driver_289,route_011,5,15
VOLKSWAGEN_TAOS_MK1,driver_155,route_001,0,15
VOLKSWAGEN_TAOS_MK1,driver_155,route_001,1,15
VOLKSWAGEN_TAOS_MK1,driver_155,route_001,2,15
VOLKSWAGEN_TAOS_MK1,driver_155,route_002,0,15
VOLKSWAGEN_TAOS_MK1,driver_155,route_002,1,15
VOLKSWAGEN_TAOS_MK1,driver_155,route_002,2,15
VOLKSWAGEN_TAOS_MK1,driver_155,route_002,3,15
VOLKSWAGEN_TAOS_MK1,driver_155,route_002,4,15
VOLKSWAGEN_TAOS_MK1,driver_155,route_002,5,15
VOLKSWAGEN_TAOS_MK1,driver_155,route_002,6,15
VOLKSWAGEN_TAOS_MK1,driver_155,route_002,7,15
VOLKSWAGEN_TAOS_MK1,driver_155,route_002,8,15
VOLKSWAGEN_TAOS_MK1,driver_155,route_002,9,15
VOLKSWAGEN_TAOS_MK1,driver_155,route_002,10,15
VOLKSWAGEN_TAOS_MK1,driver_155,route_002,11,15
VOLKSWAGEN_TAOS_MK1,driver_155,route_002,12,15
VOLKSWAGEN_TAOS_MK1,driver_155,route_002,13,15
VOLKSWAGEN_TAOS_MK1,driver_155,route_002,14,10
VOLKSWAGEN_TAOS_MK1,driver_155,route_002,15,10
VOLKSWAGEN_TAOS_MK1,driver_155,route_002,16,10
VOLKSWAGEN_TAOS_MK1,driver_155,route_003,0,15
VOLKSWAGEN_TAOS_MK1,driver_155,route_003,1,10
VOLKSWAGEN_TAOS_MK1,driver_155,route_003,2,10
VOLKSWAGEN_TIGUAN_MK2,driver_045,route_001,0,15
VOLKSWAGEN_TIGUAN_MK2,driver_045,route_001,1,15
VOLKSWAGEN_TIGUAN_MK2,driver_045,route_002,0,15
VOLKSWAGEN_TIGUAN_MK2,driver_045,route_002,1,15
VOLKSWAGEN_TIGUAN_MK2,driver_045,route_002,2,15
VOLKSWAGEN_TIGUAN_MK2,driver_045,route_002,3,15
VOLKSWAGEN_TIGUAN_MK2,driver_045,route_002,4,15
VOLKSWAGEN_TIGUAN_MK2,driver_045,route_002,5,15
VOLKSWAGEN_TIGUAN_MK2,driver_045,route_002,6,15
VOLKSWAGEN_TIGUAN_MK2,driver_045,route_002,7,15
VOLKSWAGEN_TIGUAN_MK2,driver_045,route_002,8,15
VOLKSWAGEN_TIGUAN_MK2,driver_045,route_002,9,15
VOLKSWAGEN_TIGUAN_MK2,driver_045,route_002,10,15
VOLKSWAGEN_TIGUAN_MK2,driver_045,route_002,11,15
VOLKSWAGEN_TIGUAN_MK2,driver_045,route_002,12,15
VOLKSWAGEN_TIGUAN_MK2,driver_045,route_002,13,15
VOLKSWAGEN_TIGUAN_MK2,driver_191,route_001,0,15
VOLKSWAGEN_TIGUAN_MK2,driver_191,route_001,1,15
VOLKSWAGEN_TIGUAN_MK2,driver_191,route_001,2,15
VOLKSWAGEN_TIGUAN_MK2,driver_191,route_001,3,15
VOLKSWAGEN_TIGUAN_MK2,driver_191,route_001,4,15
VOLKSWAGEN_TIGUAN_MK2,driver_191,route_002,0,15
VOLKSWAGEN_TIGUAN_MK2,driver_191,route_003,0,15
VOLKSWAGEN_TIGUAN_MK2,driver_191,route_003,1,15
VOLKSWAGEN_TIGUAN_MK2,driver_251,route_047,0,15
VOLKSWAGEN_TIGUAN_MK2,driver_251,route_047,1,15
VOLKSWAGEN_TIGUAN_MK2,driver_251,route_047,2,15
VOLKSWAGEN_TIGUAN_MK2,driver_251,route_056,0,15
VOLKSWAGEN_TIGUAN_MK2,driver_251,route_056,1,15
VOLKSWAGEN_TIGUAN_MK2,driver_251,route_056,2,15
VOLKSWAGEN_TIGUAN_MK2,driver_251,route_056,3,15
VOLKSWAGEN_TIGUAN_MK2,driver_251,route_063,0,15
VOLKSWAGEN_TIGUAN_MK2,driver_251,route_064,0,15
VOLKSWAGEN_TIGUAN_MK2,driver_251,route_064,1,15
VOLKSWAGEN_TIGUAN_MK2,driver_251,route_064,2,15
VOLKSWAGEN_TIGUAN_MK2,driver_251,route_064,3,15
VOLKSWAGEN_TIGUAN_MK2,driver_251,route_064,4,15
VOLKSWAGEN_TIGUAN_MK2,driver_251,route_064,5,15
VOLKSWAGEN_TIGUAN_MK2,driver_251,route_064,6,15
VOLKSWAGEN_TIGUAN_MK2,driver_251,route_064,7,15
VOLKSWAGEN_TIGUAN_MK2,driver_251,route_064,8,15
VOLKSWAGEN_TIGUAN_MK2,driver_251,route_064,9,15
VOLKSWAGEN_TIGUAN_MK2,driver_251,route_065,0,15
VOLKSWAGEN_TIGUAN_MK2,driver_251,route_066,0,15
VOLKSWAGEN_TIGUAN_MK2,driver_251,route_066,1,15
VOLKSWAGEN_TIGUAN_MK2,driver_251,route_066,2,15
VOLKSWAGEN_TIGUAN_MK2,driver_251,route_066,3,15
VOLKSWAGEN_TIGUAN_MK2,driver_251,route_066,4,15
VOLKSWAGEN_TIGUAN_MK2,driver_251,route_067,0,15
VOLKSWAGEN_TIGUAN_MK2,driver_251,route_067,1,15
VOLKSWAGEN_TIGUAN_MK2,driver_251,route_067,2,15
VOLKSWAGEN_TIGUAN_MK2,driver_251,route_067,3,15
VOLKSWAGEN_TIGUAN_MK2,driver_251,route_068,0,15
VOLKSWAGEN_TIGUAN_MK2,driver_251,route_068,1,15
VOLKSWAGEN_TIGUAN_MK2,driver_251,route_068,2,15
VOLKSWAGEN_TIGUAN_MK2,driver_251,route_068,3,15
VOLKSWAGEN_TIGUAN_MK2,driver_251,route_069,0,15
VOLKSWAGEN_TIGUAN_MK2,driver_251,route_069,1,15
VOLKSWAGEN_TIGUAN_MK2,driver_251,route_069,2,15
VOLKSWAGEN_TIGUAN_MK2,driver_251,route_069,3,15
VOLKSWAGEN_TIGUAN_MK2,driver_251,route_069,4,15
VOLKSWAGEN_TIGUAN_MK2,driver_251,route_069,5,15
VOLKSWAGEN_TIGUAN_MK2,driver_251,route_069,6,15
VOLKSWAGEN_TIGUAN_MK2,driver_251,route_069,7,15
VOLKSWAGEN_TIGUAN_MK2,driver_251,route_069,8,15
VOLKSWAGEN_TIGUAN_MK2,driver_251,route_069,9,15
VOLKSWAGEN_TIGUAN_MK2,driver_251,route_069,10,15
VOLKSWAGEN_TIGUAN_MK2,driver_251,route_069,11,15
VOLKSWAGEN_TIGUAN_MK2,driver_251,route_069,12,15
VOLKSWAGEN_TIGUAN_MK2,driver_251,route_069,13,15
VOLKSWAGEN_TIGUAN_MK2,driver_251,route_069,14,15
VOLKSWAGEN_TIGUAN_MK2,driver_251,route_069,15,15
VOLKSWAGEN_TIGUAN_MK2,driver_251,route_069,16,10
VOLKSWAGEN_TIGUAN_MK2,driver_251,route_070,0,15
VOLKSWAGEN_TIGUAN_MK2,driver_251,route_070,1,15
VOLKSWAGEN_TIGUAN_MK2,driver_251,route_070,2,15
VOLKSWAGEN_TIGUAN_MK2,driver_251,route_070,3,15
VOLKSWAGEN_TIGUAN_MK2,driver_251,route_070,4,15
VOLKSWAGEN_TOURAN_2ND_GEN,driver_021,route_005,0,15
VOLKSWAGEN_TOURAN_2ND_GEN,driver_021,route_005,1,15
VOLKSWAGEN_TOURAN_2ND_GEN,driver_021,route_007,0,15
VOLKSWAGEN_TOURAN_2ND_GEN,driver_021,route_007,1,15
VOLKSWAGEN_TOURAN_2ND_GEN,driver_021,route_007,2,15
VOLKSWAGEN_TOURAN_2ND_GEN,driver_021,route_007,3,10
VOLKSWAGEN_TRANSPORTER_T61,driver_105,route_001,0,15
VOLKSWAGEN_TRANSPORTER_T61,driver_105,route_001,1,15
VOLKSWAGEN_TRANSPORTER_T61,driver_105,route_001,2,15
VOLKSWAGEN_TRANSPORTER_T61,driver_105,route_001,3,15
VOLKSWAGEN_TRANSPORTER_T61,driver_105,route_001,4,15
VOLKSWAGEN_TRANSPORTER_T61,driver_105,route_001,5,15
VOLKSWAGEN_TRANSPORTER_T61,driver_105,route_001,6,15
VOLKSWAGEN_TRANSPORTER_T61,driver_105,route_001,7,15
VOLKSWAGEN_UP_MK1,driver_176,route_001,0,15
VOLKSWAGEN_UP_MK1,driver_176,route_001,1,15
VOLKSWAGEN_UP_MK1,driver_176,route_001,2,15
VOLKSWAGEN_UP_MK1,driver_176,route_001,3,15
VOLKSWAGEN_UP_MK1,driver_176,route_001,4,15
VOLKSWAGEN_UP_MK1,driver_176,route_001,5,15
VOLKSWAGEN_UP_MK1,driver_176,route_001,6,15
VOLKSWAGEN_UP_MK1,driver_176,route_001,7,15
VOLKSWAGEN_UP_MK1,driver_176,route_001,8,15
VOLVO_V40_2017,driver_084,route_001,0,15
VOLVO_V40_2017,driver_084,route_001,1,15
VOLVO_V40_2017,driver_084,route_001,2,15
VOLVO_V40_2017,driver_084,route_001,3,15
VOLVO_V40_2017,driver_084,route_001,4,15
VOLVO_V40_2017,driver_084,route_001,5,15
VOLVO_V40_2017,driver_084,route_001,6,15
VOLVO_V40_2017,driver_084,route_001,7,15
VOLVO_V40_2017,driver_084,route_001,8,15
VOLVO_V40_2017,driver_084,route_001,9,10
VOLVO_V60,driver_034,route_001,0,15
VOLVO_V60,driver_034,route_001,1,15
VOLVO_V60,driver_034,route_002,0,15
VOLVO_V60,driver_034,route_003,0,15
VOLVO_V60,driver_034,route_003,1,15
VOLVO_V60,driver_034,route_003,2,15
VOLVO_V60,driver_034,route_003,3,15
VOLVO_V60,driver_034,route_003,4,15
VOLVO_V60,driver_034,route_003,5,15
VOLVO_V60,driver_034,route_003,6,15
VOLVO_V60,driver_034,route_003,7,15
VOLVO_V60,driver_034,route_003,8,15
VOLVO_V60,driver_034,route_003,9,15
VOLVO_V60,driver_034,route_003,10,15
VOLVO_V60,driver_034,route_003,11,15
VOLVO_V60,driver_034,route_003,12,15
VOLVO_V60,driver_034,route_003,13,15
VOLVO_V60,driver_034,route_003,14,15
VOLVO_V60,driver_034,route_003,15,15
VOLVO_V60,driver_034,route_003,16,15
VOLVO_V60,driver_034,route_003,17,15
VOLVO_V60,driver_034,route_003,18,15
VOLVO_V60,driver_034,route_003,19,15
VOLVO_V60,driver_034,route_003,20,15
VOLVO_V60,driver_034,route_003,21,15
VOLVO_V60,driver_034,route_003,22,15
VOLVO_V60,driver_034,route_003,23,15
VOLVO_V60,driver_034,route_003,24,15
VOLVO_V60,driver_034,route_003,25,15
VOLVO_V60,driver_034,route_003,26,15
VOLVO_V60,driver_034,route_003,27,15
VOLVO_V60,driver_034,route_003,28,15
VOLVO_V60,driver_034,route_003,29,15
VOLVO_V60,driver_034,route_003,30,15
VOLVO_V60,driver_034,route_003,31,15
VOLVO_V60,driver_034,route_003,32,15
VOLVO_V60,driver_034,route_003,33,15
VOLVO_V60,driver_034,route_003,34,15
VOLVO_V60,driver_034,route_003,35,15
VOLVO_V60,driver_034,route_003,36,15
VOLVO_V60,driver_034,route_003,37,15
VOLVO_V60,driver_034,route_003,38,15
VOLVO_V60,driver_034,route_003,39,15
VOLVO_V60,driver_034,route_003,40,15
VOLVO_V60,driver_034,route_003,41,15
VOLVO_V60,driver_034,route_003,42,15
VOLVO_V60,driver_034,route_003,43,15
VOLVO_V60,driver_034,route_003,44,10
VOLVO_V60,driver_034,route_004,0,15
VOLVO_V60,driver_034,route_004,1,15
VOLVO_V60,driver_034,route_004,2,15
VOLVO_V60,driver_034,route_004,3,15
VOLVO_V60,driver_034,route_004,4,15
VOLVO_V60,driver_034,route_004,5,15
VOLVO_V60,driver_034,route_004,6,15
VOLVO_V60,driver_034,route_005,0,15
VOLVO_V60,driver_034,route_005,1,15
